cell_id,row,col,latitude,longitude,population_density,building_density,road_density,road_intersection_density,distance_to_highway,builtup_percentage,vegetation_percentage,water_percentage,night_lights,school_count,hospital_count,police_count,bus_stop_count,elevation,slope,ndvi,ndbi,commercial_percentage
0,0,0,12.8116,77.4346,0.027653891678781278,0.05497628972382628,0.0681747461261352,0.17896356185205106,0.9022503622749157,0.12070430217126174,0.4896392200015904,0.016221433144580914,0.09121077741650695,0.12832104725305762,0.13016566630409854,0.0,0.17452187357546592,0.9024851518523697,0.8281512297089145,0.2794846719683637,0.8286366225290472,0.08930708049764322
1,0,1,12.8116,77.4446,0.07717554656291409,0.06132060598474777,0.15498306700284312,0.1658562869414023,0.5648116870525134,0.16718479117316334,0.23651422124257643,0.09585425500590421,0.08224515099988657,0.05321297880833537,0.17308822744761365,0.07605323049579259,0.03127851112412333,0.40299721181284043,0.06327500064835617,0.11858253666088248,0.7451938314365715,0.8003631206936479
2,0,2,12.8116,77.4546,0.0,0.15840859687159753,0.20042967985366725,0.10881724646742712,0.2665501139620196,0.9538517125371778,0.558686150156479,0.03375104280210279,0.07655647236331725,0.0512561920947822,0.08997070685320284,0.2029478343620039,0.012945997788560776,0.15295169400349629,0.8094202177172714,0.1369010614935884,0.6447629681978782,0.6791651719339492
3,0,3,12.8116,77.4646,0.04912193279109652,0.11401225710938248,0.10414437472717926,0.151829015065113,0.7286113986837869,0.4842268878837799,0.7224991870221082,0.5307639176348923,0.07708557649158325,0.023949454296828914,0.03854261088466998,0.09957581764064087,0.14459988812337524,0.34068795191488094,0.9725185802147687,0.7495879579659857,0.4710423832373684,0.8033683586314666
4,0,4,12.8116,77.4746,0.18170313582682787,0.21767424064493798,0.01152488899883737,0.1300604442374356,0.5435848156600115,0.29637076499884357,0.7778981275159185,0.7682276889610902,0.08358114781992866,0.013849447305341689,0.0446010123413144,0.19103834891129995,0.16832184849965298,0.2129186568510569,0.7504142897526259,0.06021522990908515,0.79050280967239,0.03250574713465166
5,0,5,12.8116,77.4846,0.09604185592225559,0.20980698126503053,0.22557544858491052,0.05271176846944002,0.09925513722173535,0.4562329177832842,0.8551420869319345,0.10491598610590282,0.09274164761705293,0.054148089114899774,0.1837785956137592,0.17755442287262974,0.035784630438835924,0.2008221002839692,0.5455719558876255,0.06018486486374415,0.5815957722200471,0.6152886715575492
6,0,6,12.8116,77.4946,0.1488939665180419,0.1472928402109428,0.0854738598381477,0.23326419098730627,0.3714048583174085,0.9765478643797162,0.6957998118962108,0.9824764727774821,0.09980098955592809,0.09679423460119485,0.06744845554287808,0.19464157932890716,0.08067932792242168,0.2784695320014445,0.18818697383150457,0.8114559473004902,0.22309295019535536,0.6876241537416948
7,0,7,12.8116,77.5046,0.18463015051506335,0.04764924661557283,0.036996958915393396,0.16079957462680708,0.07766473187645573,0.46045722489037016,0.9732010058381696,0.1509084001474569,0.10081330766724075,0.13128125554153172,0.05270219289714233,0.09686269251393871,0.21346907391147585,0.0023927544417356493,0.8146990327456761,0.46481127299455866,0.4025563446847554,0.6373100399103894
8,0,8,12.8116,77.5146,0.09848360625638002,0.147580921816244,0.17947853129602956,0.22478006072154955,0.711813858407931,0.7529231708513081,0.5345101067736527,0.33628937901967393,0.09453824079636547,0.0965442558255134,0.19583693077468747,0.1784970122491554,0.2375274360567252,0.48570897984750605,0.8038645597188367,0.3808592728894841,0.7149199957558585,0.5243107896233928
9,0,9,12.8116,77.5246,0.08481607537977676,0.12589227664278946,0.20501147875872544,0.1645200040608392,0.0432851660428296,0.09816429600445319,0.10336337168604548,0.2629993575807099,0.0830280706288437,0.10340091268589774,0.18000474564243907,0.18484832847872312,0.26318581820511644,0.4979038574186722,0.5237882008433908,0.33659896436482617,0.4851566666604716,0.2327522841923279
10,0,10,12.8116,77.5346,0.18190930312056253,0.20521795603912255,0.25375275399480796,0.07319257389939422,0.8153475277738683,0.48263277835968216,0.7821309957542261,0.5381192447589713,0.07069517181849008,0.08824788713053162,0.25212170642766735,0.261641615158657,0.08822946064471159,0.9658347346634746,0.5380016599347072,0.828302819256533,0.6460993752779802,0.5654843283471843
11,0,11,12.8116,77.5446,0.2136831502953355,0.2123905385607597,0.1800911132385324,0.2813299829532309,0.9832956025269195,0.9750124170059211,0.8357028219913131,0.1256029277433379,0.0623864570624431,0.232502351587981,0.20672248605185517,0.1873354581949803,0.11920655176579723,0.059087960776661806,0.6054025248406755,0.33306122023765566,0.6683146884743493,0.007080224731941627
12,0,12,12.8116,77.5546,0.2067725102427973,0.13362344837324977,0.11792128238472552,0.11237747048168371,0.06669139694134545,0.5593990327723937,0.20073509200840556,0.9262934091485273,0.06136805539639041,0.20730501078452387,0.15853767074597036,0.12906905643806582,0.2786639647549323,0.22938897285322676,0.23683064276702753,0.7173701684669624,0.7059601538808272,0.49648944508473514
13,0,13,12.8116,77.5646,0.21357745991773777,0.22922514462784685,0.2600558060283089,0.28639676750638,0.5430128272247045,0.48507658940347265,0.26837177159949327,0.5228774840008018,0.06801512425313111,0.2406808238048678,0.27617694805619913,0.2680984168122566,0.19793532430206112,0.2911928460674292,0.09731979278511584,0.1644169705961034,0.6326707543145076,0.8090873471964165
14,0,14,12.8116,77.5746,0.1523505171156014,0.18278828973988176,0.23709851589643913,0.2076552277670688,0.1272338196873428,0.5290960432096034,0.9068103739600408,0.1435681631569395,0.07963452927618102,0.2723170288251561,0.1197945920708778,0.1951735165580103,0.09773644456820207,0.4623671219428029,0.9660234192289007,0.46070390902041053,0.8788397016225101,0.24660976130472542
15,0,15,12.8116,77.5846,0.260995845385233,0.2776744836920051,0.18402243327851925,0.25752296654319534,0.5457296907245681,0.3805582193111995,1.0,0.8609293081255556,0.09145675004073754,0.08943467097391022,0.21737206337922613,0.1249105744607657,0.27553609028186576,0.8789421690311003,0.5711998377890064,0.8442839309939518,0.2658885444259203,0.9547637706715195
16,0,16,12.8116,77.5946,0.13043111068665544,0.20307511108916032,0.26799256455117476,0.12371799662616946,0.8259510466577058,0.3796291134933833,0.5483796907426511,0.6137186709934649,0.09845385548253772,0.25309623290855365,0.15452247417265808,0.2836892999496466,0.20457990402702184,0.2384787278142187,0.27024246344353037,0.04292799006497447,0.06920060771389074,0.8626154447301875
17,0,17,12.8116,77.6046,0.24616158293931123,0.19390890517821774,0.2762265043817878,0.2891929126347057,0.9925536720966487,0.5026693618524325,0.7107680984950907,0.06582449728870253,0.09727739016107666,0.2644600722366663,0.23190848441031836,0.16548845288925207,0.2931918165138758,0.6499872158951214,0.9391120299706706,0.8405157957527566,0.48575617331602255,0.528676839830117
18,0,18,12.8116,77.6146,0.11552823171711499,0.12069315357153383,0.20963783148029985,0.2530417470136707,0.15238256401240713,0.5128724008759198,0.6058684213516649,0.9582945310854997,0.0874569544198868,0.2662175763687387,0.14664270814563776,0.24624938988866105,0.194200316644282,0.519607071048291,0.3712768834577416,0.013296349039615511,0.9799995942944584,0.15595474049530983
19,0,19,12.8116,77.6246,0.10226918475928744,0.13856344748827235,0.28390845912621104,0.27113749509067625,0.32797043309937746,0.6753527403907026,0.8192684221887196,0.15267899755511702,0.07130293073286467,0.1280731169005092,0.236182559111445,0.2886827631575854,0.28221064744063323,0.2624840130661592,0.0003002317379582996,0.6967036847493919,0.8531093296653347,0.24595456887176387
20,0,20,12.8116,77.6346,0.2685355874702293,0.1728133402619809,0.1887056394832326,0.13638316260203073,0.37511968147145625,0.7804930021140065,0.8725352847649385,0.017510580489800906,0.05264836291415291,0.2401602296357778,0.09050014494108949,0.14338217599189257,0.20786580362888862,0.6990436210602998,0.9991524225704231,0.935410565292587,0.6146488354871111,0.16352988690991185
21,0,21,12.8116,77.6446,0.17434431368710168,0.1469715359294759,0.15169606635422173,0.2463443812974625,0.6920481436585157,0.7749869284299506,0.652526031207274,0.7698038950493814,0.035189310737634524,0.18385073574847785,0.19354543676474256,0.27241787845383303,0.22328530501777047,0.4623372674069877,0.06703110596030203,0.10607705490667327,0.561564724470566,0.5710128060738567
22,0,22,12.8116,77.6546,0.1591768284538713,0.26216679397372006,0.23831576621856898,0.16446039396498133,0.27515659472379306,0.17404890775970697,0.9235591822705068,0.44068270911178353,0.021286429325495237,0.06980617830492479,0.16101122875357135,0.11936399879548538,0.0852168249060289,0.7159139142377966,0.5168675878209645,0.3812908569148519,0.36901093951446057,0.6537648638162965
23,0,23,12.8116,77.6646,0.16658132872854695,0.2096512654656821,0.1776776515792944,0.15804779223673374,0.7871779890839633,0.6739561621225724,0.03200369279963289,0.0,0.011652786231444931,0.12189801015696757,0.08591771651159251,0.053182713651440464,0.12102735151854206,0.7321911525592544,0.8340198356746962,0.7886054238709751,0.2287747232601565,0.21778971539184355
24,0,24,12.8116,77.6746,0.13782442891751073,0.23132579589578234,0.14557153378298449,0.23562963976941648,0.9551844744289941,0.1827893940184771,0.18072237592024396,0.5470889314754367,0.005772710340102301,0.06683067084367669,0.042916865052651854,0.24988198555128388,0.19202212964736565,0.26390565784544034,0.06383727960183123,0.22194559128174118,0.41620000333146173,0.39599995813677485
25,0,25,12.8116,77.6846,0.03307405680654707,0.21721543565480278,0.04722488293022854,0.07214528926033191,0.2534405665037812,0.11894577560593456,0.5801874183479762,0.7229428552816423,0.0025879046033920037,0.12623886869469733,0.05924278096571498,0.08932995882981265,0.10393003966574474,0.020867772514665976,0.6780493558768128,0.4965660275894737,0.3990276551723231,0.8424900897618879
26,0,26,12.8116,77.6946,0.1972081362709454,0.10235892753116832,0.09265703918113359,0.030724558093318977,0.22068470897367412,0.0371053063886399,0.21152292948356297,0.4511756078685304,0.0010498652348499293,0.1450928331031871,0.2126817643722211,0.22786740244493897,0.1872362079311801,0.7836663391587457,0.5970547692460674,0.10306606384168163,0.5367232740201517,0.7215278809104209
27,0,27,12.8116,77.7046,0.21770227427872302,0.10560084030573506,0.14308199919487255,0.219335044143465,0.15627939557198808,0.5683723383996877,0.5388322470171962,0.14375349435179965,0.0003854206588775795,0.1440991451842243,0.1987696780595939,0.13776116378365064,0.0309570066828166,0.8650571702019765,0.9996876200992293,0.6056363059989528,0.00428428551296212,0.4696865409385051
28,0,28,12.8116,77.7146,0.021834678872174638,0.08988021215513685,0.008240778630506125,0.12433809981598075,0.3497467893585877,0.8714470524394976,0.5652511382065291,0.556928557121049,0.0001280419618341658,0.13808575586001043,0.023074726462614558,0.07478526419378813,0.13107740713204002,0.37110089565842497,0.9988858616751563,0.3850377055893901,0.814858246562838,0.3232298034397628
29,0,29,12.8116,77.7246,0.024506280850997902,0.06769820271099856,0.0,0.0,0.8007600654502399,0.5330003089124808,0.299642816299977,0.7895906898787494,3.8493327199744775e-05,0.07012638714730164,0.1048255066097906,0.12305681176565371,0.11796921591145763,0.12552321062427266,0.8930966095873935,0.015032674050888019,0.5992114179667514,0.9180107584202442
30,0,30,12.8116,77.7346,0.07994554589230751,0.058064822459769315,0.06704280814381179,0.03155193586811782,0.30686555902614876,0.30772999715230925,0.49006454868581417,0.8829217591938443,1.0472113691358103e-05,0.18714702514816364,0.017816832603877945,0.11830644272200232,0.010136624164316807,0.7797200153566748,0.7116836391140153,0.45555740877274997,0.11401875665660871,0.33929097743952213
31,0,31,12.8116,77.7446,0.0998018447600815,0.03710913217516836,0.02361858595518615,0.0975496920065764,0.002817348869430584,0.5007120596568894,0.10898371674690463,0.3626679197556674,2.578095482192396e-06,0.18922726152197036,0.14483546484280468,0.1634636257912801,0.0203088725740901,0.77572556200292,0.7196473908171357,0.899511972442849,0.23794970422861542,0.17184452353259005
32,1,0,12.8216,77.4346,0.0852377361090733,0.08611412432639182,0.16534433709585303,0.005222717582400022,0.04541633627981188,0.7120006568704922,0.3304841914543575,0.9194002159934705,0.17082582112924657,0.13452886697458788,0.10091620993343954,0.06751615051752137,0.10214660094063474,0.7263625780609748,0.20772478067914485,0.08802800738004254,0.287793234558957,0.3508247938999731
33,1,1,12.8216,77.4446,0.04572354757468937,0.04413206475931763,0.006924986358631642,0.14880543193915444,0.5967681258078369,0.6827485416778936,0.5700284963944231,0.09512572196228461,0.15403437895609753,0.12449176052000785,0.1426236001701094,0.09124286555842705,0.014506271193225279,0.8586737795592888,0.5277195316975769,0.3848491303725402,0.9840298974444185,0.5326629842775151
34,1,2,12.8216,77.4546,0.08930098242127646,0.06768142596162009,0.19389247254577327,0.11934393538715318,0.5045714151886337,0.9059306137842182,0.08504501309606657,0.9345392875469698,0.14338023010705492,0.012336844903199917,0.15488304937263284,0.20223766578074387,0.10360129326040195,0.8561147583743038,0.03398015036027766,0.432026036995017,0.842989271337544,0.815883242832758
35,1,3,12.8216,77.4646,0.046848061792538746,0.12162629547153528,0.14771706904727652,0.14095739142480063,0.5250652047795255,0.9541421812093701,0.10131293326311608,0.8850132513631794,0.14437117273175357,0.035653608364830794,0.1832719886910492,0.0780657469210638,0.07219957146268804,0.3615541976299091,0.6924996319607526,0.8725841223927836,0.6716040923419148,0.3957405589493992
36,1,4,12.8216,77.4746,0.09983182337481468,0.1920444805896748,0.05189929525327736,0.10262027572435455,0.3258795449682721,0.06089709187129997,0.8579203394571413,0.9106751565776503,0.15653652574482177,0.03294262293558423,0.13506375304435836,0.19777815203694724,0.11464090403194932,0.8753706394928163,0.8343497610088938,0.7134727289865808,0.24817258874416936,0.19352412776936315
37,1,5,12.8216,77.4846,0.2014200298899938,0.05314663783692322,0.06753639296961267,0.1505271258676964,0.34309566356509,0.003585773152349527,0.8122613400860133,0.66361147393517,0.17369294019628823,0.1598760624421815,0.21499029106156753,0.21260498699300348,0.09648101389470212,0.9592006303494167,0.16591184612534077,0.9887050956757766,0.1849769300918826,0.5214150861482688
38,1,6,12.8216,77.4946,0.22342377295696803,0.19501452587195106,0.19853552964264837,0.22663260389186907,0.30296999401269614,0.4932549789299962,0.9250855268198951,0.0548032040614145,0.18691416160780794,0.05172985943100356,0.05255181215142475,0.2540026197453174,0.10717213843596478,0.900951769452186,0.52143068402816,0.13273700661974044,0.3240239312436588,0.4792145467420612
39,1,7,12.8216,77.5046,0.08812059827647403,0.10782810940514188,0.15434122802024458,0.26994928274852786,0.9149021405446998,0.057268470997332746,0.28578460404129463,0.9624076589693679,0.18881010063504947,0.23307723636590966,0.14279481783436035,0.19902835273801217,0.10643052620121408,0.7301448618020453,0.8383085248296139,0.40600396478594664,0.43467737429602493,0.46444216252844506
40,1,8,12.8216,77.5146,0.10099723616140338,0.10578942314823757,0.06927093514385241,0.0925969384018656,0.5797637072679646,0.22237151024436905,0.016614640244772008,0.2754914713001955,0.1770577235451881,0.20797201913403915,0.1973605873207096,0.1863174854952546,0.23934701908556197,0.15133539719390152,0.7638590100711989,0.5556299196747365,0.16288349731864626,0.7429212039212191
41,1,9,12.8216,77.5246,0.23227590372670623,0.180152503500384,0.15725743065550873,0.15052755531839782,0.5064110193850977,0.9922130845671076,0.3671617906183889,0.43694694293512565,0.15550068471823444,0.20662430198640722,0.2315960381581618,0.08354605841445477,0.20735872081974738,0.7653516555935191,0.9733654856591539,0.6004331426827275,0.9142132919554593,0.1496639277809984
42,1,10,12.8216,77.5346,0.10421790012613771,0.2623043746483733,0.28495416679511576,0.2504161880599479,0.7240112323998393,0.09618600355991562,0.06326037914979571,0.8586417554416347,0.1324027830682778,0.09769200817718571,0.27059577481692454,0.24428018727108006,0.12147322961277837,0.642898224456582,0.6784366605415354,0.7888673689779524,0.8183646792411214,0.8040249610834097
43,1,11,12.8216,77.5446,0.12253166596105299,0.10309958945473947,0.3045012895715827,0.207773970652489,0.22549193046090213,0.09279256716254991,0.45659217065254265,0.46059037325060126,0.11684165026212819,0.22304448176489877,0.24559695044291852,0.24140703724498255,0.24777277765767353,0.036773512611831934,0.051956099409121215,0.9165463697864018,0.40407527103264806,0.5548115185918872
44,1,12,12.8216,77.5546,0.16366182724569728,0.291123436948546,0.17845302058643112,0.2016695824756202,0.12563528534159957,0.7952332236266597,0.015840044266201964,0.053128023479040914,0.11493431753489546,0.2680122513085424,0.26631475237200153,0.22233728175789164,0.29366967968184626,0.7368028695843941,0.13568035275916815,0.9263546545335999,0.0019070382300872444,0.11224466896514652
45,1,13,12.8216,77.5646,0.2197593057318003,0.2130496088423068,0.16454456114231583,0.18552219845892023,0.6222047275883604,0.6828164551960815,0.15227106155706366,0.8132136879813201,0.12738340554529845,0.12073156776174282,0.168751271372573,0.275305524415482,0.3276753606274901,0.24453822495756414,0.41003727689582514,0.2810385579019503,0.05640814738672394,0.9199715050815606
46,1,14,12.8216,77.5746,0.15755442309999218,0.174150812992554,0.3148793500601211,0.15662012172228804,0.5110375345502948,0.4083041267277921,0.020805877341708485,0.8011716501983676,0.1491450269272973,0.32797800744568933,0.25495587568454053,0.2796718730989146,0.19292726772837882,0.2526605243308161,0.5820340482442213,0.7609491545087953,0.045807527752518215,0.9012702674886058
47,1,15,12.8216,77.5846,0.3003679680433007,0.3252893880269325,0.25252971341816566,0.23261483903579103,0.12073669931568394,0.07039740765700615,0.37554074481670596,0.26431723662900525,0.17128649558789774,0.22618355238236754,0.22904421778749143,0.2338700574223234,0.3024852518199977,0.2629217635370588,0.7797597914288309,0.2400939417120522,0.40308832608524786,0.4855882240868144
48,1,16,12.8216,77.5946,0.2530919547280748,0.18368952239036454,0.28046120460699814,0.283313657902349,0.5796801087111622,0.7874438602672483,0.41189799240552144,0.00257449030282987,0.1843911562045402,0.20987791565276726,0.13840604356104663,0.2649092571018951,0.2583025543316688,0.39194044438862025,0.025688153252042205,0.61510905732589,0.992882171574609,0.0014739670671503173
49,1,17,12.8216,77.6046,0.12601260388190172,0.2332704059993491,0.1446597727020014,0.14137559757935592,0.17051629904006937,0.5737404127922137,0.0025931362770332854,0.5838090578851387,0.18218779098541757,0.2553905900727706,0.30654564778751736,0.3222385087009285,0.1769066317246307,0.4283529092035165,0.7392188974349608,0.4067219849755747,0.28448648582797403,0.3371975397193595
50,1,18,12.8216,77.6146,0.3107065769361315,0.2341553988409316,0.2526452814150589,0.1380492600467893,0.16573288587703372,0.30890194669105425,0.016839439475986998,0.46627405133926997,0.16379540308069443,0.23563582346911402,0.16838669701441442,0.17502091263456465,0.25740386844062096,0.541433906466122,0.5104116127373142,0.971688349970328,0.7198232624874943,0.23805532350000363
51,1,19,12.8216,77.6246,0.19798177558442132,0.14465789547291566,0.201762650770158,0.2161692778830636,0.7737310326296394,0.7181515948565518,0.6389325875689682,0.5445531381695976,0.13354103578947285,0.11120594733136613,0.19623652877502648,0.16934281687098748,0.21439209045270247,0.6081391687485809,0.9982249597667964,0.3483173061267041,0.6514907095244733,0.034421410457973374
52,1,20,12.8216,77.6346,0.23666622729169798,0.268008192965023,0.1601837326167649,0.30267260137351054,0.2796910850071996,0.3111822352727719,0.8872951318877251,0.8192484552869365,0.09860347735938825,0.14023275000189686,0.20030003282363668,0.20573649133158234,0.257901819477967,0.3202377876402136,0.4143871590332054,0.25564451879509087,0.7020451869177363,0.7147818080843568
53,1,21,12.8216,77.6446,0.22161977781321163,0.22936622194481462,0.18338813584442382,0.14649953080966321,0.9807140390508969,0.6705005772905255,0.4909369917909163,0.9464881529682895,0.06590496290014895,0.29378121668768514,0.13746799217220945,0.2737877427089493,0.24995460780793918,0.5809895531200548,0.05593255103869974,0.8699802468867813,0.2393507616339927,0.46572947162949657
54,1,22,12.8216,77.6546,0.24782112621633384,0.24098926036612314,0.21783802487673265,0.27261835312954175,0.839775209962987,0.21694610212472082,0.5867681080745173,0.6713468675039393,0.0398666897863686,0.09380148136935221,0.18482986951537705,0.2816353026635162,0.09544200204614973,0.2944902211557316,0.2007242411788749,0.15926963858175489,0.9865275143096595,0.026044853845638868
55,1,23,12.8216,77.6646,0.1333839597997612,0.21834087646673994,0.22034255303241695,0.2137991273060875,0.13031839034150358,0.9234782484880422,0.59094939094421,0.21509636963234346,0.02182414000639697,0.14527434749031487,0.16706195289893663,0.08161011937000502,0.14651829502935154,0.7305918490735093,0.287359071262092,0.3661241730424528,0.1907709289769632,0.3626733893655119
56,1,24,12.8216,77.6746,0.17383184141749347,0.18598120206566848,0.10888803303858449,0.1608185320974707,0.5385327698107675,0.8625606469810103,0.7860291722164211,0.5225050400449469,0.01081152920653434,0.1397597629950969,0.2114499501478441,0.08655268980271917,0.1806325720090223,0.12412113902145648,0.993940860493354,0.984248113591091,0.6116703721490864,0.7087469334748693
57,1,25,12.8216,77.6846,0.24761584428462607,0.07857208637987627,0.19739719333847439,0.08292632305130726,0.3092495125002913,0.7172973964499968,0.8838665000763265,0.06341906477074104,0.00484680584247044,0.04633558795496651,0.1939677077578133,0.08283610940388782,0.1042822581935295,0.3924933237507549,0.8176007595042206,0.24764460171597305,0.855819564631336,0.4041039600718569
58,1,26,12.8216,77.6946,0.03086386304498639,0.04389704703436398,0.19090718186537003,0.15751877288177527,0.01404719589453675,0.5925568917905668,0.16658885371963358,0.016209069059919878,0.0019662598642189817,0.15664465823442555,0.11401480401565761,0.16414925273289932,0.04627125401964847,0.18615596212056937,0.1080777587038243,0.49253896397413915,0.16643795433989378,0.508741443669126
59,1,27,12.8216,77.7046,0.09879833234127171,0.2082015565730399,0.04566294760517591,0.07191546070828166,0.0,0.6468792235570315,0.08573473447884769,0.28462275713958013,0.0007218423348403864,0.05040437696796871,0.08022554796378115,0.21589999192597414,0.1625920500324136,0.005764866253086658,0.19451746057544952,0.20340906117662846,0.4705813203569621,0.7457186803773322
60,1,28,12.8216,77.7146,0.14349440878548606,0.13554603598648754,0.18398900480074834,0.19449353685808377,0.8049444012684734,0.35211221972544315,0.6903100147907892,0.3958543111359753,0.00023980579805213832,0.13947649147939828,0.02394896425026224,0.11387282973962927,0.21991500884657522,0.19988500640347606,0.9954419072517934,0.6393259275830347,0.44252587913174257,0.6644661962232097
61,1,29,12.8216,77.7246,0.02051081565969138,0.17029234557035186,0.12076771379777383,0.09156465545990174,0.7884964779052741,0.09263873310087063,0.5132692099091711,0.49425888873516016,7.209295231490407e-05,0.027661369210700868,0.17152573062595688,0.21785564512054512,0.0004351537377347801,0.4092396436525044,0.3752925689075033,0.2573369684063917,0.859662704407056,0.7650942940238056
62,1,30,12.8216,77.7346,0.01320210599202632,0.1798490927496263,0.07555246512338995,0.048749022668672586,0.0009256002009263857,0.5203642676045971,0.5108803238866411,0.13270706587084835,1.9612895218692766e-05,0.07877444456551276,0.05925717019653734,0.16075940448792256,0.08736144285938209,0.9673431664548409,0.2578507530556701,0.7743306288687858,0.750653470770541,0.19168839473356675
63,1,31,12.8216,77.7446,0.07128785154901134,0.16996826543387045,0.13563501105914902,0.017114780398852277,0.43521718531062653,0.6965872140161076,0.19048656103278672,0.9464418580134112,4.828434645222092e-06,0.1337999632592177,0.09776249472450284,0.04422250991081219,0.19905960482413795,0.801681366964737,0.986479656069764,0.13074883841676174,0.9503057507745815,0.7632723865933991
64,2,0,12.8316,77.4346,0.15499782275040438,0.1091219213897701,0.14043618222825277,0.2109510366931807,0.503984399970848,0.1339931532010024,0.8349947215502174,0.6102455283845697,0.2895187002006094,0.09254125044340929,0.09972720410333746,0.04202406971354401,0.02585312812951802,0.27968097257746893,0.5261352301817709,0.13487449912947078,0.079389141605506,0.0699373650598954
65,2,1,12.8316,77.4446,0.06754229405359577,0.2135927989139296,0.1512327156662711,0.1472759495470255,0.0892490973965606,0.7644808421474245,0.5528900756672064,0.24782684422711637,0.26106025943136746,0.10058716342483887,0.13630830219535545,0.13785075628498766,0.10902874004435609,0.431199090665168,0.6410385249768444,0.0753447709275256,0.09607131108349416,0.3856925134071402
66,2,2,12.8316,77.4546,0.14375442757530213,0.06623706906230883,0.16512710062265995,0.09355561155201693,0.25721031121524773,0.12593772725583002,0.003698635682612624,0.9414728610725162,0.24300341471007175,0.13691940833545058,0.07868588341068318,0.04869858424293052,0.15605288532451095,0.41709609598431513,0.5416523293134814,0.0571175334005129,0.7847380480647216,0.718074166549079
67,2,3,12.8316,77.4646,0.05732063751343532,0.22976069423052203,0.09437688860940567,0.04183833498608827,0.7476802434981675,0.9645908426530059,0.18776574818450287,0.783505146382873,0.2446828822447781,0.03372808723410326,0.1826650125535086,0.0648461072619098,0.07989980425084219,0.19231845128400046,0.42484212329387894,0.4581946818220703,0.8036023684432744,0.8185451906370065
68,2,4,12.8316,77.4746,0.18307811828383325,0.06864725952302501,0.1472534758967682,0.04170990019837697,0.21288945733286485,0.19286820073890684,0.5667070598586589,0.9090165524734523,0.26530094319447645,0.08051278156270725,0.23248702651388964,0.06440682190542868,0.05911636041322711,0.7931240419781974,0.8204242898446402,0.535434942885719,0.4397361107622583,0.8271650946300287
69,2,5,12.8316,77.4846,0.12676192486003293,0.21895409925335693,0.17155468287156103,0.10328138862396734,0.25361976305310613,0.7125436254812222,0.21588386505322416,0.3918859408347347,0.29437794560111735,0.1364879412480815,0.230531920256235,0.06902495574925846,0.0864344399516544,0.41624765651598333,0.36075832209056424,0.5421122315841139,0.8995674487279619,0.7849784083290702
70,2,6,12.8316,77.4946,0.06521793075483152,0.1937667594057604,0.15687446536477467,0.20721849599792533,0.16958369510701146,0.3069213665495213,0.5843565069375705,0.9921582638926538,0.3167855114645447,0.1977062806995732,0.24599501584498568,0.0884136922998404,0.13254499226445546,0.5083550427223202,0.9936387318259322,0.5776553115900344,0.6641700157202911,0.06112041629431252
71,2,7,12.8316,77.5046,0.14405566303375028,0.28297649531179486,0.1688665851455693,0.15286785560283253,0.10554921121939072,0.8331482638049081,0.5002233023868311,0.9641362318809553,0.3199987833176991,0.14791990791652718,0.09657022747467055,0.2287247953837832,0.12243629353297197,0.31933253710020276,0.8327024553394888,0.37352737439813605,0.284967108866617,0.8768411267657684
72,2,8,12.8316,77.5146,0.2022947547913417,0.14971829697561537,0.2659710369552429,0.19032726835155667,0.6161997408687239,0.7968319575324961,0.12203173588885684,0.24942121811012208,0.3000806414534797,0.18339941412770938,0.2140850360505926,0.25910343214859116,0.09316293984654683,0.2660911987057742,0.21444357148683008,0.02339962814905059,0.564573317100675,0.29026013752549334
73,2,9,12.8316,77.5246,0.2913426990546149,0.2936710924503435,0.2789314500052311,0.10688154940979717,0.16875733657903996,0.6815445700616626,0.7668671925207652,0.7518910766912386,0.26354538103385244,0.17560773263844495,0.11325995016013073,0.25044753317144164,0.11594665350053489,0.8312458422281771,0.5118291519300214,0.5085188982166909,0.7114464477257811,0.5365950058698192
74,2,10,12.8316,77.5346,0.23883998351518024,0.12075093597420017,0.2588472611213892,0.26028534813992504,0.8507271556098676,0.6879534807099346,0.8738550266477687,0.44327289879932463,0.22439863835261942,0.16086676075937525,0.20704840642114808,0.20902035349466483,0.21955227851140854,0.2528356151073026,0.17503292463831568,0.15620159863438554,0.2864532759315471,0.2422672180152525
75,2,11,12.8316,77.5446,0.30671929103668366,0.2802138290421158,0.31181137087296495,0.21744194652958887,0.8967948273190549,0.41979148539436845,0.8324723138574897,0.3659391154803111,0.19802534821472603,0.18992096523087948,0.288933723285375,0.19203802959103514,0.20356695477095568,0.14302305114515515,0.2982421427423262,0.1864775329249497,0.9491168646732898,0.7517137497509607
76,2,12,12.8316,77.5546,0.30755457413214227,0.26108176348001594,0.20566270399637798,0.1858410155305998,0.08398936228903127,0.8420291361177685,0.6889157980145049,0.5600168983069772,0.19479276611216026,0.3277666035149965,0.29521054110908573,0.2897193338772276,0.17941795040217332,0.062338020644619546,0.31931036725421497,0.36423314671735346,0.956529488297031,0.0594711216854
77,2,13,12.8316,77.5646,0.2512555348399271,0.28658601128721495,0.1747641887623662,0.1674336251363759,0.4627554917887556,0.46451925877508005,0.13557457153040017,0.28733953821444536,0.2158917062819131,0.14807686109621856,0.2508001043400826,0.2739096664168739,0.3002517023552468,0.75511619239949,0.5524534566234114,0.09395652015788254,0.21796831842042358,0.2962221206636954
78,2,14,12.8316,77.5746,0.3004225466796978,0.3448957428206049,0.2393069334657362,0.3551517877851084,0.9100474891661893,0.19622238322068128,0.030684142178308275,0.18016052313609587,0.25277369692668344,0.3503497024017681,0.24212582268161417,0.3326195770931875,0.17862808084270157,0.894014676163952,0.9883777502978289,0.6272537782028323,0.2956161929817701,0.44542649408165197
79,2,15,12.8316,77.5846,0.19015684295865015,0.2675923878803239,0.20059896418991244,0.2146152345602228,0.5323976421801713,0.561377576091382,0.9322271671743764,0.336887005407987,0.2902994596291468,0.29939363836707744,0.29628313408397555,0.18659803425831886,0.36153757772867706,0.21543979852370873,0.2716115492428751,0.8806935992006155,0.7457396255488533,0.11924887400871677
80,2,16,12.8316,77.5946,0.1679568608020893,0.1997655925699828,0.2084314941689899,0.27332794254761356,0.9423136208243471,0.32249176080018016,0.14983049735498422,0.6861528874246081,0.31250947614316005,0.3015711082780232,0.22283493687526743,0.262932591815719,0.16046513125487,0.3203712514904834,0.1742248728541992,0.8561472386565632,0.5715611512787616,0.6028136105194148
81,2,17,12.8316,77.6046,0.3393657813106217,0.23686289851480477,0.23266305176476712,0.24342891337710965,0.27145921117540683,0.8170316087760102,0.29250616119764966,0.6996698326873851,0.3087751728037079,0.19885614840807458,0.19589345445103176,0.23272213115302282,0.3318807293678348,0.6928524455337826,0.5154907105825908,0.6070463718675336,0.9895762289596258,0.6476160166191222
82,2,18,12.8316,77.6146,0.22211555888981988,0.1515997468836343,0.27604182030618235,0.20904347535182416,0.05210655294248721,0.6427174531356994,0.8443992359995761,0.9762758499549803,0.27760342016959055,0.34618751096585315,0.21851804829964605,0.20310401083034274,0.16753676094017228,0.45683992383034755,0.4447664247420121,0.8035092575792101,0.3520446713695092,0.9826355109825018
83,2,19,12.8316,77.6246,0.18233953446521586,0.27588249292076605,0.16594833982811166,0.3373748231274421,0.36149244271101877,0.2723403255164043,0.23925683917393462,0.1904631429479627,0.22632776971087498,0.29033404123583306,0.2297918474065983,0.20767607215083828,0.30313293165872407,0.07618292508732463,0.07986110483171534,0.39712430802132076,0.5299979558389277,0.9315332941810677
84,2,20,12.8316,77.6346,0.29901104932358386,0.19315719363013667,0.2659857848649742,0.24767910918037786,0.566362747744102,0.7659816918336996,0.2808392816293028,0.16472343242381068,0.16711496196322267,0.2531912467077901,0.14885163843446061,0.3414212812483378,0.25683497226760754,0.23972234700828465,0.24592937634085374,0.8839846398234589,0.20339495642099906,0.04866923836921077
85,2,21,12.8316,77.6446,0.20403851947471058,0.22087085112594293,0.27634577572570423,0.18853107364006633,0.8635159968318596,0.5866301535540249,0.9330749935201141,0.8927962432303015,0.11169692655060652,0.23682125472903603,0.26921526565707177,0.17274827468528728,0.23291834073606477,0.6057307119480468,0.9264057654566253,0.648114673448746,0.3220116200386662,0.8093561038814168
86,2,22,12.8316,77.6546,0.1277577491613597,0.19085241988697862,0.10336188981860174,0.15419482230117434,0.7909587542833051,0.40857620959631835,0.3631071836180361,0.8635499753894634,0.06756678897809941,0.11841413721422839,0.2960680870594416,0.22347308849535621,0.2119478087989173,0.7266917453631321,0.2222449328230629,0.31778358034263265,0.5803120624458105,0.5650495595061061
87,2,23,12.8316,77.6646,0.18385637151027917,0.272428724368743,0.2532922915818855,0.17945497449281023,0.4374322683546082,0.4129686639319193,0.0841375161333182,0.32080420783000496,0.03698794834340413,0.253320305042944,0.26983467073088746,0.14389500749117903,0.11366782265976055,0.06137110097508775,0.10562164757858945,0.38422137353232216,0.08391638775869115,1.0
88,2,24,12.8316,77.6746,0.26800060874937104,0.14908283423647717,0.2380125264205251,0.20596207655023305,0.7210813642517271,0.8432368637747524,0.02069569401624384,0.42967607235296695,0.01832357580584079,0.09227687374236845,0.2584374105404888,0.23306427520797976,0.20961214635457312,0.3931714010925466,0.8548606472120325,0.9584107383761097,0.1973969082999021,0.9657838766168938
89,2,25,12.8316,77.6846,0.1278473649005297,0.24972933850827855,0.21097280568921684,0.2702317856572788,0.7400005356279623,0.3659530055932017,0.819918823606232,0.39600818157177936,0.008214454456361554,0.0688552704735851,0.09712413466600064,0.07784021121522541,0.15495692260281096,0.00695851604348523,0.500763917350456,0.790322106293727,0.9115510514178161,0.26735604835501037
90,2,26,12.8316,77.6946,0.22249825432949505,0.1913584487106528,0.06364082561155196,0.2216233032374658,0.5813236831084695,0.6121028587421886,0.649139285919857,0.20560193505712146,0.003332452883189124,0.15607340185562213,0.23172530760749108,0.10488340186650828,0.1592967241414317,0.4001126375471534,0.9661759821746339,0.21398437477331775,0.671530141137759,0.548447642413975
91,2,27,12.8316,77.7046,0.23676713461626522,0.24085179979314544,0.23058011918085658,0.08138638667898375,0.15432236348425385,0.5346879472278017,0.8562389697298147,0.4004752135423335,0.0012233914823371068,0.14362714183242978,0.07584389290231937,0.1053476676413976,0.11753975276099896,0.9869064607266055,0.5364112203062664,0.37331941194923896,0.2527478629890754,0.9376573883914102
92,2,28,12.8316,77.7146,0.21980058518607304,0.04938656803757075,0.1510129104518308,0.08593878921988056,0.9456560574254314,0.3720762578283255,0.570738508487505,0.6957787449274425,0.0004064272162935849,0.06359207080695786,0.08155742554988518,0.19191102982909483,0.1741518587609062,0.19717509095414493,0.601274556041804,0.9601977786833942,0.9873071616694716,0.8734104986011194
93,2,29,12.8316,77.7246,0.1370387447164941,0.08669035916788621,0.15911763765132486,0.16281811270008012,0.11799418280124631,0.13419269707297715,0.21605849813543915,0.37838415793451075,0.00012218444325254674,0.0520622240661311,0.18885445616058952,0.08775203334072702,0.20639310387388476,0.8362557239935815,0.3332818991567354,0.2740626109894432,0.2659404305276516,0.09032818254301825
94,2,30,12.8316,77.7346,0.09475325047193697,0.13281353318876774,0.03440270812597171,0.1619311831598493,0.06746615368007951,0.8715956165398615,0.5797273295352757,0.2852156228318766,3.324029056819848e-05,0.030994873058187735,0.12656457194984716,0.04624511176827808,0.024252485006934048,0.8994166455984869,0.5098501375491176,0.41873371909887963,0.8426759659297736,0.9548901785024326
95,2,31,12.8316,77.7446,0.026391734884223295,0.15141818213697023,0.15841971611194636,0.09986132514306237,0.6613866329409471,0.12570081799197347,0.9421350910294265,0.740764282999486,8.183318618039604e-06,0.18586170409528532,0.12356588503938291,0.19249893798919415,0.13888612953404958,0.734859473301965,0.9616749509796113,0.6870670375020088,0.30199205537409896,0.771720898767835
96,3,0,12.8416,77.4346,0.09741365634629812,0.0480127441052088,0.14873547911306087,0.03273198764574452,0.9911965607888708,0.4470264641118594,0.8436990719810709,0.4018932994522573,0.4440332248021138,0.020245283321695822,0.12187677674860353,0.19601547518074364,0.09460623685537542,0.9887542871238768,0.36693315965654916,0.7158428648643927,0.6878104890242167,0.006572243712219818
97,3,1,12.8416,77.4446,0.15822378302299278,0.07137683452425889,0.05828075455168238,0.06977976865802124,0.04474370736157796,0.8525744214715271,0.0988821696440179,0.30056392726935854,0.40038667202728234,0.08338905813781183,0.0851253866066443,0.18555353212353676,0.20417686608099067,0.319584235932874,0.2941035340394243,0.10168818359547624,0.059795603364605376,0.8257553104641912
98,3,2,12.8416,77.4546,0.17938248312183053,0.027377848195822604,0.19661562467926136,0.16602770256513935,0.7928931868626141,0.5843176552305922,0.1875033236314948,0.6673499740198598,0.372692989423042,0.19992081044082552,0.10458635814485606,0.04384899216910595,0.028894539771916767,0.9493417797316529,0.33325568210292056,0.7224554850367733,0.5217918778327579,0.7365988963961425
99,3,3,12.8416,77.4646,0.23217049933055003,0.231534266859736,0.04961718655370562,0.17981399930774664,0.8278844919755463,0.09409164387409165,0.8340712931366775,0.5174825535847329,0.37526877946654996,0.10305369541777115,0.22707745712227137,0.23158195194072037,0.11109555372534169,0.19180304105796572,0.6220528051762532,0.482607169656434,0.9126052026603856,0.07139067578876886
100,3,4,12.8416,77.4746,0.07147164564406214,0.07627153047520771,0.23521341738944979,0.13519665531517666,0.6110595236534005,0.03894030689031149,0.7197185117328061,0.4918926011067185,0.4068905851955667,0.11168413585195369,0.22801813660465756,0.10226585035961472,0.1387529797843794,0.039783874453063424,0.1671414788733778,0.19363053435096506,0.6197555721805688,0.5587926892166735
101,3,5,12.8416,77.4846,0.23918347089531197,0.19289529077831002,0.1714275706924074,0.18773193111775746,0.8735906052148936,0.5986349373293887,0.5298378016736658,0.004283528474731731,0.45148582252308084,0.22843430162394635,0.1503915462162357,0.10791531979576123,0.23840835260918128,0.7003661675688261,0.9634371031892152,0.31005785592012425,0.43900579746972274,0.9197477022461985
102,3,6,12.8416,77.4946,0.2545672752220654,0.2114451132402204,0.25398913547725477,0.10519608774744256,0.21261627960560367,0.05080268487100724,0.5588361036135961,0.6837308345302779,0.48585218201353575,0.1475486791798177,0.1583597749024469,0.26641060538882116,0.2635079081496722,0.7705377608833313,0.9732000565903036,0.21042979946200646,0.07375439191239028,0.6562745933292644
103,3,7,12.8416,77.5046,0.176710944541513,0.21903567053479683,0.19502164543058292,0.29227537180597496,0.17335468272478072,0.9345683288880725,0.4967122160477754,0.994515611328464,0.49078035923363705,0.18800467573506302,0.12195019490690656,0.1673642171232106,0.265896483153017,0.8027249772254594,0.31029303445007483,0.42518625043707137,0.21099109820004258,0.9323528411518879
104,3,8,12.8416,77.5146,0.2717463051679323,0.32674245734403523,0.25396686994617956,0.17833614282210222,0.6452360709921698,0.5567171304797414,0.7539260193134435,0.9401221764766985,0.46023201552420834,0.2260554355481874,0.21246082260290344,0.2985347655187188,0.22933470728836805,0.32585683352288697,0.6358326127658577,0.8191222377145944,0.8498400151598982,0.6945657596927082
105,3,9,12.8416,77.5246,0.29510192033081173,0.3092533272046172,0.21635297786774862,0.1417105845194154,0.28728387993703053,0.2295525417871006,0.6686766050979515,0.2547168504075903,0.404198089246316,0.14890453265370832,0.22588766432876303,0.2830312198796514,0.32231704199300193,0.8791754542867563,0.12473118435288602,0.2552172674380057,0.7141384611632177,0.2516920194813904
106,3,10,12.8416,77.5346,0.23867463542405018,0.25004605301079724,0.23751697672483826,0.2747312103637919,0.6986305335698701,0.6857692341064547,0.32055303575620714,0.018821423031644843,0.34415894710730377,0.19304883544221582,0.3470025330964471,0.18672733554349863,0.2988378753264646,0.8620181903042504,0.2555127429983181,0.9199262864651706,0.9552192834745917,0.8129478938620037
107,3,11,12.8416,77.5446,0.3558545122577022,0.2679811278376845,0.32461832762657655,0.1823108351610175,0.3914888278386367,0.18845235526737703,0.4745228277335826,0.40752065399267035,0.30371037829134745,0.1876609669362273,0.3162629145966599,0.35546378872641965,0.2750358865204736,0.4898444646280954,0.8807503040269619,0.08203723002551451,0.10099886958196679,0.9651020455740024
108,3,12,12.8416,77.5546,0.30911489695168565,0.25101870891016587,0.19038101564686818,0.36420326221607846,0.3335551458688364,0.539704013309908,0.30439551528794145,0.002435369396516671,0.29875258504882013,0.3251369598041537,0.314912109948813,0.19998974319183765,0.24218249678131967,0.14100756459713668,0.1515907525460322,0.4908850908698841,0.29131491152938377,0.28887019906445244
109,3,13,12.8416,77.5646,0.25162129737460565,0.33195623300351373,0.3530907858659494,0.32013521387833727,0.10787670419370596,0.23073035816514328,0.1587027047105064,0.9050850834207922,0.331111912570637,0.30590909690285595,0.20039953688483458,0.3205159339785538,0.3536296543998917,0.3700264410518872,0.4158638108780095,0.6217544424366089,0.3478152533837696,0.8058835861485726
110,3,14,12.8416,77.5746,0.2488113560942074,0.3241246551811575,0.39121076775705493,0.2200085275740409,0.28821650263551685,0.1851291302278002,0.4463982129313372,0.6610852150776905,0.38767761707183546,0.31456396963497524,0.24858966287912826,0.21261513512928218,0.34857975069691904,0.7621658834482017,0.20861188839961634,0.7835236546709741,0.8544578861007831,0.0147549464807694
111,3,15,12.8416,77.5846,0.20183553104885366,0.3067451254292555,0.2101544967436122,0.37361845087511547,0.9057138907727736,0.5022856314805945,0.693730712544428,0.8376224595584387,0.4452306712075029,0.31300828244894574,0.2394104920352362,0.3267816464691529,0.37183493053013345,0.040070644733974495,0.7418926253705456,0.7386347382375158,0.4013337076704127,0.612722941042437
112,3,16,12.8416,77.5946,0.2735256338459386,0.27654179786723987,0.22808322233551354,0.38310213181258906,0.7402527194729949,0.5970376131972638,0.4099579200469089,0.6155759904709366,0.479294050356387,0.3107230943601727,0.3560466248172217,0.37785411264534563,0.40696661313139676,0.5550747579477211,0.4772271074156469,0.7342421868821306,0.7070720505278087,0.1036522231201875
113,3,17,12.8416,77.6046,0.20341870813991808,0.3146147755084342,0.3965874524688667,0.33117669255928095,0.0013595043344837333,0.6769770816765579,0.7092917221282055,0.33783137069636404,0.47356677003543624,0.30468818310710355,0.39723496575496936,0.38094836483637246,0.36980663413844733,0.6565880849724722,0.004878868146382505,0.5295175321017703,0.4161676756934644,0.5425212267362453
114,3,18,12.8416,77.6146,0.25690925051743024,0.3229730633497863,0.28390681753864144,0.2617445625150453,0.6773341104612556,0.5312822793264015,0.04910618219123785,0.7547986827166879,0.42575882590170583,0.2602905188235497,0.29909171784297245,0.40194922190565896,0.282637577641041,0.9347621497626811,0.8512989543701055,0.2119569086843568,0.5277513943459022,0.5289052108124044
115,3,19,12.8416,77.6246,0.32635974489553615,0.31815633166576834,0.2513016831397961,0.2841990503713468,0.21904878046777496,0.5506289147616478,0.7372793837101568,0.7978007475527611,0.3471176451723324,0.34480057125146807,0.2652585279102047,0.3733067823716167,0.37390904664943664,0.8083236588328577,0.2891380211849869,0.000749501210559889,0.49176413748910697,0.32558405032979365
116,3,20,12.8416,77.6346,0.3703202211004273,0.3262589891484082,0.3671038947220083,0.2962407977049919,0.17091959504308885,0.2533853747943679,0.03934697025658581,0.8931085658102357,0.25630329032907195,0.29867917988398196,0.3291612749080031,0.31238749823209677,0.22530686838001546,0.4714988384724352,0.9569739204428966,0.8563439754154335,0.9188136477650539,0.8034756799861654
117,3,21,12.8416,77.6446,0.3397426635851923,0.2024223337485031,0.27043077460871473,0.30786050349914496,0.34678686148544785,0.36389242554771073,0.2137539023076536,0.9568214624517033,0.17130895676992358,0.2699187955366415,0.31712593993453986,0.3410897885244754,0.21509224692334136,0.6536305395572476,0.9689701332254331,0.037775155262219126,0.9909521384783833,0.5879537445784648
118,3,22,12.8416,77.6546,0.31010402399462544,0.17818583575232413,0.2253236829444349,0.24750991673129347,0.9264598635158975,0.7638740575280066,0.7156588699949458,0.27473006318317167,0.1036268095245001,0.24446449377115148,0.22633672803620022,0.20077412783193357,0.3091159803557712,0.42941456526606914,0.36688242752127975,0.29903013069882123,0.3373205044472085,0.8238504253269298
119,3,23,12.8416,77.6646,0.1726411768969804,0.1759680325040718,0.18195380016415413,0.2197541611336893,0.8969458597772048,0.2054614928926721,0.7873034653453288,0.022504296417668886,0.05672821123594273,0.15754871867460785,0.27041953608999897,0.2267553437630757,0.19124406111290027,0.23683944586521227,0.9816643236895252,0.3092030645955334,0.054700541689227604,0.11855738949739988
120,3,24,12.8416,77.6746,0.2716585094019681,0.18112424247444292,0.1269973737829242,0.2856517696667111,0.20158296563394967,0.9490170865899874,0.27310299968839863,0.9186511236747652,0.02810276658929389,0.13980152936470724,0.2025144029122878,0.12084641579148704,0.27109670720688545,0.16296233298392945,0.9376990452171323,0.9268809328182246,0.5310149604103944,0.3308905606152721
121,3,25,12.8416,77.6846,0.08465719821331433,0.2649451959196683,0.21562564872768142,0.1760284139684547,0.3081715394979172,0.7437561982572678,0.8599603091744471,0.8667401520223448,0.012598463241652263,0.12531775709973123,0.0967768292727073,0.1061403129532779,0.21666888864260195,0.9168073579788621,0.885008298143682,0.2638519612506142,0.8209742119315564,0.11990615602780529
122,3,26,12.8416,77.6946,0.23751997057240173,0.1994616111686115,0.18301933499520623,0.16707375204571806,0.884198112960345,0.3572244440996669,0.14203493069365103,0.465915265382839,0.005110964504877444,0.11959068458002924,0.21122718894455647,0.14914182906434084,0.23548256717601881,0.5378306193811911,0.17265905503741055,0.5816942909857767,0.4389044439566514,0.9921306857505978
123,3,27,12.8416,77.7046,0.04912385345850353,0.09837452790934499,0.20685877502324568,0.13204206026569248,0.8922511117716522,0.9584484916633915,0.40787542163005963,0.7832149660911131,0.0018763087314262559,0.2251990741482819,0.11947073244247615,0.15517240627389325,0.06852877236364568,0.817514647710701,0.0167392530870353,0.6510695292125948,0.7472911039565272,0.10000062635637158
124,3,28,12.8416,77.7146,0.08818719637954961,0.10760017459675003,0.0892884654330965,0.06761244515232864,0.42821926058862053,0.01173719183439407,0.43816163348411874,0.5066135692355853,0.0006233351675492477,0.16926620265927156,0.18800022846064632,0.06783838134769554,0.1273489397453512,0.8170068643101509,0.02903685449955317,0.08536784280957001,0.3533546640766512,0.37786685251967267
125,3,29,12.8416,77.7246,0.1538603822566989,0.11999691639134702,0.14568012856013274,0.17115630123048334,0.8979492761332509,0.09178782485035866,0.4478724088328352,0.4828164779859716,0.00018739360297102367,0.031177759125442902,0.05543089023559856,0.16907717626358434,0.07990838239698804,0.3881367961778178,0.8469890312522761,0.25212380577261573,0.5290395577184801,0.18672699128608436
126,3,30,12.8416,77.7346,0.1972461867270642,0.07596105799789984,0.09140424961276726,0.22475788938282676,0.45615946207541236,0.7430327316569474,0.11629697819592608,0.471526894065198,5.0980449290944065e-05,0.22334567430229363,0.11797366580690077,0.15180249144504157,0.09197717472825531,0.5956782494445552,0.969195595292988,0.7198329507728034,0.6405629888439981,0.42151997617630566
127,3,31,12.8416,77.7446,0.17600616028765623,0.01607432791675473,0.015954204359646208,0.11053267582700577,0.4812705651367652,0.9031009714762115,0.39080830178944687,0.8111102573731642,1.2550710379102464e-05,0.056710450140366214,0.12431954029496108,0.0642887859040598,0.13608649895176878,0.7328730939134274,0.2708581625118831,0.2706759227084831,0.5424463907976786,0.025776463576845564
128,4,0,12.8516,77.4346,0.18317115923465208,0.15827578412437107,0.11949659290234559,0.20881406557716353,0.4160725887188916,0.6670965268528319,0.7068608535912664,0.24295628907880618,0.6162686256390366,0.0735250604759181,0.16924046602815015,0.03435721624166133,0.15171688427185323,0.4075149005232109,0.35978938505782704,0.9471757616171234,0.5220897035827712,0.0880582717845049
129,4,1,12.8516,77.4446,0.08877619917388863,0.1244307144454915,0.044391915649859275,0.20985774538872198,0.5782452857992886,0.8812760848123969,0.5310737739967886,0.0864217398912113,0.5556920750793024,0.1839327241173079,0.03774768135550133,0.06390599844183464,0.05863021781914958,0.7360226743131616,0.9348991854924658,0.9286494340751963,0.9041403843948338,0.7684776895370535
130,4,2,12.8516,77.4546,0.07179585797913812,0.1966250696614338,0.2111281892829923,0.18601557954291298,0.9192124190374803,0.2526491548684552,0.9915063698132899,0.8130272317307939,0.5172563302653759,0.1588154295966246,0.14555661399051317,0.15442387577177497,0.18087713013460735,0.1989253581515515,0.5011280071727157,0.2687776521344851,0.3588846312088672,0.35047459849182844
131,4,3,12.8516,77.4646,0.055712486110040316,0.05296816696044666,0.15387009390913559,0.20212152986336232,0.847399755381128,0.3466609587448301,0.48354358001770986,0.13220385507013843,0.5208312397572383,0.05276556467869554,0.12489008120089026,0.2361278332494432,0.1443596475609673,0.9302316891779503,0.13259169547800165,0.7200353688701349,0.3058729098938955,0.5384897034831886
132,4,4,12.8516,77.4746,0.0887398234864528,0.07441743060447134,0.09101011828642709,0.12300820585351864,0.912396134077817,0.037364067690231595,0.21001162029468534,0.19696429439295002,0.5647187816535244,0.23761739737586107,0.12899748898000477,0.20682201165044406,0.2253233817794235,0.18318675863528439,0.5739924454804298,0.12447589992593175,0.8335957898155076,0.5272272644427319
133,4,5,12.8516,77.4846,0.22656266396838196,0.12331361884284636,0.240740058393069,0.15080945336476267,0.2369131575958983,0.0024518212081497013,0.034293535249419554,0.4955429870562136,0.6266120006353283,0.18739177737654036,0.13286766683192872,0.20215421029639627,0.16644293099958873,0.003935479138622349,0.04972335708940957,0.6644048995994236,0.007174539242922337,0.13088241543023726
134,4,6,12.8516,77.4946,0.12492035073133771,0.24173294450247348,0.30038853659701786,0.28388285633566296,0.5614584844208047,0.3879352682686057,0.8831783117879995,0.3066500567998893,0.6743086772541516,0.1583181219845789,0.2874678988739826,0.22557792297879267,0.20852351185063978,0.2918958270297367,0.17161573411287437,0.7913485411747551,0.7183477675785609,0.8722301570463178
135,4,7,12.8516,77.5046,0.1648091889296961,0.18194039205489293,0.16099331135769965,0.3326122422967264,0.21146798562796593,0.17125883134104902,0.5853743503268034,0.26245349808346147,0.6811484379582992,0.22169035851735544,0.1613868073928471,0.28380124880812063,0.14342922062121258,0.36814207983877834,0.8302046639170065,0.4169923746464472,0.014639329567286466,0.16929925528162199
136,4,8,12.8516,77.5146,0.20587318273358748,0.2337481785039465,0.33287267767174034,0.3198389299906571,0.5576970008165629,0.17920984805172208,0.45583657852006404,0.8599627114944477,0.6387507417008884,0.21984297649442128,0.2444062503684168,0.18031924060720192,0.15766942602298792,0.233059213801047,0.05675017143999749,0.7981598634922241,0.10991714960466038,0.1691567085370203
137,4,9,12.8516,77.5246,0.3147736522986976,0.21417150081644612,0.20591178820012274,0.38624802848806583,0.4142630684834131,0.4391208593333513,0.589948299890851,0.06881745139431722,0.5609818973721221,0.1722023006399311,0.17577238082907382,0.18481130277295485,0.24263920643585887,0.4010973627121031,0.07630303497971307,0.6182805917555495,0.9429233075917921,0.4157080046136104
138,4,10,12.8516,77.5346,0.19045689461808205,0.27910440340539305,0.25371476450211655,0.38856862939185327,0.7196486497966321,0.25135211710028654,0.8881925495102163,0.8496420606907824,0.47765425983543724,0.36975375617865675,0.33782804710717784,0.31759689659462736,0.28873140297318284,0.6927262071544142,0.8022427276297213,0.9232085180746288,0.9522193010430563,0.35583639288351104
139,4,11,12.8516,77.5446,0.3830245475103234,0.4026990396941277,0.22612330670750702,0.29071256495274744,0.0703308847177064,0.63705548689953,0.5981212269320358,0.5828399156899244,0.42151615457454294,0.2436630765540255,0.33203775129939755,0.3616306141736889,0.37494506054618504,0.09635740599169759,0.5986951096411849,0.0179777978093849,0.7919331260205091,0.5992196751642046
140,4,12,12.8516,77.5546,0.24729610392320958,0.31853755197014166,0.25709357420585655,0.23434584447343768,0.4503444157498508,0.5892764734111919,0.7144496220444781,0.08104259775472902,0.4146352901321661,0.25614938155845085,0.22839229361522073,0.34697615283379957,0.39355750646337184,0.09687710548525758,0.4598766006795898,0.41621259082887,0.9283085627777548,0.5055333708311419
141,4,13,12.8516,77.5646,0.40852065464124077,0.41263977949103753,0.35211079098270626,0.29937230542704885,0.45372016680718713,0.8755047822333041,0.11138045369663091,0.2552168146380945,0.4595464300752655,0.25887517043844843,0.4231895195642938,0.3581680514991242,0.3437815405157322,0.9436807970999143,0.4544265709767372,0.7379634995253933,0.3739831436816478,0.9215605652286057
142,4,14,12.8516,77.5746,0.4472203573713686,0.3526882309250774,0.44635773985543037,0.340044650285797,0.3183471643083964,0.17500517142810804,0.2598350982152194,0.2670355485218778,0.538053323307845,0.4241074558911092,0.4067765402281125,0.32965404140388727,0.2997432238124449,0.8784391334123852,0.48786975542418076,0.23629750816587372,0.7607345805824024,0.9912671504666889
143,4,15,12.8516,77.5846,0.3099326627443901,0.2827759899335627,0.3636090506454993,0.3096968632693955,0.7369873751131768,0.037050962976401765,0.12163249775586095,0.1710068939926297,0.617930547786539,0.2949126782394667,0.3898967459772994,0.4075120594537042,0.37854146009549366,0.706251695939639,0.04360765331883135,0.07932589446282037,0.755296254736029,0.6053565495156781
144,4,16,12.8516,77.5946,0.32332380231172353,0.316723297940564,0.3713965986110354,0.43940477759374047,0.5402341755560288,0.07297341409235693,0.9120371407315484,0.7950332561346283,0.6652067214603885,0.4175143000958652,0.39640415341710755,0.25770375593114675,0.4320685666898072,0.17480558195751758,0.006136732219298952,0.5286989937375703,0.34632229445891927,0.31924191837639593
145,4,17,12.8516,77.6046,0.3685392042215502,0.3197639446999277,0.39410538724164956,0.32608258658568995,0.20552537081088923,0.3000740680691221,0.6355497130124985,0.6566862603360927,0.6572578947174914,0.32095490930843945,0.4201593711576216,0.3508261938531637,0.4617437901670948,0.8717090799621297,0.20867223112306435,1.0,0.11288455429294618,0.6252267252777882
146,4,18,12.8516,77.6146,0.2797287518101143,0.31455216010535286,0.2577451509202209,0.40994741298386533,0.7931097676062723,0.19438654009045406,0.190453752006534,0.2747300057357734,0.5909057967656952,0.3813906044399967,0.26692261245634075,0.43535156446130346,0.43496790893445003,0.36127553142366997,0.9946724790257029,0.8821787938953431,0.6234514986798577,0.43016760477199895
147,4,19,12.8516,77.6246,0.3489460930737063,0.32303146766625335,0.29546541396167925,0.3978200939018021,0.7393099068395854,0.5521169471668552,0.3224014314431087,0.4640829563010578,0.48176060298358486,0.39605397843203033,0.33735501800335543,0.36735878546137113,0.2664583253242134,0.5939056162633608,0.08080688905452112,0.5413884097126703,0.6295829458669142,0.40241310783655865
148,4,20,12.8516,77.6346,0.3883907870781985,0.2629636302686032,0.364875699859752,0.33862271702822583,0.033353199232925776,0.5011554416260006,0.8885738218131412,0.2542517074547914,0.3557204003107026,0.22886924072672474,0.3904665686554706,0.3515978340242649,0.32011900746773975,0.3680859093460403,0.5487891341203647,0.1608890402138885,0.021861652886334203,0.6630986974529485
149,4,21,12.8516,77.6446,0.2235382851503697,0.2572758172344373,0.2828363995078872,0.2961908589225254,0.9784544725519105,0.9686214378073137,0.8231679388735266,0.569991781293089,0.23775773850100276,0.24682367899094876,0.24538997405497456,0.38871446058252984,0.2607533710863901,0.1555078599379592,0.700859284371854,0.0617373068725526,0.6971043575829373,0.29603280517146296
150,4,22,12.8516,77.6546,0.29675894021741717,0.22693980588581686,0.17290447295266145,0.2336078822617901,0.49676060554019424,0.3206257561779366,0.31446289076347,0.7524125763018087,0.14382246173916913,0.2279354849878329,0.307960485632044,0.351782725181725,0.19798681549541391,0.0674471501792046,0.20292170202379817,0.4223326118219954,0.43361861976996435,0.7180028207123804
151,4,23,12.8516,77.6646,0.26151492409634125,0.2979470373228984,0.19856270430905765,0.33650893921829583,0.7098783087398413,0.7288520812792918,0.944426335380771,0.19456093541227484,0.07873243446797352,0.22311028302171615,0.3034474402953838,0.32328629768265854,0.16241388280965988,0.8853956910009959,0.8808863134835723,0.5488103238202361,0.27550881640831065,0.3802321799395108
152,4,24,12.8516,77.6746,0.2435897725382179,0.25669786030122155,0.2803621876159247,0.3110298795937856,0.789021605562457,0.03914641650175793,0.5544120872639976,0.10534018193201443,0.03900350779011423,0.2131337803949827,0.1299089327867288,0.21166724720951283,0.26162043354013464,0.1249799753479981,0.30519159760029735,0.29369469723477776,0.4749169898393538,0.9390912597451795
153,4,25,12.8516,77.6846,0.15628783096913512,0.16960234302363564,0.23441643276689345,0.16053920621132595,0.1391495440903714,0.4405011569800168,0.3944650397729383,0.12773787180071064,0.01748526279887513,0.15223624299866173,0.28529640447781207,0.2085868276704048,0.19987363243741554,0.9728745012490513,0.5475824844052861,0.982278294655182,0.7469984491166548,0.16368631723953808
154,4,26,12.8516,77.6946,0.09233077551445835,0.21815003260429647,0.16109366865704614,0.19063271363339818,0.05939791493259255,0.26161077534476723,0.4606903436795527,0.8678513362121905,0.007093449082587043,0.28133383832848574,0.18163234946913556,0.19161633399999803,0.18393759408591817,0.8866136061101749,0.18526210545235292,0.7983723177537349,0.9804861112838463,0.8570057378960524
155,4,27,12.8516,77.7046,0.1499941205008546,0.1975075405948605,0.22523804880794335,0.076398078501675,0.8806259076777094,0.8312173113476192,0.008858431028627805,0.18950105012134172,0.00260410739242745,0.1096157120511587,0.25330449867549515,0.08250984012691388,0.23217847453900617,0.6574828351495349,0.060970175056987666,0.79079748945034,0.09074856414740151,0.020425560207111077
156,4,28,12.8516,77.7146,0.16500529624856436,0.15805225431107411,0.25632107216474814,0.24199261178721818,0.3547107127911489,0.8990143244826793,0.1784401561293452,0.3332596619394882,0.0008651197378062185,0.17205212142900422,0.07259138709338817,0.2554737369423913,0.22550552972011237,0.9590422281893628,0.12517365264694844,0.318942384118251,0.4085749124016843,0.21889998950756331
157,4,29,12.8516,77.7246,0.15013508958127392,0.15593491243581523,0.13405536438842072,0.08604802032317274,0.4275912828996328,0.49220768950618043,0.5289192636994651,0.22500607312949703,0.00026008143468986484,0.1887845977608469,0.05440988165405172,0.2262800201430444,0.1476436769381778,0.7099135531556068,0.834231415014184,0.7714525056140069,0.9190120489453883,0.3011235187109141
158,4,30,12.8516,77.7346,0.13534379448974565,0.16864598614866713,0.04682816650637252,0.12297157789951128,0.9991198200593882,0.8577482897540607,0.08400757316583314,0.6008607263361131,7.07551815137099e-05,0.11735412723649169,0.127830494573838,0.20144690881311278,0.08892891060511178,0.17270483263498573,0.4409837291302219,0.8452985434495163,0.5934484474076798,0.8799598160471502
159,4,31,12.8516,77.7446,0.027048648050989922,0.10012944544905575,0.13925531774342564,0.1783752684090826,0.6207672273829624,0.07501421801779092,0.5065354453071265,0.15108424825091726,1.7418987148024542e-05,0.16476658386481888,0.02229884698212955,0.16852587118901813,0.15418808320345812,0.8081125339424396,0.6182561039682251,0.7578848880287377,0.8731019036388293,0.4243561559907307
160,5,0,12.8616,77.4346,0.024888886070830535,0.15152179917502706,0.04174225853160365,0.0683325430619334,0.32917770492711373,0.20998643256172586,0.5523566084579277,0.7602460848277371,0.7739989880240651,0.10646934666566961,0.018788636768803182,0.19789614035195086,0.22843080378252728,0.2853438605051782,0.032256604220424534,0.5796859527580903,0.6189905020798347,0.018401901493223922
161,5,1,12.8616,77.4446,0.039047812415530576,0.09531428673302342,0.06905682408588096,0.1634593283664738,0.8436019726110032,0.1840118321213652,0.6183745350083103,0.34254359571459875,0.6979182224608265,0.04959331707410689,0.21935295123560714,0.10989469012984227,0.21604778612659636,0.35658087897229584,0.17636258806137253,0.8723195377738739,0.5129667786383545,0.9513578613166774
162,5,2,12.8616,77.4546,0.24696236267539082,0.10562296240667905,0.21963589787183918,0.089581485080681,0.4412054951120215,0.3549306732018703,0.643827550433848,0.8468525039041824,0.649645072811058,0.06346396187445955,0.1438173780077151,0.16287520809270054,0.25367828135334364,0.7199493355076519,0.12938311385533627,0.7290479305419806,0.1751113952578239,0.40472647256627187
163,5,3,12.8616,77.4646,0.14777096985078056,0.1902861045757135,0.11388572083873569,0.09391803237331604,0.762058563218887,0.9552859639624762,0.673052139660173,0.9475365107688599,0.654134959548534,0.18056354774146,0.18622240252543784,0.11091415837454294,0.19974767003718363,0.26248208782241395,0.6346259753893948,0.3600852349433248,0.32902529066954633,0.8907727747169467
164,5,4,12.8616,77.4746,0.2720495637434652,0.2590572512451638,0.1409820553611998,0.24706527369912293,0.8840886920857493,0.9223260114253929,0.5580310977424094,0.9514382848796332,0.7092552619643273,0.16168862848968577,0.12400984993419217,0.2545993990126885,0.2326943372283817,0.2824892527998755,0.973257981589769,0.9654349317875982,0.9432213017203154,0.3824285300987923
165,5,5,12.8616,77.4846,0.23862939055584279,0.2937970154724865,0.13258218687455822,0.19355100184116464,0.6975708206157339,0.032619045448101666,0.8292823697891246,0.9659519308836788,0.7869896895571533,0.26650847324609184,0.26964266577971474,0.12584269758979813,0.10679270820899882,0.2039894584535243,0.18316940765083883,0.6286323034111748,0.9050332229428304,0.5488515611207249
166,5,6,12.8616,77.4946,0.245703520993277,0.13802166505148433,0.2792021850732893,0.17183760650312177,0.8408853372064072,0.9212336426235262,0.7026277939547462,0.9990840012638205,0.8468940525235452,0.3416595076938957,0.23775450582724603,0.1726021196961743,0.16336272388213113,0.5097985692981519,0.6959079863860202,0.34460170594853046,0.7701151053000659,0.6388161832965119
167,5,7,12.8616,77.5046,0.28404368916258055,0.27290771825467686,0.1670208600230907,0.32483031540304985,0.1925536238605494,0.4459817198435617,0.48654255765556476,0.5770143028676282,0.8554844101096505,0.33235212549606824,0.3438657868648655,0.2957373007139579,0.1729350471951757,0.27839327334142794,0.9508041262863477,0.5942411444549079,0.6436323913856226,0.5961723155467593
168,5,8,12.8616,77.5146,0.3459351162704739,0.329640156418875,0.3571338678335801,0.3595959825201872,0.11254523071930782,0.9441910973291293,0.8042393877428186,0.07315527590446605,0.8022352706394084,0.299457611987899,0.329997346001718,0.33994707623045645,0.23226530828386013,0.8417794612053305,0.7507031268914794,0.3399417663498638,0.8490824563340988,0.4056287071053781
169,5,9,12.8616,77.5246,0.2476496391809053,0.37981759923413366,0.3915143138319493,0.41778931357406535,0.28112682123322524,0.344630675953271,0.3272673270424179,0.9162350374550808,0.7045619439341109,0.41520884011104126,0.35946682989830586,0.3323137601371066,0.3098827965236347,0.9596223222178258,0.5205050559182596,0.381150411414378,0.917341263944242,0.14688866778700455
170,5,10,12.8616,77.5346,0.2770905316738977,0.25610676248719294,0.4202165956772047,0.3750940087910556,0.9811734625010371,0.8051149863208716,0.9214156395477054,0.15886753348362256,0.5999070833025935,0.3633210378901843,0.4320052110952128,0.35811376077306195,0.2749671596778308,0.9242219675631128,0.7056175813082097,0.035223187712785646,0.8813627502717943,0.6692761868973748
171,5,11,12.8616,77.5446,0.32216693627547416,0.3081172248675883,0.3907079960784599,0.3529503674310179,0.2035160713511988,0.4116706412069118,0.387025889027502,0.6347342522525029,0.529400757239889,0.27547569928852955,0.27109458560771443,0.3001371735264345,0.32348575276754427,0.11519769209415329,0.4021680115112561,0.7260253696859252,0.17738209376734398,0.979508532796465
172,5,12,12.8616,77.5546,0.3519408141441341,0.4765584801261662,0.38567567963703747,0.4666640770079867,0.5675912656044089,0.43400330263640563,0.5218198664932274,0.8369012279913511,0.5207587756533563,0.46752432422171464,0.41350979664910664,0.4223835381459046,0.39544948512130795,0.17724919001531064,0.7095584898893237,0.6714468313486107,0.9189873570441648,0.09831272937467175
173,5,13,12.8616,77.5646,0.4712851485040514,0.41152685053976834,0.4928630920843206,0.4024815560468433,0.7354862090651333,0.7285086144933701,0.39842528524191606,0.8214190324132484,0.5771646600692968,0.4773081390009658,0.3234377324602761,0.4179749760509392,0.40525547716432275,0.5055887301240428,0.030605977166495994,0.07699966358811323,0.2566019959692296,0.8667224473721449
174,5,14,12.8616,77.5746,0.42110302773476754,0.5074759265129218,0.3573282719974601,0.3751833402923212,0.7106411379554478,0.9911848682836527,0.08376533919454965,0.3129102118285479,0.6757649349931106,0.3345130677190777,0.33590463298287526,0.44343839088224724,0.30924822324473306,0.563994631002968,0.059046251296717,0.46418646043376677,0.2687865018623066,0.13641217563696506
175,5,15,12.8616,77.5846,0.46063831187892995,0.4474686954372867,0.5097250890644429,0.3431990841503319,0.5759203929086478,0.28890176583356614,0.7724947163853398,0.6908938964084969,0.7760862694575598,0.4390227690645713,0.359591838846819,0.32888269567500705,0.3814598764543856,0.9291310016435229,0.852011872820145,0.4673680128768446,0.8496674444873563,0.10470989676762876
176,5,16,12.8616,77.5946,0.3466134829399665,0.45032619195835705,0.40231341411976446,0.46488610304310485,0.15012956113948256,0.590325771114449,0.9530339679678651,0.756261717850103,0.8354625042014037,0.4874072184426403,0.4880364577616554,0.39078822266215374,0.39238324551077247,0.2279508835532504,0.9550215470297023,0.31400223646059,0.6274325191739777,0.2912760069883198
177,5,17,12.8616,77.6046,0.49440118365092195,0.4342439791509515,0.4390551755312743,0.385537766407189,0.11239776313719561,0.7717683212937352,0.8700624733577423,0.49826355448787324,0.8254792215888884,0.35456817234192317,0.35259551696813046,0.3611139663030587,0.315435164753021,0.6663534644580766,0.13331128128610284,0.5864545987802362,0.7321716379284708,0.3216110196718206
178,5,18,12.8616,77.6146,0.47777829996786375,0.30880203701985853,0.3159250921736876,0.3373057714517681,0.5231665447807088,0.372122518975683,0.35453242018640174,0.13444838448850702,0.7421446909453557,0.4638263495377864,0.29954389044159413,0.500050987779848,0.48755809675274026,0.8501238652748729,0.8122301055684249,0.38127176055709566,0.7360313683115031,0.33244255423449265
179,5,19,12.8616,77.6246,0.2757035393300195,0.44929713661308357,0.3144544069775173,0.42159788737820786,0.9240364511130433,0.008633908431954001,0.15866635769964993,0.9236855615436046,0.6050644210428525,0.48825607584829295,0.3771286315623865,0.37447999621136824,0.3741829288244586,0.8759136312087744,0.8796223148753818,0.4641383079973267,0.027446745845796625,0.9392629103997061
180,5,20,12.8616,77.6346,0.34462587477571505,0.36006340144119847,0.26643631193299705,0.26849105363838005,0.420508008213332,0.10077108759479281,0.36849881894830394,0.12281612545736886,0.44676496320821135,0.3872605730274005,0.42183231892491535,0.2902305264328991,0.380310019493222,0.6085661352409463,0.930949105093317,0.5421593872390648,0.6693835096687353,0.9236977559437461
181,5,21,12.8616,77.6446,0.31188525224056374,0.38555867377117653,0.37811077974894386,0.3432989281660417,0.5148979121590389,0.12218958737319817,0.15945527567276754,0.955407268459783,0.29861044573515877,0.4201381773056967,0.4208636909661297,0.3413277386519615,0.3129908006615952,0.06865395041903301,0.7775474172207048,0.6429785178987819,0.19171175439678456,0.658795693183826
182,5,22,12.8616,77.6546,0.2773844152046188,0.24425437114151052,0.3556908918182107,0.26892958203248146,0.10821430190461546,0.628388387798813,0.5224293716503687,0.25435102459781445,0.18063298245276665,0.21512885043746244,0.20900848979793463,0.3429639920230489,0.21597298056619088,0.4018303861506962,0.655701292919404,0.598910075617276,0.03859412752129031,0.6939893466345352
183,5,23,12.8616,77.6646,0.26540092718944563,0.22438638562257873,0.37112121490258226,0.40422036043394005,0.8944581494935002,0.19678460009963597,0.5563909735989611,0.677019281447776,0.09888354212368405,0.20731799518226257,0.1866690691516314,0.2965820706278792,0.20576270450670683,0.8117339419814759,0.2360342799420014,0.20111730432822078,0.1984822972097814,0.06731829176118104
184,5,24,12.8616,77.6746,0.3632051848436268,0.16602274933975567,0.3127173786948561,0.20744294524853443,0.4884118473750511,0.6918895363037175,0.009755599906716154,0.9145066276461058,0.04898622825011277,0.28620245989202886,0.31621784102662115,0.341246216346021,0.24567057022687613,0.6284999065470426,0.6035609640802629,0.3378019904428328,0.578821786761658,0.11390878530491128
185,5,25,12.8616,77.6846,0.30355111387209177,0.1988883592742284,0.3030619953988608,0.23981157351635496,0.4016845303890694,0.5427366456866384,0.6033406932478133,0.9446653150132184,0.021960513887317578,0.1864186032784032,0.32320957938988687,0.17906154564586516,0.27745335960741757,0.24814041499414013,0.9538951347346498,0.6047672323078119,0.48734848541464043,0.6558980622129175
186,5,26,12.8616,77.6946,0.14220594958159127,0.24037149186614157,0.17496189666826836,0.24978056113999172,0.6657644489173222,0.37842516608952936,0.1731328388611053,0.6845946980798029,0.00890897602620845,0.3029965452397018,0.16509716186798865,0.31586909182371303,0.32174033370073096,0.8720288955286366,0.7175502201041899,0.6740005558251327,0.05762355066360576,0.22558454399245478
187,5,27,12.8616,77.7046,0.13972353836127602,0.15959782642647602,0.2688268636246715,0.11040464891358502,0.36282481787653226,0.06437893599460258,0.3507554456383791,0.06394469140018968,0.0032706134996809077,0.088595091941673,0.12432639862990805,0.1811244716980667,0.18245506119283478,0.9238515153091621,0.3963437707865416,0.3024452841743135,0.28298073666860984,0.37716304672821277
188,5,28,12.8616,77.7146,0.22739203472066538,0.1874509611276827,0.20099557790074812,0.15798196653043128,0.9670865168578867,0.6280655163422575,0.45387430093090736,0.7078569865590045,0.0010865420917498738,0.20048618482760808,0.09940041315101888,0.0809993714884047,0.22339542195815845,0.16955848710198837,0.1869445288682435,0.09207118397496791,0.08175511837909855,0.15950569837961476
189,5,29,12.8616,77.7246,0.07920389183875673,0.11901259769739551,0.14971758452584094,0.06941253134891508,0.7793522902394088,0.040206883437404535,0.9631696643799594,0.3486212467659675,0.00032664776183448076,0.12889505396104067,0.09549216405336053,0.08138331621101996,0.21865845578367055,0.3465087360675831,0.3735895823841825,0.6194552010401596,0.5945887215287522,0.12672406988773638
190,5,30,12.8616,77.7346,0.05966470488899474,0.1605241614955459,0.17055376058168825,0.24206024039637247,0.6277824392412673,0.04516341613737639,0.015379936326059135,0.403256688519311,8.886455777670585e-05,0.06250121969012476,0.07595526644359303,0.22510896390714788,0.08521420239933596,0.21766119870813433,0.16749185588916826,0.8578431164731616,0.47771393505838794,0.10057560333893203
191,5,31,12.8616,77.7446,0.054153592469779355,0.12665464339240617,0.22604134142710677,0.10404320143556134,0.8312325289240216,0.6392228733685154,0.3261351208664831,0.15308017519101222,2.187727536996643e-05,0.06078005513840097,0.09838796034837455,0.07804370110497373,0.05948400607974246,0.5802815589588302,0.5780712553487085,0.42828159930206616,0.40789835331364227,0.4698508989478679
192,6,0,12.8716,77.4346,0.08279034350084408,0.14044685118748276,0.0677936014887595,0.050152497609816236,0.9848222716219215,0.7158623686880107,0.8477495897081354,0.8268211213033637,0.8796835508246952,0.23200314833061816,0.04911147530826489,0.21462787290376548,0.1344318154227043,0.7470786444574569,0.8895902822606537,0.3392703861110154,0.7015724499449408,0.5957092814547177
193,6,1,12.8716,77.4446,0.11057558191322747,0.1673469911696458,0.19194720702021903,0.1094447960031013,0.7266613594067025,0.17993125427610393,0.4761668572193782,0.3961188840968595,0.7932144481053386,0.1212446744812421,0.20618416415276394,0.1727404241965755,0.2492057006621782,0.013766672527140781,0.3527467270049118,0.3471913077340734,0.38947599534232336,0.9955104359160429
194,6,2,12.8716,77.4546,0.23167215021015403,0.2606301952542321,0.08382049537202177,0.10345316127258375,0.7100094875139236,0.1058257238281097,0.48714326798090063,0.691299742582122,0.738349911651862,0.21812044750631432,0.1150825355551212,0.12697384989854144,0.059717252496703364,0.11565141873700359,0.34088176925927,0.8144131569376063,0.6820297644391664,0.5811965553910217
195,6,3,12.8716,77.4646,0.08261819894605572,0.20477125266708646,0.08815415554265967,0.2803560137448879,0.7035838985952515,0.4341593989247652,0.07371377623414865,0.33108079864271583,0.7434528634245855,0.2504544562974817,0.22397320053517636,0.24495877807341404,0.2415399896978284,0.8062939638260118,0.616332503393375,0.6020546901453361,0.24485612830246073,0.9410495959276188
196,6,4,12.8716,77.4746,0.28080006124766527,0.1486542392892687,0.2631365335607699,0.14026846437254897,0.3807253064153793,0.4296168523173612,0.34217757624095296,0.048853627571471984,0.8060994871306989,0.18465989517024092,0.2486783444723822,0.21421722207421795,0.12762782878617276,0.5689796064180414,0.4286591556528886,0.1478416775036574,0.21533963107358106,0.281201105360599
197,6,5,12.8716,77.4846,0.20922343985151418,0.21539511233500527,0.24359680354088747,0.27484833443298295,0.5512145644320815,0.5956168276347189,0.20398049979858907,0.21256640311632793,0.8944480487493044,0.19726482844938875,0.20138524126761057,0.24919433495413917,0.2921778249082411,0.051403716681657045,0.18420972480322012,0.2783854449612558,0.34133873848930013,0.4560336667987264
198,6,6,12.8716,77.4946,0.18764106844420633,0.3263013743939972,0.315811352105661,0.3769609277664831,0.456093201833045,0.027943221111342172,0.8655273804614961,0.9182616794767993,0.9625319655754703,0.2397224020529623,0.237155878477103,0.36925841508723795,0.3022774080765075,0.2617479333090133,0.06720004040296156,0.5411572562536381,0.46549035686400725,0.004358750652341528
199,6,7,12.8716,77.5046,0.37396986995103343,0.3943629153897421,0.2978356963472148,0.395631178971995,0.2655917121631335,0.9323692140391506,0.9658923911628745,0.4434944814662095,0.9722952810075622,0.28997976278707693,0.2932978576493192,0.30821204783675227,0.2784633975201315,0.020311959040309267,0.8653121241355889,0.4489480686343394,0.9255955952923065,0.401388627575598
200,6,8,12.8716,77.5146,0.2702933052891066,0.3033445593135442,0.253728962715021,0.3535600954265182,0.7169524592616621,0.7829619300622249,0.8208503897133432,0.7958746281442772,0.9117753154619669,0.3596318015954878,0.25121968917349874,0.31668742582318143,0.43585412092628856,0.2297644321223956,0.17140948833046055,0.238294180173296,0.05126804639418058,0.07862313196353132
201,6,9,12.8716,77.5246,0.29151030698239205,0.27928049284528095,0.2565806431843499,0.2971486771377141,0.5785619385203745,0.3920088100846678,0.8810365154635627,0.4395264607791181,0.8007653268361095,0.255608664075702,0.4227634418737117,0.4073253952549711,0.3995906630009646,0.15688686944564761,0.012086029525960983,0.08755298596277894,0.2652287506840222,0.16018216737440527
202,6,10,12.8716,77.5346,0.282523057882583,0.3334049540026741,0.42342548704813576,0.4579988159396059,0.33377067752961065,0.6869743902950097,0.8012621514140897,0.025907417414997445,0.6818205209179209,0.3169071812229006,0.4780841256420763,0.4137690264531137,0.4399278208414305,0.298815622576997,0.11275754285130529,0.8328230418769664,0.41466935812392486,0.8299956676277667
203,6,11,12.8716,77.5446,0.41023304685775086,0.49256329840377444,0.4928864939769427,0.504931288805748,0.8898086080740958,0.7840564092675081,0.4152133810751249,0.8176579297696387,0.6016870114093593,0.3886397053985155,0.3154048850668383,0.48860893197926863,0.38729949389476076,0.7013451388648688,0.43451149858408045,0.990811362330357,0.17982504450667036,0.9497978119983856
204,6,12,12.8716,77.5546,0.3479852035311771,0.4476871193943657,0.4341430909168159,0.5180952092790942,0.41906923516019223,0.7260870170721673,0.9527773559624918,0.8988794250406527,0.5918650230530043,0.3331173562172694,0.4897280299883735,0.464214397047986,0.49036233001800333,0.433706790125576,0.9566577531570987,0.03710670429915381,0.020882435721738386,0.7846680087096802
205,6,13,12.8716,77.5646,0.42134843925867493,0.3673897123273439,0.3813841150355933,0.5141938635147297,0.7518557326239012,0.528448105551834,0.8817985603920736,0.7968753689519171,0.6559727666782185,0.3531723665270179,0.46391292883570573,0.5610944843097223,0.5446180175957309,0.1893972871872796,0.3321701211497492,0.5198985604253031,0.17122818688430855,0.3567212910766157
206,6,14,12.8716,77.5746,0.3768974277489692,0.37595159741632966,0.4764953535904945,0.5185384390574995,0.9743379889863738,0.45233090575465035,0.8640833330516396,0.45220215353103854,0.768036272314966,0.39511592003822804,0.4308665772247147,0.5590290225027058,0.4034739847173373,0.5313070227904952,0.0023953312218817314,0.11962507248570745,0.8421872791327213,0.5788040164267669
207,6,15,12.8716,77.5846,0.5314984108157217,0.5193870729902555,0.46413821275394795,0.4852058374390201,0.8758477113344937,0.2076319907833318,0.3077431639917167,0.7289160207913857,0.8820558370568446,0.5684596241164976,0.38286609993615034,0.5781047803942777,0.5535223939048122,0.3934942631914855,0.4923942891943475,0.7600346406077653,0.5652183744852776,0.2884791004682171
208,6,16,12.8716,77.5946,0.4920433374436199,0.44194149804276406,0.5273326852818827,0.5344599595464388,0.6739655939120854,0.6324498911685574,0.2635590197001275,0.06070853035017038,0.9495395131626863,0.5431282909035988,0.41612458112432654,0.4427781859358732,0.5053898925192952,0.7506913832455085,0.5267449626710481,0.9984691265443373,0.1628616810217219,0.2896228280568507
209,6,17,12.8716,77.6046,0.508079276069961,0.36219838768267854,0.3902143069846989,0.5481889741668045,0.2868312775317738,0.5570894130961348,0.2696999964859029,0.4560430417381795,0.9381930777882891,0.5064182823513722,0.48935622666604145,0.5445623055930884,0.554593531029756,0.8804751950557077,0.11350817800590624,0.9158091831118762,0.019189645201328792,0.4220685924214718
210,6,18,12.8716,77.6146,0.5173745391083895,0.4653695720720431,0.48058152753210404,0.3725154443259192,0.09044665433153441,0.7789017508472298,0.23098988935122838,0.9878232812597135,0.843479755216693,0.4646035767731355,0.5240264891018174,0.4308401113477932,0.3988155681775465,0.8075922076472889,0.9914075120822378,0.31988931890763306,0.01190050757490998,0.3771904251685454
211,6,19,12.8716,77.6246,0.4046923041387198,0.4293132292989874,0.3750517470174838,0.5126458728711071,0.7956557793619193,0.8353814016935364,0.42450406319604417,0.8413569985896311,0.687682059817003,0.5241567089083612,0.332092866719289,0.37408352111375587,0.48644675929844217,0.4516400431934406,0.056082396613420515,0.5353825177343998,0.28498839571791934,0.3416531885335974
212,6,20,12.8716,77.6346,0.4756474144496624,0.3419908199262642,0.42725417346230493,0.32974541488113934,0.6836406839249377,0.9547334679437199,0.8439732541458119,0.07053904780540177,0.5077678334210487,0.37214496004805103,0.37397791560279914,0.5154152936690113,0.3709490881707845,0.887941637371548,0.7012613848925675,0.9263280072816701,0.7220707685922466,0.1605404521789528
213,6,21,12.8716,77.6446,0.4417626900108683,0.3715847528939634,0.42349029990888076,0.39999060102471906,0.7984318309446975,0.678061570389506,0.35760334769125895,0.2686459119111057,0.33938377347010457,0.40957395518846434,0.43655646940695025,0.3289571923703397,0.3400566979715721,0.919306045714463,0.9324484353245601,0.8596049624233729,0.7048976275754723,0.5729530669079884
214,6,22,12.8716,77.6546,0.45505247833133344,0.2860066594920416,0.3146388423935162,0.4190442525933353,0.9823624495161529,0.47792420210618997,0.34312802993037295,0.2255695484637602,0.2052972495555306,0.2723433829881076,0.27988499458438515,0.3074589957988273,0.417304224331967,0.4399260703521854,0.8540712859329078,0.5099564902028586,0.9105800952992695,0.988393549902962
215,6,23,12.8716,77.6646,0.23353520439528863,0.3652074938368913,0.3199891437909642,0.3933060022437452,0.6051037292441894,0.8498996527900355,0.22505127110152592,0.5473042408150156,0.112385451143227,0.41223705644415815,0.3131216612254471,0.24547565157730547,0.26715858278962873,0.39555063648983396,0.46839876965724075,0.03669592223500188,0.4197950871235677,0.07796341105971877
216,6,24,12.8716,77.6746,0.36653334935264736,0.39291903673767586,0.2683273936134903,0.40189532681131906,0.07199717784953139,0.510441193823514,0.5530015748003965,0.2208881202585337,0.055674981331149204,0.3796975377565448,0.2265380887608367,0.24989135429821904,0.26009766268295825,0.10188955357679819,0.9961824388267299,0.17524785052832795,0.42806489470471226,0.9707055957252095
217,6,25,12.8716,77.6846,0.1926067581836461,0.18445792057405364,0.3398977550696852,0.3496093639228873,0.8968030885397883,0.7515511863842885,0.7502667477680256,0.22798697821045072,0.02495908022263451,0.19264764054428046,0.16158314160825454,0.2942669462474613,0.318407764050192,0.25998768284676893,0.5380732361867674,0.7246184831613596,0.5116848326303867,0.6678278525402142
218,6,26,12.8716,77.6946,0.24089612386509549,0.2193920982399678,0.23335927947051535,0.26762167427673295,0.17391877720923435,0.06770913757167848,0.817518652065634,0.343305247572541,0.010125439162335782,0.18993817098291,0.20499835337080963,0.216343379850475,0.21355886059067494,0.7325252957362982,0.2053225781976261,0.7452075429696733,0.34597613871463745,0.5757115874617532
219,6,27,12.8716,77.7046,0.13369900543362276,0.17414165086336997,0.17140347011285867,0.20864454076045227,0.3948524784446609,0.8879237196863401,0.8995340326982219,0.2549951456528362,0.003717194649206741,0.15415272576717232,0.22770243788951694,0.2903223569367688,0.18102004280196876,0.7755295076749544,0.5435010419150511,0.7947747118439212,0.5449432161437107,0.3307496371727155
220,6,28,12.8716,77.7146,0.17124594203672824,0.2357339456769096,0.08510725938138243,0.1535035208320555,0.8849801909533344,0.364637511587553,0.5176080520296792,0.34666974527335,0.001234902396747453,0.1560277239514848,0.09362056496891205,0.26206173237630176,0.12757598191723524,0.74960546789619,0.5373048941672742,0.0820854032320777,0.9227199427419479,0.016535349100363854
221,6,29,12.8716,77.7246,0.11131589353128689,0.07929437305422588,0.07209833840202523,0.21434772591637458,0.549117575817675,0.9227380992310216,0.769550113458766,0.8738278142277306,0.0003712494039986548,0.24900423344705278,0.16672925784516562,0.21075159604722113,0.16791209866099696,0.21743171038533232,0.5303375635545176,0.7684894037678416,0.22687170546881263,0.3743837331398133
222,6,30,12.8716,77.7346,0.17475459022217052,0.19711839483953864,0.17012150541267895,0.08688453055504164,0.2987809100200172,0.658526762367533,0.07254664518906735,0.7509941462501664,0.00010099843919311274,0.23537783727017017,0.2468477766246708,0.05191293675306358,0.11330639417499358,0.6749616789693907,0.7527600177730454,0.18766530506912005,0.8790237322979547,0.8966966350529851
223,6,31,12.8716,77.7446,0.09664574114658131,0.18884097028346214,0.14036067071636973,0.2370065796278959,0.47418951109148166,0.8158116278302641,0.8582499538448025,0.12493533086971652,2.4864476023350926e-05,0.03905960372520316,0.17312124804790274,0.20687580963385854,0.050536698131513694,0.24954061231971356,0.7222524502637964,0.46621097828496494,0.2023089158217677,0.7482168574532275
224,7,0,12.8816,77.4346,0.13675107924531874,0.13421126497003505,0.10774809010806904,0.1910590326896161,0.20815746709763105,0.6852971565892357,0.5645514646956792,0.3468284535300291,0.9047493781036393,0.11713216496899026,0.10679223095295538,0.1998018191770195,0.039122195176951605,0.9645023179268251,0.0693840467650893,0.19367285144326352,0.1616596808890512,0.31674434675833907
225,7,1,12.8816,77.4446,0.1826685504481525,0.1173419051678046,0.2574865633378515,0.1384080674963234,0.28472755740467875,0.343752653791858,0.49139709483233746,0.977246897125968,0.8158164125648669,0.14128479973035202,0.24329517869189385,0.08385172621045925,0.13921756030734023,0.6530517700982733,0.3663236221825259,0.4831858255260047,0.02611631194620581,0.9783845605483837
226,7,2,12.8816,77.4546,0.10169362869800976,0.0899011480040426,0.1702257449082471,0.08619913180939813,0.8526233709313898,0.9481454461879818,0.977710317166467,0.9015310504571095,0.7593885582646569,0.2599087992166986,0.2734951022730478,0.11948544471123163,0.11401290843090336,0.20352879453464848,0.9988126042787913,0.9108495012155534,0.035032097324594086,0.9594931544030334
227,7,3,12.8816,77.4646,0.2823313806830953,0.21944987421040377,0.25875359890692656,0.18657346369797267,0.691181594307156,0.43116269544211333,0.9673764564055881,0.4889811810458569,0.7646369142655575,0.17213961957493065,0.2199647861467249,0.20211485186142567,0.2315101629287949,0.8412840743660652,0.8193000684669853,0.8540696032517037,0.07895539019452684,0.9543722690492424
228,7,4,12.8816,77.4746,0.17114684642694666,0.32232964797694824,0.2247069287175432,0.3040111257726502,0.28264478337385196,0.8433005544269124,0.437309583893186,0.6639918473089916,0.8290685997111501,0.13112608548742527,0.3179974669647176,0.23434393031506326,0.19771686221686674,0.3494012051005116,0.9827527694447552,0.5537845253315147,0.2087501025545482,0.6866512043013273
229,7,5,12.8816,77.4846,0.16078276562414234,0.3640888141358502,0.20867281910504362,0.2583265541386561,0.46415177929819335,0.752780180546509,0.9251316729495573,0.460716579209126,0.919934577716363,0.32750594681308864,0.2380162263619701,0.21525196583247755,0.19687696841320637,0.07871868224149062,0.1553000008442508,0.6673493210072344,0.6915649450401898,0.045150610186910405
230,7,6,12.8816,77.4946,0.32393596232151756,0.34015046563955054,0.2813321426575738,0.21525134690045025,0.0959000121462904,0.620132235856109,0.12526787433542103,0.7534762993873219,0.9899584872797338,0.20621603314940673,0.33410498231909247,0.20297988476144693,0.32389774625074197,0.47229200305509383,0.375616832685638,0.6990720403580832,0.5648138057452589,0.8228076631937896
231,7,7,12.8816,77.5046,0.262396004239085,0.3998940143866877,0.4212509353923509,0.29931183065954026,0.6446625642332093,0.5122170340263049,0.27589879668171957,0.05748771017062646,1.0,0.24927306426020973,0.3250425660306261,0.41905751862956436,0.39240357851021884,0.5630725154794313,0.499696155597994,0.4207002781310921,0.023790432688403647,0.6807076876050038
232,7,8,12.8816,77.5146,0.43731191637696537,0.33099722891566996,0.4490523740885749,0.32961317029548776,0.02052709992622426,0.9878151481371729,0.9499421796451198,0.5989351779723061,0.9377555700127637,0.4556703200101936,0.3844954537700884,0.3617185646823938,0.4159352447049994,0.6489664033030078,0.953453593182482,0.274002883862666,0.6569201057907453,0.8416790998353992
233,7,9,12.8816,77.5246,0.4543764563656712,0.34588478933456723,0.4602299719840973,0.44531797704946013,0.9885883289867597,0.2887088372831524,0.932495673702466,0.8746886794577077,0.8235824471001225,0.304154325790484,0.4470926873007103,0.3510937301620039,0.40647080360445664,0.5957127294799401,0.13085240739463344,0.3930863801017274,0.0813702092895384,0.5966613568965732
234,7,10,12.8816,77.5346,0.35634494305198255,0.3615693569424943,0.512669217481591,0.5124192262074339,0.9622596655668759,0.7411803606175588,0.9842258498986294,0.45465867182132563,0.7012484110910929,0.39235594714731387,0.3624455171739173,0.36259801036682654,0.4822968566536049,0.27967288350794534,0.6744027441326358,0.04094810228839163,0.8259096372172415,0.23394797406837195
235,7,11,12.8816,77.5446,0.44083320349449656,0.4608291590316745,0.3961530482831328,0.49601271895213794,0.7819245266956922,0.40945283011532824,0.8235103867463497,0.8891517189065261,0.6188315660504368,0.3790432952314296,0.38391143121394433,0.5240006754740634,0.5873488691348343,0.6101864569025585,0.8238798362484954,0.3077765669343613,0.38106709670656863,0.7390832171259282
236,7,12,12.8816,77.5546,0.4267340536590232,0.4309740653112923,0.48989848163367805,0.5973835647523856,0.92688515652942,0.6628512115001508,0.17934411073273024,0.2515981018676857,0.6087297085713212,0.5073284425881527,0.5031796243553831,0.5353801863769864,0.4754858202237909,0.7282577288708086,0.9055845879879524,0.15309566406648006,0.8002952742491011,0.6623458326354342
237,7,13,12.8816,77.5646,0.536766334381992,0.4236677276333367,0.5111218853491055,0.48458233409585744,0.4374809625498472,0.6086493690271079,0.56206590316201,0.9520257032393927,0.6746641472932506,0.417440597102253,0.4955197501643761,0.54852270780913,0.5822456785879742,0.19815840728103784,0.0751165730216866,0.36624766034953393,0.8686007154497859,0.26616754366930107
238,7,14,12.8816,77.5746,0.5771280591850871,0.6162115814576477,0.514812999311,0.4681686504996143,0.4482901174173122,0.3326434932532864,0.00794186105043483,0.5529305691043731,0.7899208062792114,0.49370717281178006,0.5645181294605217,0.4787507451908724,0.6478100686488865,0.9609592731681244,0.7592021892838828,0.5996533487225736,0.24366449737607332,0.35760832206125326
239,7,15,12.8816,77.5846,0.5665275212499044,0.6263023543236778,0.5951454284026643,0.6345278792853634,0.6448174630916776,0.7944875757456139,0.06719539647573083,0.8884332994065682,0.9071892605945746,0.4701379810897232,0.43061809194283635,0.47696995672329767,0.6035536696479257,0.7003414476418867,0.2079480246895374,0.06892397560186334,0.05700087311455678,0.30356491736469604
240,7,16,12.8816,77.5946,0.4872754278869758,0.5667659479833357,0.4742432116089593,0.6528141337115719,0.0585679046542006,0.23055577283397496,0.21390041637571022,0.16185813265281213,0.9765958260938028,0.45946912338920215,0.630412608154919,0.5535703014963476,0.5770794804146189,0.7118445760465342,0.44331124213868295,0.4731827055415548,0.28507740776133994,0.9640018544535243
241,7,17,12.8816,77.6046,0.5112187194799012,0.5029104336247056,0.566896970565199,0.5259733532558165,0.0499885834538397,0.5440626987404613,0.2819429396556376,0.9374494048138958,0.964926083788112,0.5555349577347103,0.5548100164122229,0.5583814362042008,0.6261415633641475,0.7747383590230653,0.41439542537504986,0.9286857792224774,0.50355852389079,0.8678150085340227
242,7,18,12.8816,77.6146,0.6179092437372035,0.41966948737738996,0.4698719964301939,0.5866778015726802,0.5527813716573268,0.6528665358804063,0.2025064634342507,0.026790101930771065,0.867513986432824,0.4634093186506791,0.5379307445064179,0.4927705396702328,0.5442619138678064,0.1379919063848953,0.5155413025549781,0.5739515586213817,0.5162948243311067,0.9788810069784747
243,7,19,12.8816,77.6246,0.5609025472096383,0.45814606391300433,0.5416470754151862,0.5770155044495503,0.8612430245561947,0.4890326010729723,0.7556735390498841,0.5378090779494923,0.7072769695070179,0.444722276245973,0.40510542831679375,0.5972143777842231,0.42168567569000515,0.6692861547007343,0.9832040731228698,0.00018951470581809646,0.0,0.3172208563752341
244,7,20,12.8816,77.6346,0.41952066151143114,0.4225758148663932,0.5330286043457342,0.39330094191656634,0.6868992852124105,0.39024438933953,0.48329178139055656,0.9737756781026593,0.5222362417462966,0.44330997245135506,0.5428887030823935,0.4339838783599566,0.4664942161179879,0.5944494198737899,0.9524179180477801,0.1591169491408549,0.43423730370293045,0.8470974920601368
245,7,21,12.8816,77.6446,0.35285115889534263,0.33752385345814984,0.36164888469234086,0.3902401577180944,0.6952871690137918,0.07679029918929269,0.017921619083139224,0.12861658103769333,0.3490542226209415,0.34030496461287185,0.485101041846833,0.468683793556262,0.3412422789806297,0.07008319199629615,0.1761922925674123,0.6738754821111801,0.5298127982988516,0.19460822943004102
246,7,22,12.8816,77.6546,0.3706789391141777,0.3801505200456307,0.33113540085261073,0.3606756871156977,0.004257237763267177,0.4827842154168022,0.9297158549333889,0.23622029264439137,0.21114701836543615,0.5101930470815766,0.3362399963987945,0.48057973035179496,0.3423474608019795,0.5740464457060613,0.8854501994371613,0.3742124224285314,0.46199325776595557,0.350931090427443
247,7,23,12.8816,77.6646,0.39700409461047914,0.30304167306097307,0.28744812956292537,0.41471734450003517,0.49255382907807127,0.3047658815089589,0.7203122426695916,0.5292775886299104,0.11558777805314979,0.38814876402554094,0.27010677498901603,0.38274318082171926,0.44238729171969826,0.3223924967896961,0.8164539198509365,0.8882849787873751,0.8295608598059634,0.23576835604774649
248,7,24,12.8816,77.6746,0.23167123240791418,0.3536353671130062,0.22595292772151926,0.31403501349535556,0.8575233963866306,0.7729690229788755,0.40306124303013924,0.06584861033308748,0.0572613921086347,0.30092515116063145,0.3385917032349611,0.3323274443596946,0.2643443465030375,0.05818898886800681,0.3034648493276286,0.599324094195703,0.011455198159538995,0.6831504616151717
249,7,25,12.8816,77.6846,0.3741230708826782,0.3731513030040937,0.19204751702460995,0.3981155416073581,0.06381003834183879,0.9293305246987776,0.9405634939116329,0.9759881415086806,0.025670267777881322,0.24956935782366066,0.25625933896598024,0.35273590675837785,0.19977446318486214,0.5297808879143457,0.8718036334157844,0.7124142852789785,0.36302180319374083,0.8054604651132226
250,7,26,12.8816,77.6946,0.1801534250723238,0.1952170764175134,0.26386172750731895,0.19862040835357483,0.08978810579958701,0.10893630501548617,0.9871337154271304,0.4568617291564007,0.010413954855198996,0.35700408467490236,0.333752672159071,0.2815489719462457,0.3722605911786693,0.47715078458906435,0.2867481328603797,0.582755344674207,0.16034652642486524,0.3811300968824586
251,7,27,12.8816,77.7046,0.22147602609816236,0.1766720034027027,0.29410216834032554,0.3308655044725617,0.22214983076684164,0.08574142724971955,0.5618142871303909,0.40009071799365253,0.0038231129182841597,0.31161715914365035,0.19533324398154175,0.23991310721196074,0.2023381800384984,0.7417371795456098,0.5699228383998199,0.3555263384639131,0.5868402497217157,0.5870523456770205
252,7,28,12.8816,77.7146,0.25950248052295605,0.1901816965679612,0.1825048619376726,0.13770363584892537,0.03222691152207963,0.4845694557455204,0.16227803201960891,0.3455985532228709,0.0012700898799670802,0.2564102360997614,0.19526968449881893,0.1736252140616905,0.21600392548979433,0.6196281731391924,0.640609536996769,0.5214674555840607,0.3055581314748274,0.44365580678408084
253,7,29,12.8816,77.7246,0.1965939554423377,0.14369833668724474,0.23991932236137217,0.2749415771421659,0.7580101712715821,0.22080715528741565,0.46854341561845886,0.08105964203066833,0.0003818278369241283,0.21641973681268056,0.16745630121487595,0.12695964720329556,0.23098707389578219,0.62796095830581,0.1749406688725537,0.8835081915597338,0.002677972659224788,0.37475153670932143
254,7,30,12.8816,77.7346,0.20515899772276772,0.20785491535658432,0.23321600976952392,0.13952513329984803,0.7044265445678728,0.7766993306076797,0.17534093086718583,0.9033286396772323,0.00010387630297706582,0.20458579234594196,0.09229680017518334,0.08116210041145723,0.12117670545045515,0.3749970233372226,0.02452357935600893,0.6182052462194425,0.19354187074465856,0.9084026811509308
255,7,31,12.8816,77.7446,0.12313680393316746,0.12922681064857694,0.0720354968330927,0.14774563802414953,0.8474639495260846,0.46708332439887223,0.8087470583775324,0.9044627460837115,2.5572967913188582e-05,0.1565913488099011,0.19479575890618198,0.1544540982132182,0.19096313914516638,0.7142773128676153,0.007021113397416498,0.9283082791088759,0.5600089728835498,0.25521661200085216
256,8,0,12.8916,77.4346,0.059978861618889365,0.10497779833243087,0.15790954780312125,0.2520549678626078,0.6022334326035356,0.9616966367791144,0.9926361701325385,0.28240805278704184,0.8420654703325617,0.19042832450376415,0.19716644015495796,0.2312205280161518,0.22448170230559206,0.9252069429457466,0.8987896409690812,0.4249536985537453,0.8083823942022714,0.629944953014463
257,8,1,12.8916,77.4446,0.12138710488053768,0.20994058731392418,0.20719222999544884,0.2291707204731469,0.5222498542670252,0.8673413934855808,0.5439570989363545,0.2053535348791844,0.7592940628390963,0.10912181525797013,0.16743862394734624,0.21571666654276547,0.1721272034619006,0.23741682873613804,0.9723109081155247,0.288743022699036,0.3490808127883647,0.7374263855480704
258,8,2,12.8916,77.4546,0.2725057143542238,0.13076368150358156,0.11496108084156455,0.20530239643311074,0.8976207861833028,0.7435284025548266,0.9453071149106479,0.3821290935591522,0.7067757093357676,0.2784691733283708,0.09441820815795195,0.2920766532577778,0.1112168378468329,0.12723406604892448,0.21949359077638728,0.7987908895867256,0.870444965403934,0.8128749853820536
259,8,3,12.8916,77.4646,0.31323211039582355,0.24511163887202173,0.30539948872917827,0.17382517461129413,0.22372766728999674,0.025060062680784468,0.7381174121240174,0.007911117811575238,0.7116604425793918,0.3013049954333478,0.31065232215889943,0.24957485867370197,0.1399458709343295,0.01077496170994913,0.27863762869933184,0.19330513114050732,0.9075084477022815,0.6372300157282862
260,8,4,12.8916,77.4746,0.3267628962931279,0.2073063248473229,0.21619305309756562,0.2626052435650066,0.627017166456016,0.9585335388406865,0.14664447137070583,0.9216885616738902,0.7716280964094314,0.33817459871509925,0.28105246074972906,0.3376754794906592,0.2003622885805379,0.16335147571338773,0.19417030593982637,0.28538804624335207,0.04674348352847187,0.4870906379818733
261,8,5,12.8916,77.4846,0.27917838285010377,0.2134945426138907,0.19892099640357883,0.36175941566663056,0.8695145076254475,0.6379046128041133,0.9674728055944503,0.5430046729410143,0.8561985911320296,0.30402522277970334,0.27847952740557036,0.20670576997661655,0.38435314958907196,0.65866514061977,0.6730711321813966,0.08844934801666406,0.17993061077396313,0.4434733150933638
262,8,6,12.8916,77.4946,0.38191654296820315,0.39115021252125465,0.24530029219817553,0.2612630522011095,0.153647436198375,0.8912255541670299,0.21638932630012156,0.8992157151408838,0.9213710220483073,0.269424737893475,0.37013461885671534,0.3278281230056674,0.23964282505339068,0.5579674578773116,0.18488683613989884,0.47843230003114084,0.4135291568126945,0.03850768046771806
263,8,7,12.8916,77.5046,0.3826130936701045,0.42871746063961996,0.3979093906218872,0.36642730061410467,0.2695118641355097,0.6402835904986247,0.16130509537308743,0.8632255722445058,0.9307168269046359,0.37488465341043004,0.34846118693138833,0.3440589556190214,0.28665763380333026,0.6241552883617089,0.7678896197286941,0.5753095227261592,0.49529756055580504,0.7485527565062877
264,8,8,12.8916,77.5146,0.43801552710105324,0.33085013797132823,0.32219329035788064,0.45392235537341347,0.9452545679970563,0.38860105975361126,0.47955518039094625,0.050624952730251326,0.8727848885344275,0.44649905833170656,0.3952396043261301,0.3307578412356222,0.32851675864178115,0.7045200140217464,0.43743897175597435,0.8491541757842725,0.8810988744299373,0.8491939993794305
265,8,9,12.8916,77.5246,0.5333690443663522,0.39067808508451857,0.49794685235034913,0.3908694423630316,0.3564011916619312,0.3320725924772936,0.39150124732403985,0.7095040445096312,0.7665220418593813,0.421050833352463,0.4513279999003463,0.36771527912947455,0.5589175274429765,0.17034472677644716,0.11221403227171546,0.5200675649225397,0.7751291053197787,0.9778988737862576
266,8,10,12.8916,77.5346,0.5264527200350667,0.5570277213810438,0.4470318877923008,0.4453890584479547,0.9211598371099751,0.6895923475129266,0.6634735365754516,0.14263575395343636,0.6526636960426196,0.4345937033892859,0.5182466718905574,0.5723899650393801,0.5110056320162802,0.3375766044899806,0.2836089346466173,0.18106756513806066,0.04208261179444542,0.033148130027365705
267,8,11,12.8916,77.5446,0.4892909561502227,0.5529556855848863,0.48283742412658337,0.524560472888744,0.12320843580768634,0.29096370679241174,0.20016018391487625,0.8980516417294246,0.5759569515428891,0.5145983101937587,0.6101689825055231,0.5696835543958564,0.5692975487377819,0.9947966755375466,0.4375772387164441,0.8287381581228844,0.2579059755284734,0.6522998950634865
268,8,12,12.8916,77.5546,0.5647753438444467,0.5986477050863726,0.45672635026836567,0.6514012293183663,0.005038573255150974,0.6164356946173257,0.3982469103400957,0.9426606801203874,0.5665549828040839,0.6311066134101309,0.6072281776572951,0.5639114121368396,0.5991433866931037,0.7003857806886505,0.3116757462721734,0.6005592620936064,0.13143867628413872,0.6872441718229394
269,8,13,12.8916,77.5646,0.6660312727743952,0.5673100917574934,0.5229973689564986,0.588217293121283,0.6868393210981325,0.007595756641049551,0.4075542912872166,0.6876726008684224,0.627921274395096,0.5609822140981428,0.5462948187855617,0.4949978168298247,0.6547259479583618,0.28228305705108137,0.2170683191759426,0.0866678567146085,0.23371140432471912,0.7534471129659903
270,8,14,12.8916,77.5746,0.5450881278385927,0.5324528862185505,0.5869703225842504,0.6568869804069052,0.6407916460351178,0.31815381803130366,0.0965841919227721,0.08281276664372979,0.735192586326139,0.58544708144815,0.5454261047399291,0.6019212666507114,0.7104365436426312,0.9513149612082913,0.46978455987331,0.6530006340669612,0.6848687644458505,0.6679090266758518
271,8,15,12.8916,77.5846,0.54936350634462,0.6356307024847859,0.5750952852204679,0.6783435663988934,0.9297136360290783,0.35256312050239874,0.6818875770922649,0.2658424885054801,0.8443363100225453,0.5273519683611961,0.6439372869739047,0.5526383734907588,0.5500331281302454,0.3067232147009402,0.02381107289339543,0.9200358972966256,0.263544323165932,0.7574672692588066
272,8,16,12.8916,77.5946,0.5281244767235976,0.5034156732685704,0.706716930044481,0.7002495012458358,0.3613571507893138,0.9935951829047256,0.841947209790266,0.758182236273115,0.9089341684303357,0.629473727876866,0.6153061561731056,0.6893051911741856,0.6613270201790485,0.8155744627666881,0.9183979915121433,0.7913471189374355,0.9638764330153083,0.6336741071347308
273,8,17,12.8916,77.6046,0.49157412004605205,0.5275531259400773,0.6439087939881204,0.7080629986337765,0.3593452707869139,0.6738511600030261,0.5851920850820588,0.8341409531134774,0.8980729429007885,0.6812217253027976,0.6367735228930562,0.6123978904708892,0.6754039244644414,0.20021973100119406,0.35585102013071973,0.915946791903378,0.712886580947747,0.7089745549987633
274,8,18,12.8916,77.6146,0.5660804626560801,0.566008540944634,0.6435568548676798,0.6020734646216783,0.9568735049282722,0.9900670514542357,0.5205800142657298,0.15323601111700919,0.8074098647481492,0.6262355417414942,0.4855315472609128,0.6597867016714605,0.625611751423232,0.9996919738859769,0.7248258885722972,0.5505352705045773,0.3878410578607981,0.9781546820872267
275,8,19,12.8916,77.6246,0.5666676301618813,0.5734578022173588,0.5924415002289847,0.5375547808543216,0.9141732950730789,0.2926088584891872,0.6342892772793266,0.3997167518700842,0.6582745768022987,0.511392866326347,0.5570701272894782,0.6412506016123725,0.5413306480985042,0.39348671255101836,0.846130335410121,0.005222257828132969,0.8081296066057554,0.5312821497704292
276,8,20,12.8916,77.6346,0.47635932071342685,0.5511071254082303,0.4768549241361628,0.4747680473359931,0.14913589232467506,0.5549177017832474,0.18753098924039185,0.563912991683964,0.48605405781271555,0.5350950434427584,0.4650938847871143,0.4437078935727135,0.595549910514223,0.30477715782444864,0.65198056521899,0.8425882022801104,0.22063699104697165,0.46514913905390726
277,8,21,12.8916,77.6446,0.44302736207357074,0.4307613735467605,0.5907733441046613,0.47495747694750085,0.2792869061910617,0.8768507437313677,0.4481538017338323,0.33422674602052743,0.32487063849542713,0.5657357409795217,0.4094196225003186,0.5269099942146002,0.6041437807411604,0.25243912266409374,0.10280268863813839,0.49596409020718385,0.11998405530419487,0.9531129805897894
278,8,22,12.8916,77.6546,0.5121527454992818,0.47785689269261566,0.40081785320684554,0.5246299063203794,0.34421566956557853,0.6231207203167525,0.15467715675532645,0.3152594215421748,0.19651808294345358,0.3508421672717018,0.38180474310377677,0.3845232681945405,0.44850534532074227,0.6477201506632471,0.9798919796833612,0.6357052066819201,0.2653462628209078,0.02657441567929305
279,8,23,12.8916,77.6646,0.320108385538717,0.3609890111145929,0.3296627247313084,0.4995251808572279,0.30055234267052694,0.7972733462359176,0.6419617086135975,0.47350385886704416,0.10757949001858483,0.3723080969190286,0.4287538617147452,0.4482620141006824,0.4989420713092116,0.8644329655525574,0.2303508497746389,0.256130850587069,0.5145452639727427,0.768842301877146
280,8,24,12.8916,77.6746,0.27803945238889105,0.42489237197862756,0.436699864837772,0.3660776687700945,0.5047126153553718,0.9385682289024251,0.6525563796979221,0.5966749974599755,0.053294141167490656,0.45425346604996397,0.4209537255557384,0.30418333249385643,0.3675906222409459,0.3129530142103998,0.6472289651793938,0.9484920195271237,0.8235942197759336,0.1531118840782784
281,8,25,12.8916,77.6846,0.29397897876286694,0.28798588204487147,0.28406116598662634,0.35742312523577424,0.11440692432343232,0.013657293683010198,0.7206911546911027,0.7317732411906179,0.023891750172022042,0.2671129448290005,0.3203690960447166,0.33001318146767594,0.23739110605068964,0.3198874566185989,0.4197112185589011,0.6263285100611079,0.13848055776210694,0.4876746286624048
282,8,26,12.8916,77.6946,0.3382216345344456,0.2845796160072304,0.3235660807161853,0.36892482501495605,0.083717123226979,0.9138977820910453,0.4855838020283964,0.43898864770883295,0.009692443018358947,0.35133162101339044,0.35926792680482084,0.28428016148530394,0.2368968822893367,0.677943299066435,0.14861570972938332,0.8508699086243369,0.16240963332408526,0.5205942665355247
283,8,27,12.8916,77.7046,0.31986142164897824,0.24060145935428345,0.31906616371313373,0.21310902869322307,0.1949588806445791,0.24704599338419087,0.06879670722766121,0.7071181829519283,0.0035582355242035563,0.1813870087043047,0.1553791522300139,0.30694700882051257,0.1868611516162723,0.8729365531280798,0.8334665729887031,0.010901091142241531,0.6126258510149303,0.8871634716261942
284,8,28,12.8916,77.7146,0.17316849985499502,0.13002206333423086,0.3046641080926666,0.3067066793183868,0.24632896449665684,0.7668380937648572,0.27625718100942914,0.7695491149539603,0.001182094022966651,0.18553877612348993,0.20988996557942163,0.16066608585766498,0.27166164567678025,0.3371801429366028,0.9635180713739075,0.7939551204975901,0.9884733619314029,0.21292069654076592
285,8,29,12.8916,77.7246,0.20177543523203023,0.18383381677403035,0.25219679828684954,0.27212451503549095,0.3086784605944094,0.38810622273351175,0.958375484568721,0.33335777632851543,0.000355373592805885,0.20771424355550197,0.09962855641702736,0.11984749411051242,0.296027107224152,0.8652091658919482,0.8150368169621618,0.5062217840054888,0.31011525683171604,0.5749489005819701
286,8,30,12.8916,77.7346,0.22275902854625446,0.10491678948415806,0.2004999786126053,0.06987957642591563,0.9499670695197924,0.3451700380566977,0.20438907540450071,0.10602312990519895,9.667942309739906e-05,0.08846191769456237,0.19239660608774303,0.07674731344031029,0.19548772976809303,0.9771376410198513,0.7228122995650823,0.1131958986927389,0.2919243711928205,0.9745345485209528
287,8,31,12.8916,77.7446,0.14131553768255467,0.06631502717442167,0.0816774286684802,0.07154801918324047,0.7871072499620932,0.705603053182883,0.675708555405478,0.34756333944394874,2.3801191550696597e-05,0.10136921656354894,0.2273100193656359,0.09240245655755173,0.19133614020745857,0.9601498947726129,0.5293807315792117,0.49012580804525824,0.3599888376653777,0.6462976779411941
288,9,0,12.9016,77.4346,0.1723332611795291,0.08422338659798462,0.1535763810812166,0.2694359612801074,0.04537071777899144,0.7730986599076436,0.6481178791585612,0.9245881331705664,0.7092170514402473,0.20810521171449362,0.2487384445813191,0.060644407399670294,0.22155509653957006,0.8225084971654715,0.20630080834394535,0.059640892492547164,0.6026778635063222,0.6674967267780043
289,9,1,12.9016,77.4446,0.27415625849777847,0.08975823137174864,0.1641985324252346,0.12966720124330694,0.7307798840039771,0.15630728892917264,0.2922860144177739,0.8221235483437014,0.6395040711147496,0.2272113865304669,0.1746655601485446,0.2383064385585367,0.26051516095888183,0.141114587155846,0.5699367641738672,0.1927222926177731,0.04720149264884898,0.003496091253218242
290,9,2,12.9016,77.4546,0.12845374195097256,0.11189038339964767,0.17982390677250953,0.15355804500447082,0.8105340502888636,0.4815757937860856,0.0015948898384696656,0.46570617824863475,0.5952712731549695,0.1637279461719629,0.20299527824828129,0.1637030910252867,0.10992363343160647,0.09922660945098892,0.7103150785725082,0.5374928251230806,0.7266451272007819,0.08775354238500245
291,9,3,12.9016,77.4646,0.3288621764570802,0.14819959564333596,0.30955436871059466,0.2716579359303623,0.9281797932535388,0.12083303846201993,0.26619928250139396,0.7918039632694338,0.5993853666906505,0.22763728301578212,0.24757158945122495,0.17858525190902358,0.3174300975745395,0.0,0.883464455134522,0.2439706342376137,0.05680623419875845,0.9362617458129893
292,9,4,12.9016,77.4746,0.20672052856099804,0.32710178589295985,0.18509958769258117,0.19398186846924434,0.12201630618837311,0.31936258456038463,0.16800633570874218,0.3430611826439688,0.6498922264652636,0.2020567816866282,0.29239270451851174,0.24623927311735808,0.2865514601175575,0.36191945693854677,0.18629863101980848,0.9754198281359668,0.9938848953178121,0.09013108289090031
293,9,5,12.9016,77.4846,0.3250667149524654,0.41320941664813665,0.29349712768709657,0.42438252011168986,0.022388380982398936,0.044041249320759916,0.5025597706826618,0.6684612351988413,0.7211204611087245,0.3708820448128696,0.2658904186701477,0.40566899676174706,0.4035320216943826,0.7171404794706405,0.5680420689603394,0.6941007821270669,0.9644589562636146,0.44580264928531976
294,9,6,12.9016,77.4946,0.44492444508157813,0.29276069307843217,0.30666860899287435,0.30650860058837814,0.8406219204131687,0.2634011595197363,0.3725314794261144,0.1929755952506447,0.7760109665600183,0.3879479834278295,0.28432069012687905,0.3497218010398113,0.45225344696693026,0.19230199632905728,0.29988157000293103,0.20776839702444083,0.00694077170081514,0.3721837564705029
295,9,7,12.9016,77.5046,0.36811401353716555,0.4033972645807062,0.4414639434187658,0.4035235630772972,0.7192601179020952,0.2597956070256703,0.9989058560081081,0.9948675133479102,0.78388233095752,0.357129910830932,0.41675788895265176,0.37378598466513,0.48375921804751854,0.9294140781892072,0.09101075132548242,0.22146357043570813,0.7366953701857435,0.9774787263625674
296,9,8,12.9016,77.5146,0.4553271691203288,0.38962882709167074,0.36799073561802575,0.4375624660026972,0.6175660298837002,0.11302369431492908,0.26015992497477136,0.9286458563524908,0.7350900220900032,0.5529100632970434,0.42350564883684083,0.5446118146539921,0.5157615452356396,0.8313459070753592,0.3110868717856675,0.8258901130141842,0.7899705221796255,0.4469762086279548
297,9,9,12.9016,77.5246,0.591607298134431,0.43674384884403866,0.5686643287823877,0.4638433778571176,0.681096324537511,0.7619689525425367,0.06591539970976182,0.801477404371554,0.6455917283685425,0.4103714062723452,0.4284005854778701,0.48717263874381594,0.5884285723179449,0.19005476111276665,0.12493356637505566,0.47054278839453517,0.32733261290035864,0.26408942433510263
298,9,10,12.9016,77.5346,0.6375590265192446,0.49089357644053105,0.574516648005247,0.5980260269417523,0.050944362771152246,0.5021806850524695,0.13573998953491317,0.6398182804130074,0.5496962390663432,0.5471028956359557,0.5511100960620406,0.5541508736185801,0.6391774328154171,0.7479544588557138,0.30925592335631147,0.2764751365622258,0.9954425719857871,0.9575088113447929
299,9,11,12.9016,77.5446,0.6358515135989026,0.5048736824043282,0.48072516548671773,0.6903229538040888,0.36005288740477137,0.5047237992057562,0.9020663099321601,0.28155628065516153,0.48509113046570884,0.6836148193257486,0.6688832308974579,0.5878753154191371,0.5619988005843576,0.9637602431535159,0.9437830781659702,0.3210054297266716,0.02422488247838325,0.6806422760517039
300,9,12,12.9016,77.5546,0.5489639108382998,0.6712129493559316,0.6708035183552055,0.687951997232381,0.6064619790659767,0.6574309736055017,0.6266797210270629,1.0,0.4771724628779791,0.6480078694448136,0.6290344725841798,0.6978854433034765,0.6137566829938567,0.4394534358288808,0.06227644920433548,0.7061021468593177,0.52079514779858,0.813645780157808
301,9,13,12.9016,77.5646,0.6118936224244965,0.6685151860874695,0.6131587475866823,0.5960391973621885,0.6425583277305108,0.6735644149841319,0.4848465171164095,0.9963616769629077,0.5288573043937009,0.5582112033143539,0.5895173096876434,0.5609591578627355,0.6474983627515111,0.5697354926436925,0.45141396468942124,0.002313238784320508,0.01664767227388202,0.11305889695129769
302,9,14,12.9016,77.5746,0.6035151887896957,0.7477920813850905,0.6579432136082105,0.6237871085070416,0.7354517073056511,0.6797632898431512,0.8133986420281977,0.24620513422624704,0.6192049628979918,0.626459937575796,0.7121962728064549,0.7290410878909154,0.643724876706028,0.2681540565321299,0.7757963525968279,0.2768180804739767,0.23432669046814245,0.668404356946675
303,9,15,12.9016,77.5846,0.7428609064441863,0.6241310809744294,0.5802499350618036,0.7457087114652438,0.7769724741554475,0.1694451134088707,0.7382875974868156,0.8153646657341266,0.7111296322145042,0.6575918551560899,0.64489365721077,0.6936443086715804,0.7850705357744934,0.2468057273326809,0.45241576595472666,0.752256352154152,0.8429774030293502,0.4378192933742116
304,9,16,12.9016,77.5946,0.5873713491097515,0.5758734406356952,0.7462302675095653,0.5899820309294199,0.6051735419433094,0.014111267077647247,0.12259553014931159,0.015526000843617964,0.7655362125617949,0.7609665519093965,0.6095528934092912,0.7130263681988678,0.6014566906574341,0.5627703176074434,0.18980016956766352,0.2522986092619328,0.8126787406465612,0.6187897773660856
305,9,17,12.9016,77.6046,0.7117455371201739,0.6839032087512669,0.6640098190141032,0.7474891227621004,0.6084505969070935,0.20881028273608396,0.7931357622255354,0.8009068049262942,0.7563885077615365,0.7404312548942584,0.628703568144601,0.6171285401063954,0.6252624657447506,0.7551315935279149,0.6236621030760673,0.9435147949687216,0.4546797106693092,0.16352838871728448
306,9,18,12.9016,77.6146,0.681655756213076,0.7166724782546772,0.7319476316397595,0.5878331452467699,0.7029930663904779,0.06288025294952648,0.6098876420952931,0.8655987927962667,0.6800288858232124,0.5832629392391749,0.5552214380970408,0.6999502754187193,0.7418139261114904,0.47854562621363667,0.985112512535613,0.10052376935383146,0.5436336520058097,0.5564173563712018
307,9,19,12.9016,77.6246,0.5979251821984413,0.6673202542790903,0.6556019352307338,0.5489248349700827,0.7599066662780051,0.5212694039083627,0.8728848928903328,0.9639765333201866,0.5544219194897321,0.5974013296647197,0.5271856140961969,0.6045834264684185,0.6134343903926799,0.5573002742765021,0.22236870066376596,0.9732859166655105,0.4790018529688677,0.9855017930088359
308,9,20,12.9016,77.6346,0.6522202787905471,0.4791520867882045,0.5919320304206904,0.5642617917091021,0.6365758163707224,0.11891943203300943,0.6920628961389289,0.4936024987859005,0.40937176249058194,0.5131727793162397,0.6311132761197034,0.6364080529538289,0.6563903101415952,0.6949556593265188,0.8844590905618736,0.6711821372563493,0.17020547098408625,0.474061747394688
309,9,21,12.9016,77.6446,0.49794293379193766,0.5566313832904476,0.5131801355333424,0.46962317172914153,0.9989355376433644,0.2263974571702103,0.4139215003256238,0.5760183888217827,0.2736174376586687,0.6146266565011224,0.4700188560540383,0.5422297687194492,0.628011383203036,0.026069904209641122,0.21591698095529557,0.8496007054727842,0.549174884889848,0.6735958018374153
310,9,22,12.9016,77.6546,0.5047298878016788,0.41186427609494985,0.5966449311097365,0.4412908331392742,0.17270681977739036,0.1506458457797411,0.9869298940919984,0.8558714850801171,0.16551441693102836,0.4741337661877046,0.5576031137390377,0.5870697769545893,0.5327433610789342,0.7333586790101689,0.7495562262935199,0.08347896141689419,0.6949050378794265,0.5252173086476388
311,9,23,12.9016,77.6646,0.5053134581308414,0.3761508476462015,0.4295516491584586,0.5718817749031426,0.6996419142106797,0.321129089657166,0.04263507319197533,0.8704902516649067,0.09060721689050352,0.389024290947354,0.40175250876669205,0.39023745889165656,0.5680183031259767,0.5954972965141436,0.07091352288372497,0.24692668367986903,0.23911302349205507,0.883482915729954
312,9,24,12.9016,77.6746,0.4702843807216375,0.3110289327498765,0.3747516177156611,0.3523126025080754,0.9075029202520586,0.6324942649124098,0.6293646110097447,0.18085784194193902,0.04488619351998911,0.44139393439931235,0.38677920332207855,0.3051520174446834,0.40672790537471737,0.30705986432418253,0.6694190306653721,0.5328110985165002,0.477494069781632,0.9482889179219435
313,9,25,12.9016,77.6846,0.3560430225580131,0.38120280205612256,0.2778381260916264,0.3722037351285974,0.5743882028342053,0.6339628545042199,0.5139353215895174,0.7844728113933318,0.02012246934202934,0.3063846299784184,0.32998359707466335,0.3137185056188678,0.32322026809560783,0.03606882971720691,0.2757114225340113,0.24393924719498075,0.5537957906377609,0.07310342723305593
314,9,26,12.9016,77.6946,0.32971813021887847,0.3156056001408192,0.32422493794848656,0.2626899044256433,0.9813783122203183,0.8631194155957138,0.5023534382483607,0.8875380156521737,0.00816331520637978,0.39763898667091135,0.36109370152084946,0.22705251014184627,0.2451352204961345,0.5236593181667121,0.9657944909354469,0.07037930573311756,0.7631227182915729,0.8477365667310898
315,9,27,12.9016,77.7046,0.25549045622661815,0.22377066294100736,0.34586234976987623,0.2883212771936073,0.718706751645999,0.5294199441440788,0.4606706466347651,0.0030673533237889437,0.002996870665898394,0.3631883226927381,0.37061547433180503,0.3084914432500882,0.2829507634136429,0.06563001414237014,0.28024494246615095,0.08310071179427286,0.6904110570414174,0.12868305401137062
316,9,28,12.9016,77.7146,0.22525531437063484,0.15688040960318875,0.1343864360833274,0.2633717625552908,0.47449205733983374,0.2734975635361567,0.9985699050444776,0.977984202225183,0.0009956010156341494,0.18716919336323573,0.17900794730374933,0.1456743275356183,0.2624145465713417,0.7987336848822776,0.5274031430480166,0.5597993179546857,0.8272443731295301,0.9874544254437139
317,9,29,12.9016,77.7246,0.1261918817647817,0.11041665495366959,0.25774894195203335,0.1526965375372826,0.21568539331186973,0.8075671521083537,0.42442515541426473,0.9015325226197602,0.0002993080948325523,0.19416634216042433,0.25300119044291075,0.3049820447359015,0.1817967081349798,0.7977703021825051,0.8368630114938017,0.12326905817740211,0.7114960318170411,0.7323626721073242
318,9,30,12.9016,77.7346,0.277523469373032,0.16810579752361743,0.15029849785674268,0.2836075277048711,0.45582570335566786,0.1367500414190051,0.46891516093309954,0.06433331776055008,8.142679850891084e-05,0.22676940247426822,0.11744476314326359,0.09295362524978365,0.2520826026761787,0.7846734487865283,0.519767613034923,0.9085281865807859,0.14411038131949505,0.24343645149146104
319,9,31,12.9016,77.7446,0.17893043741990092,0.19496340696233475,0.1686607981757995,0.26411035691129126,0.9788044283188604,0.7551907955541116,0.36246235911180924,0.985332624478379,2.004619769729104e-05,0.10857512389480967,0.13208927723096092,0.26240659152404083,0.21778111990211127,0.2346064132515229,0.6801339884150347,0.839698152104495,0.5353189285249977,0.9625438804620375
320,10,0,12.9116,77.4346,0.2224180327148244,0.16726901824806165,0.20431142790452053,0.16331014949786196,0.19050047860996144,0.3763428706868154,0.24484548209992268,0.06332557369061884,0.5405404787307034,0.09795878370536763,0.24669676629873422,0.2685505148849359,0.17480325247896258,0.3736589378574691,0.1654625895183892,0.8733520396505448,0.3626143526513123,0.1977470744809082
321,10,1,12.9116,77.4446,0.2861314419986625,0.2941038561475856,0.23108461765918706,0.21915168608930766,0.9685208121718668,0.5424150360436754,0.5516456033286217,0.34000204386327465,0.487407678719248,0.09493997640831829,0.27656645163618737,0.26323423261387097,0.09270151811750275,0.3321048894853495,0.9167254840717044,0.6705026097731135,0.1344748472270904,0.9621718309677735
322,10,2,12.9116,77.4546,0.2628224719815253,0.1833917895708028,0.30250527249764214,0.1995039874920039,0.433028505831962,0.5152537399031506,0.20374734717185397,0.7055063670234994,0.4536949842257592,0.3008925380834183,0.13295102377375137,0.2572663103907058,0.3267317061030642,0.4822759734960462,0.25263156083572974,0.23563689735735802,0.6889098540085752,0.568305995302487
323,10,3,12.9116,77.4646,0.35801565835730775,0.16201736714878406,0.26207629411127126,0.3136259686106574,0.9616117899391028,0.5922040438417357,0.27661857701801257,0.8905822844818483,0.4568306027008139,0.20659881999131113,0.15352828593029894,0.35784803836864987,0.34817822375805235,0.21767860694889238,0.6894577098480257,0.9142726538592919,0.8757766758328807,0.2957830227760227
324,10,4,12.9116,77.4746,0.2081254435536527,0.3168986103007888,0.30610345110697235,0.2575925826761866,0.533025379854709,0.29365769306103084,0.520541511683871,0.02394327081139301,0.49532516808994553,0.33801501742769946,0.27621661259421654,0.24135409736425428,0.38006285328386813,0.8653965204637916,0.6508179639412646,0.9715754754649929,0.45606468876994855,0.5934266924034076
325,10,5,12.9116,77.4846,0.3422423982491177,0.34923110478095526,0.43089662191617134,0.2804121620111998,0.7136806576326515,0.857350037648968,0.12947284552152058,0.7157961839609821,0.5496128420469263,0.3314127338108895,0.26279341239146425,0.3035339338598126,0.3383624911429365,0.6915291387700216,0.15867665793072186,0.4889202851382059,0.12936517530326003,0.9053957958872698
326,10,6,12.9116,77.4946,0.3812119050337321,0.45908420830576346,0.3541039393806282,0.4079493109038496,0.4824006648716622,0.6381899615301381,0.8360575297529915,0.7198614335591915,0.5914484691432559,0.40543812464845774,0.43422500425257565,0.4239642431556579,0.30143570637593947,0.4663709499878329,0.6558323701271699,0.8308952298474781,0.694864652621411,0.17413457996246923
327,10,7,12.9116,77.5046,0.3388121007009377,0.5324631808085226,0.36395030503788395,0.397385332862068,0.47943812457838586,0.06136400977876281,0.44519407469891414,0.29440081526518735,0.5974477483075806,0.3627586945780771,0.33332726569164234,0.4798665236538547,0.5482446708629848,0.2084301226290785,0.3589816677626488,0.3102724725658528,0.9759174836856586,0.5506141191270157
328,10,8,12.9116,77.5146,0.5454872171354972,0.5636815621482348,0.3917980973465374,0.5763666557088136,0.1171254033945706,0.9074982992918296,0.3769930399711629,0.780830730303222,0.5602599537670174,0.3876818693716055,0.4937935329459201,0.4332011674402084,0.5245243993817874,0.6257122355627536,0.7071125157735774,0.6948559610288081,0.00585487815463659,0.9013718671592709
329,10,9,12.9116,77.5246,0.576790357700857,0.4646850538788318,0.5865460484717132,0.53896249634254,0.18543459155288827,0.05459324456204526,0.8158914864704264,0.8412990074812602,0.4920474785656154,0.5228047446824764,0.4487608050511016,0.5275799176364401,0.562178959225883,0.741991966382703,0.7177176542208369,0.9097184568385207,0.017158208371716742,0.5960778647587778
330,10,10,12.9116,77.5346,0.6513450126925985,0.6494415955392119,0.6825934809878068,0.5027996994648084,0.9845693381644791,0.43381226195121303,0.7346830250162858,0.9504814138945459,0.41895928421064216,0.5828270048738935,0.5448507297869217,0.5645027556778891,0.5708654051786947,0.6151036198421339,0.16146816330582212,0.03876778576454981,0.8075977375432519,0.3701647711590485
331,10,11,12.9116,77.5446,0.6016179032331976,0.6571108436164524,0.6149070402753276,0.6816515144847303,0.42795255616622263,0.5547258125869665,0.5477677095008064,0.33165195230699435,0.3697195257184873,0.713522636349623,0.6669151169708123,0.5709664288261538,0.6709510242693327,0.4299833814546099,0.6384268405647069,0.6599747997108345,0.8288680928288178,0.7631130898844367
332,10,12,12.9116,77.5546,0.6538545764393173,0.6348252659491633,0.7349299721801107,0.6163733370944248,0.5084633651537481,0.06353801774436175,0.7264052673850089,0.12462523023015369,0.3636841937138656,0.6011572142288691,0.6837329646083432,0.6275432793478292,0.7058034985406807,0.5681455115106462,0.28100062256571806,0.8062985489883129,0.36630250256087915,0.2641282379098767
333,10,13,12.9116,77.5646,0.6076769100316634,0.7397997990999522,0.7806475306709473,0.7414744947809612,0.37049497341318777,0.7593983976584399,0.896495999887864,0.11139122514062902,0.40307657566420646,0.6512354186505496,0.6490785396166205,0.6895147809008398,0.7664619956996274,0.9374679905299153,0.36891571591820627,0.8095701357134534,0.6052588575750246,0.08036692860592741
334,10,14,12.9116,77.5746,0.79205277794064,0.6246187231288259,0.7434629414603361,0.7839241897557193,0.38307602009768477,0.7329912415614399,0.9669331418559083,0.3125382278641198,0.4719364070528234,0.7386952870812408,0.727892575978616,0.748008983389512,0.6849180298118086,0.7957647935784591,0.9643700855745382,0.31509344030454184,0.03643567367458555,0.09155207567072832
335,10,15,12.9116,77.5846,0.7380145328861347,0.8082379982755905,0.6843945656614264,0.669660618376373,0.10989832991255015,0.5814184707778679,0.9193293954158234,0.5628074668657008,0.5419981810310476,0.8387510603790784,0.6390792592182353,0.8023615713771193,0.8539716272840953,0.6484260744046152,0.24222789114875476,0.5081757202810667,1.0,0.4143751489624311
336,10,16,12.9116,77.5946,0.7781042167504439,0.707294296432995,0.7177552355503197,0.6797340087236422,0.4791515254605948,0.5586764779020444,0.2968741949562745,0.8923757034908958,0.5834649773063242,0.7699612512646664,0.7348959274935427,0.6617904253804264,0.7178879733372526,0.16413050527737766,0.1504697019761838,0.8349845597101188,0.3039320533153365,0.30691671679122423
337,10,17,12.9116,77.6046,0.7974486723067529,0.7973946607237193,0.6949372904316746,0.8507540957072278,0.8585148561591455,0.08842271162013471,0.07189371398730544,0.9675517868854099,0.5764929160424593,0.7381283144385171,0.6062044453324894,0.6331625502605658,0.7656640934204203,0.027057389994966898,0.8087590476698092,0.9817099401266134,0.2208178569094232,0.35558716631312015
338,10,18,12.9116,77.6146,0.6867560651136094,0.6242054373706861,0.7398700848417968,0.6411708351713412,0.8498783220506452,0.012991301601677609,0.06503867304467872,0.2976054506020473,0.5182942778196237,0.7586166699590651,0.7049687597307046,0.6346738228888283,0.6548472339261993,0.3653142575548818,0.952984303569562,0.9025922637602803,0.07129584027368585,0.7893612935168295
339,10,19,12.9116,77.6246,0.5915221618047125,0.7242455919976034,0.7646719558069549,0.7359789341888596,0.7509322987729805,0.9432773320589727,0.9894401119848603,0.25535158374503436,0.42256103286177726,0.7070566869829104,0.5585647279939527,0.5956563323473472,0.6762227777984683,0.3845455804376896,0.48952914318192514,0.6568600799272785,0.2264753061125217,0.33907615611201847
340,10,20,12.9116,77.6346,0.56428218978714,0.68466781622478,0.7226941781985564,0.6991814896796774,0.5578273383084672,0.31831285763822975,0.33531808269681446,0.09801127365673919,0.31200886671593825,0.5951528143576145,0.6230489732483684,0.6290045491650716,0.6600820192766886,0.902336164873481,0.9452999496227873,0.15254189695073422,0.15005543182021808,0.7916811265232824
341,10,21,12.9116,77.6446,0.5444630983857428,0.4818130805179968,0.5503582662517548,0.5461200127430577,0.04366928255491411,0.09964196186686529,0.07754710503930311,0.172485752410917,0.20854165934213445,0.5743930490434159,0.5214594863144901,0.6201941869072967,0.5572937242178169,0.1825681116998237,0.050891394795093796,0.726073104659383,0.20652203296526792,0.9708166295195858
342,10,22,12.9116,77.6546,0.5201067222794472,0.44839808905438416,0.4691494970898366,0.5974815966814212,0.2653056418347436,0.7299835155248341,0.2683490305257064,0.9621056747324734,0.12614931068428922,0.4716121744666263,0.5496389998203857,0.4605774704504655,0.507393034572795,0.5621657060559822,0.8107613245618679,0.7538518400040263,0.8458339587159028,0.7781321997018809
343,10,23,12.9116,77.6646,0.4943771740572989,0.4417467115693712,0.45870596970339134,0.600698018405013,0.3503840879644158,0.6999355631724432,0.3731897642776932,0.3397989377802308,0.06905765772973073,0.5415476531854991,0.5284308288849436,0.5256049321003253,0.4201305618992859,0.9824718141310407,0.635536754960978,0.7843292569570655,0.08665245215032068,0.7166251456858785
344,10,24,12.9116,77.6746,0.5142309871847944,0.5084498958203553,0.4062176189393014,0.4643834353555685,0.6804404286428191,0.3182682467275838,0.21934822526725387,0.8900457182468956,0.03421068978026129,0.48989960288776563,0.4794173037811811,0.36164993008726637,0.3687471261147538,0.6599109100487909,0.9588331424527762,0.4552873085514657,0.548673654182242,0.5702290878751166
345,10,25,12.9116,77.6846,0.44501004290797785,0.4638954528784896,0.33945232681714793,0.37552388086859934,0.16193243600886023,0.42799362595090285,0.3416336007223763,0.8350199957060734,0.015336643682347842,0.33742317524753174,0.3964932090328693,0.29521369711571804,0.29196408144265923,0.5913712433393307,0.7405293315014362,0.0924786196623996,0.13635046886313984,0.6654675085678622
346,10,26,12.9116,77.6946,0.4349279874806221,0.4113279503724209,0.2941157746264851,0.254762026969966,0.8269717715519932,0.8296768084893822,0.6262065623077324,0.9740292770713652,0.006221793879215442,0.334459566351055,0.29552313400565217,0.28030327345474615,0.4508811452576152,0.02182552438204311,0.8978010363307181,0.6706707685291526,0.23621599538699536,0.5588864622798454
347,10,27,12.9116,77.7046,0.3158482623801444,0.25499701358181665,0.3573656605860783,0.26244539773461534,0.94403044039329,0.06089043933090759,0.714819790322941,0.7919556792338383,0.0022841102045544934,0.30099585577815874,0.20064550527979438,0.3628550709852967,0.1975946398020853,0.11313163032735761,0.09462858261049034,0.10810105434857965,0.7191183290288728,0.7517956335016103
348,10,28,12.9116,77.7146,0.1747103519695415,0.3205522078796598,0.35106173622371284,0.29230677467332467,0.40868468993379,0.9240433964845922,0.5115552786241768,0.3185919342824055,0.0007588123389345757,0.2298147608522894,0.33833347140409487,0.2960856889034942,0.26566456419000245,0.05511532704373355,0.20363596032937886,0.7603005035785108,0.5404208107074581,0.32588910656979647
349,10,29,12.9116,77.7246,0.2691770885334138,0.2081851760386759,0.29427134139459227,0.21605638373532,0.03888239198487611,0.7881514206309871,0.9429678197509166,0.4373551095349132,0.0002281221814114725,0.18517887900989943,0.21506166326112872,0.14362736737715043,0.18821730221404612,0.8816492991964562,0.10434844731274306,0.6418696210634252,0.8277919034165534,0.24856248936812414
350,10,30,12.9116,77.7346,0.21076274356200117,0.24021115072111998,0.26680760031888195,0.23022830023737606,0.2412188129901608,0.09717933945699767,0.9289270004245852,0.8540820388257878,6.206066331616213e-05,0.23583115199702617,0.2119711386415924,0.1235286939041561,0.2391715439013032,0.551377725408758,0.8108942299162458,0.6616626230076795,0.696701099408386,0.5481122155399145
351,10,31,12.9116,77.7446,0.26174468296228565,0.15140185438361844,0.1189690410118114,0.23064577741284237,0.3091134577482922,0.5939643900111296,0.49024894403420555,0.4174247957641517,1.5278512097274564e-05,0.09695861813249522,0.12539127977028403,0.2188313395090106,0.11864266224417562,0.1247863967631263,0.02544199369986147,0.9843284657737036,0.2089300274243921,0.20443599888100983
352,11,0,12.9216,77.4346,0.25194188558417724,0.11868571357892989,0.14380769791749845,0.20793086124709265,0.40687421793632494,0.49285288796887144,0.7855845584207999,0.41983467451559897,0.3728146921263537,0.19493608618584365,0.2509750368231588,0.14034876498514398,0.13513936847174976,0.8255914777768601,0.2656478369413424,0.40150145339722093,0.21617931053374861,0.8373479644239519
353,11,1,12.9216,77.4446,0.245265296785098,0.22069392625367043,0.2663051860344677,0.30760335266190236,0.7592253511113022,0.14246936892885653,0.17086265228249867,0.7065704634630611,0.33616861425148936,0.29236423598206307,0.25793144093092824,0.24461869327450503,0.16373873940308897,0.17360855652950902,0.04208103631065543,0.6275993296874369,0.6726122007968893,0.8336291362145832
354,11,2,12.9216,77.4546,0.20223104804352188,0.29789834932427567,0.12765648781517003,0.26551312559016416,0.48164229434255257,0.3718909863446092,0.3479646024994482,0.6368954694032076,0.3129167241287489,0.20021026555097504,0.323246060399232,0.3333735297281352,0.19538114779461282,0.890461701008641,0.11736781297793017,0.3780259040541866,0.04365613759354974,0.19718367040364923
355,11,3,12.9216,77.4646,0.3090579209736083,0.32597814588505003,0.34956449553581453,0.33943435207929407,0.318927348790224,0.17462141201409945,0.2012406302594318,0.5854925907052617,0.31507938295339105,0.2054098513154599,0.2561307941639895,0.2957676579046536,0.3039185072393454,0.6497931927885859,0.474733474498917,0.8353577458413716,0.26290330363507886,0.8042477329472238
356,11,4,12.9216,77.4746,0.3515745194568076,0.33357815961612974,0.3315406652128856,0.24649939128497428,0.05132086531579514,0.780128851493438,0.9049457831558917,0.13698035152032803,0.34162936414589423,0.41374053661089844,0.2603106030027578,0.26625676439453383,0.24827058729762844,0.5136553936962431,0.8482136902424487,0.6630685189806665,0.9808437019154952,0.9062119668070384
357,11,5,12.9216,77.4846,0.4461990736402478,0.31138103251685484,0.38264111968461256,0.30913672800397085,0.36809958497934003,0.9154023764418658,0.08862630233166878,0.5718207461817861,0.3790719669645645,0.40778719448838036,0.3991383687893881,0.2923871138133768,0.27416594416454376,0.803737476444264,0.7482470926091828,0.6163446995758225,0.43621070392710043,0.7928688655782449
358,11,6,12.9216,77.4946,0.4599995017303506,0.37652622443480377,0.31466881500891475,0.5311807747120516,0.7736381615686756,0.699501348145893,0.41605200233916156,0.1745303211120376,0.4079263026702934,0.4439995956504688,0.43731970951683763,0.32056948051078415,0.3368079320333645,0.9399000924964218,0.80507959628254,0.39554351004987387,0.0857068289344708,0.23941015401627017
359,11,7,12.9216,77.5046,0.4443115569377906,0.5419170696828289,0.36483681149878244,0.41767418605661716,0.7291005305174935,0.13796212311839376,0.6275165617060469,0.4095357878928048,0.41206404906049876,0.41254699316579846,0.5206921074357619,0.4906119061822176,0.5807145647332536,0.526484277256711,0.5713611865623482,0.800688563918057,0.4964004559293707,0.409735547300162
360,11,8,12.9216,77.5146,0.4202861112401148,0.46535834102031254,0.4415500609700571,0.581442395465789,0.776523156856375,0.2597409913331915,0.7595812668215446,0.888664732688225,0.3864153572084954,0.6004287030753785,0.4171396390181135,0.49388824842196205,0.5606521444064052,0.09476912832768461,0.5272697060482087,0.12992184354328665,0.3086816527452149,0.3019178732719089
361,11,9,12.9216,77.5246,0.48286038501473283,0.6132701266235763,0.6686209589812344,0.6564626613492348,0.9860331757620409,0.07983309565109187,0.0700556090638297,0.1309273600908056,0.3393687178872305,0.656472093040087,0.6211888539841988,0.5152361897001843,0.6693363737296176,0.09522249828821726,0.5251873889331525,0.8871444027441859,0.1778395969252197,0.06701109304107657
362,11,10,12.9216,77.5346,0.7152377070929952,0.5265576655831602,0.6593612594136767,0.6824071935145078,0.9613836366084771,0.06320284921218598,0.5015392472243204,0.6930052028901067,0.28895925967143693,0.5390908181036431,0.6017883727979213,0.6930771613276968,0.7545444734548208,0.7256346263946587,0.29433747938755017,0.6084255182710357,0.7509210270051384,0.20383819711900192
363,11,11,12.9216,77.5446,0.7017456378210376,0.6754900131539286,0.6754368575081537,0.6853757244957949,0.38156257991726916,0.7555145167027585,0.7700137770114401,0.5223288048115896,0.2549982407931924,0.6271905026006088,0.7019964760398286,0.721613496786985,0.6941073751577631,0.8369170561397234,0.33627408889846966,0.8486325293546585,0.9599412046163556,0.3931867853234988
364,11,12,12.9216,77.5546,0.643808844629306,0.6502071917952942,0.7472442600209476,0.6713289996708817,0.03155029825696482,0.8173733396495559,0.2873825716598285,0.9193511556039058,0.25083562849731594,0.7922353949548457,0.6687856625974387,0.7032507942084169,0.6612954378374972,0.23370046310474732,0.91642766692777,0.14919493476565013,0.6832859749217223,0.37701449156684474
365,11,13,12.9216,77.5646,0.7913453368923207,0.8065318714893024,0.7260364683676852,0.7498093443861532,0.8209307403387356,0.9324319637157912,0.09581181606713947,0.47502022296950935,0.27800484028960554,0.803377980652928,0.8241592339397519,0.7680740696551265,0.8561876647496673,0.28096527746280203,0.569901019015532,0.047870032472183424,0.14345208467254597,0.6869250963450215
366,11,14,12.9216,77.5746,0.8007201963151481,0.7008263828276501,0.6952514642527354,0.8640447398962018,0.24808055882776056,0.6432250317686707,0.5159817360939621,0.6364157533094186,0.3254979658725457,0.8057798075753542,0.7170184247471357,0.7408118529336428,0.7172529258372989,0.9105282884002552,1.0,0.2552176529940491,0.8377959506489433,0.3123716938042041
367,11,15,12.9216,77.5846,0.8084123326024798,0.7988653968862238,0.8093327984506212,0.8355177661637121,0.47044211101096095,0.45881098585851865,0.9214494172293656,0.784954060351599,0.3738200799848003,0.7783213322424628,0.8620040959084275,0.7367293089654092,0.7418726566083924,0.45112101213283307,0.012837336576630538,0.8086831149741323,0.6808792144131627,0.7825546405783016
368,11,16,12.9216,77.5946,0.8521725688766856,0.7603582127269529,0.6979201650745323,0.8518150077326774,0.6001957790977174,0.8772000933951117,0.4062650213644547,0.0008167599338926049,0.402420030395795,0.8119505834288244,0.7201032939192714,0.8470973833343052,0.8217502622006542,0.7369922097302997,0.21592498311343516,0.6806890347084529,0.9199012552069453,0.05406023978740212
369,11,17,12.9216,77.6046,0.7405195253010859,0.6925695564428295,0.7088447547033668,0.9090609665982716,0.6138889195317571,0.5022909592867716,0.9759418655180226,0.28481009892356857,0.39761134912981955,0.8197920758815126,0.7122704063672278,0.7145220580797792,0.7869740555806646,0.9890825320581792,0.7143031058118592,0.46417057981449483,0.4406295981239052,0.34377421659787477
370,11,18,12.9216,77.6146,0.6840561661709448,0.8451612403411516,0.8258589498655702,0.8674540121013404,0.5290963610080259,0.6586566815421264,0.5337492515233025,0.5819503545319896,0.35747132586612396,0.7155155680865335,0.8164101636486896,0.7514026486058615,0.8057094872003557,0.4597545436010978,0.38781525443353404,0.07470107266879582,0.3310199720194634,0.3191952190379086
371,11,19,12.9216,77.6246,0.6846610937684116,0.6571867400075256,0.7024123744248846,0.6482133998111381,0.6615963475039186,0.5371110413243069,0.9516767542455472,0.6249556290977988,0.29144341186230066,0.8127837236063223,0.649111128062679,0.8094507164044706,0.7087083665077261,0.05741824972204688,0.7004271946451897,0.0467765295554495,0.8222920529471901,0.48868328117306037
372,11,20,12.9216,77.6346,0.6344081466396249,0.5894226559227763,0.6913036278740491,0.6772482349729789,0.3474521962971697,0.23153627994498388,0.8175917501159872,0.05104522841326474,0.21519478034011644,0.6610416433579516,0.6526616214439718,0.6439886799624148,0.6761162234670708,0.327272640309288,0.30632792056643665,0.313526429263639,0.1735944743272797,0.07727364327925142
373,11,21,12.9216,77.6446,0.5386172186329751,0.5361770581329542,0.5781812466893025,0.719614466450918,0.8744842225817114,0.2473449085892958,0.34041422026681095,0.6730535262775776,0.14383269631484993,0.6673648537936264,0.5556592560806023,0.7199777456398282,0.7062408357066613,0.3709369515711656,0.09406567203740296,0.11603751942188587,0.06481245665894331,0.611977706881371
374,11,22,12.9216,77.6546,0.5769293259096414,0.6549718334015726,0.5756320602174195,0.6880602128916331,0.64718185539836,0.10680634846967574,0.9948569309128683,0.8634043804218842,0.0870060953347131,0.4984163615461538,0.568474837081384,0.5039205339226486,0.6111677453222125,0.8863487838886965,0.4866953532653907,0.31028116481167345,0.8231596688798668,0.8380387671393497
375,11,23,12.9216,77.6646,0.43111678071329146,0.5500686163349192,0.4768973535847029,0.4756926496867358,0.2934920261278644,0.12491986743972905,0.07478215518253942,0.38189088251327363,0.04762956784648715,0.46062730403411156,0.4866263115678195,0.5407714534472585,0.4471202395996488,0.9881890786411408,0.46068703484198287,0.8482963901409815,0.3163512829616722,0.759586747222767
376,11,24,12.9216,77.6746,0.5043350063764811,0.4335197873771846,0.5274453582159447,0.48356021442644154,0.2902540683468928,0.49438368880275735,0.41727233098694383,0.8712814581736762,0.023595361087124907,0.37672618738548785,0.42924451000478353,0.43511280012896303,0.5109390314335771,0.12434324155814278,0.766605102703254,0.5952647509931908,0.694795462113134,0.11507710255530744
377,11,25,12.9216,77.6846,0.316532764107189,0.4413544351992298,0.40860062879844333,0.3877729391536316,0.14860831931766597,0.02492249140603037,0.9090752077677666,0.40585857889395,0.010577794481021035,0.3259035924664087,0.47147889678972166,0.4428275805691303,0.39271778548069924,0.8293153986858678,0.6757640701144573,0.7670816875231765,0.16296354959467949,0.6158149923669499
378,11,26,12.9216,77.6946,0.3620444717961784,0.3810908876250433,0.36875665430001703,0.2673540109288306,0.48519336261681323,0.8777774561096721,0.04072940094691176,0.8171035329115546,0.004291216404366535,0.41191009351796487,0.28210078774183683,0.31710578556753943,0.32623239527910247,0.601029440212746,0.01720518786866912,0.027909968909221382,0.9422571911454162,0.5737319102222055
379,11,27,12.9216,77.7046,0.2402117784858645,0.38581428719245014,0.21815100560799394,0.29880825052521176,0.49966025595196945,0.6411081752053777,0.4220182405798743,0.7391744184155717,0.0015753673891236689,0.21620698331718938,0.3316939534063016,0.27635102298658853,0.35118992666147525,0.5814594029690221,0.7427555193268663,0.5609058077078016,0.1632300621426902,0.7793455030296742
380,11,28,12.9216,77.7146,0.24575930621844616,0.2521156268134699,0.267141724578155,0.35777731823277387,0.7268092411066258,0.7413344090055314,0.14237690094301128,0.3784558157567777,0.0005233583786099952,0.27519581019017453,0.3095624331978558,0.3150722596713258,0.2321816799966383,0.8485437682094323,0.9077442591964859,0.09376603472567806,0.1355618183220957,0.8924740471293815
381,11,29,12.9216,77.7246,0.29646602182299786,0.28836676611566997,0.33537809810966535,0.1769345706235763,0.39534961500402355,0.649698038022539,0.19375713636479397,0.20369744730449618,0.0001573375245269653,0.13254040127863587,0.24019063252565573,0.32282168105419273,0.21475802973384728,0.010107021861774384,0.48195447345999154,0.7890250591319233,0.5661931996969305,0.9435944818938661
382,11,30,12.9216,77.7346,0.20900447783719334,0.15200646418491456,0.21762142996198883,0.2591666601767419,0.6514330140173672,0.0434394628619268,0.15955608058581652,0.07282256417317415,4.280369000616203e-05,0.10443022541721823,0.28792043980971155,0.17871007718543136,0.2068392628854196,0.6773996450847729,0.5545869345129457,0.9385850771705802,0.3434223738854216,0.09666646686669621
383,11,31,12.9216,77.7446,0.22854106494823478,0.16865266349123748,0.11504127418744008,0.14479064304173678,0.9864063545301791,0.8951726103492158,0.5989889749919641,0.11352332396606213,1.053770070479985e-05,0.23368898738210125,0.2690724733156812,0.24907164860369996,0.13910720739064714,0.9322482075835107,0.6997705929209446,0.7501256619522084,0.0938628327371308,0.8621073183719512
384,12,0,12.9316,77.4346,0.20372486239131424,0.1794655443152416,0.2602714047544243,0.23701157004916967,0.9276763815745847,0.13030795972428594,0.7325650726911831,0.9342024052621273,0.23268777121747386,0.18025645556919934,0.26719038638801673,0.23580185753272398,0.26447478442554107,0.6991846628224727,0.3955308078268416,0.39835392234869416,0.2275160191968788,0.33738278627826607
385,12,1,12.9316,77.4446,0.12976188487126772,0.17527791072113277,0.18392160998286727,0.1695269745871544,0.7459253111875345,0.5172349299969367,0.25500939404012385,0.03769759765833338,0.2098155658976412,0.11533599874512492,0.23057358791953636,0.18635247916095085,0.10954253787050995,0.29149079369668224,0.34567870855890676,0.8545514253902493,0.9480171306217957,0.463157501094059
386,12,2,12.9316,77.4546,0.27474019000114414,0.16443362575282386,0.2001853517296998,0.2842002909899761,0.8867835165835507,0.8716421381421401,0.864987154532719,0.287492812250474,0.19530318051283885,0.18857699413809564,0.25716779001598356,0.16365545716237287,0.14344151319393894,0.5387925226732287,0.44042042000882026,0.4042492549549124,0.40831812775374077,0.7708241419358612
387,12,3,12.9316,77.4646,0.2900039252650597,0.28937963403172706,0.27864321028032457,0.19607733498707755,0.638125055246401,0.3603311219107895,0.22630832159823616,0.2565052635751089,0.1966529778047311,0.3215619865577295,0.30137758668967546,0.3597978464023257,0.18831510081879071,0.7432818865038142,0.7021115775582157,0.676696750614903,0.7606912013249244,0.12992942553577685
388,12,4,12.9316,77.4746,0.29099246120769895,0.4265076483255527,0.3383960892914382,0.25320883419886353,0.8454496565628773,0.8816453880680376,0.3363927948145541,0.8601014141795609,0.21322382675468515,0.2765469772929403,0.3712417008254317,0.34193994601393357,0.38507744741604755,0.07777840927467176,0.9050915476960906,0.30343500534268575,0.6726641150525328,0.8972518974424897
389,12,5,12.9316,77.4846,0.3725975775789448,0.41669445332595995,0.3234566862579431,0.447877330679602,0.5722180506339629,0.32470570430605233,0.17744225017369575,0.21203317390221738,0.2365931734635447,0.3971221341236156,0.4173431042230467,0.3724814681290381,0.47696984007812093,0.24267380219597787,0.6599156626510074,0.16041009854454386,0.04125053263054322,0.9960035747643929
390,12,6,12.9316,77.4946,0.46277744593057735,0.43613919125018386,0.34662541441260053,0.526219939004356,0.7684862594717126,0.8756202274716685,0.25626055245262863,0.1608239260483216,0.2546022573519321,0.4978310359596077,0.4384986763947854,0.3997914063222107,0.4229608864739405,0.4589374012365049,0.7127289511365289,0.7598372123058844,0.05354351409329845,0.48810584545321667
391,12,7,12.9316,77.5046,0.5667929584409799,0.5429827145796084,0.49130517965839665,0.5705033370226026,0.1344707648021735,0.9042703122300826,0.8316986984055456,0.6777280979957447,0.2571847816079067,0.5695591400637192,0.4814899041029024,0.5013172994273609,0.4399449193679634,0.1569226667209426,0.5439662161456155,0.584390401457921,0.3744539771199843,0.8189049554297533
392,12,8,12.9316,77.5146,0.5375636938482397,0.5059019285026923,0.5501984484582898,0.6675707630295776,0.9634814663730259,0.7476844653732311,0.6197455381661928,0.9775709302034089,0.2411764614753307,0.4733529091803682,0.5784912077583834,0.6002886777350103,0.6331927313005916,0.071623515031324,0.36610369828735095,0.25774492224779044,0.37988493816860275,0.30166991456156694
393,12,9,12.9316,77.5246,0.6833036961277632,0.6864631963169079,0.6089833164299865,0.7138884255269284,0.6768322855936827,0.7753836917724892,0.17630122118866606,0.9696064871824588,0.21181287179355038,0.5991469906886441,0.5149058259484343,0.5341291833456664,0.6031148873177778,0.39759262109371446,0.7729742141101,0.5184057112228175,0.106937459464126,0.7591623046640287
394,12,10,12.9316,77.5346,0.6585772091567419,0.5731241479780224,0.578665417482955,0.6030725158953686,0.8275282072109179,0.6963788936829293,0.2736818939143501,0.21759364246255888,0.18035041945935432,0.7762344453047002,0.6005269016307652,0.6619534522755423,0.5979481850512686,0.03654848687844863,0.2572329437398921,0.544227920182244,0.14267270313143823,0.8596589690340053
395,12,11,12.9316,77.5446,0.8120186126666928,0.620162683962475,0.7410812498989205,0.8136588267979838,0.06917247130161702,0.9469796838351537,0.38963604618350584,0.48073582943921744,0.15915406116676042,0.786512258378311,0.7645986340125313,0.717281017664392,0.7448796531552291,0.19672527987392321,0.8949777263109147,0.12977276099700452,0.23488625222984125,0.4373024762287714
396,12,12,12.9316,77.5546,0.8142746254232882,0.6803924984336533,0.6754507363086777,0.8014456534155827,0.42919929898387915,0.20608901989025602,0.299576069987432,0.9065244946311923,0.15655601715715992,0.7449656588655545,0.6619509861679456,0.8664126807926908,0.7279960341899516,0.5009834553160776,0.35816793628737414,0.40356305859013925,0.36631766635502316,0.14171898625000012
397,12,13,12.9316,77.5646,0.8983825868709439,0.8376456026572565,0.7581520585149982,0.7260050964824234,0.24636166874490562,0.10327209400136503,0.19858614053740414,0.03860620191523807,0.17351335138029922,0.8887997474960083,0.8221965930416906,0.868325898303616,0.9220990492818432,0.5625766135653697,0.4489581625211837,0.5914628480138913,0.500000910690372,0.5188980957927629
398,12,14,12.9316,77.5746,0.8940383249613167,0.8532858106909202,0.7491315066812675,0.8246683381773989,0.6971950926555195,0.15875622831542208,0.7742330828844288,0.9095685607677796,0.20315561005046048,0.8073596816705694,0.7501593465366769,0.7305783602302385,0.8888629935049734,0.8907205621528693,0.17743458424084166,0.28811495839772105,0.2789960184268067,0.9036922392505682
399,12,15,12.9316,77.5846,0.7636596651570475,0.8293629932432472,0.7539464792697765,0.7633594087994608,0.37404468797900997,0.5661535734149651,0.49200341930509095,0.738686197799598,0.233315271863054,0.8417005780190093,0.9173732261886142,0.8322698003718633,0.8068269691403918,0.45877074931460116,0.9193379894980244,0.5579954974602533,0.8595556464769559,0.05924910496039946
400,12,16,12.9316,77.5946,0.8060798870247253,0.7341675156452375,0.776596807759152,0.9164262106767297,0.48666218795515853,0.40185464175369234,0.4191155640187888,0.8040828380886189,0.25116558425312785,0.9354477638311669,0.7847604023489948,0.9345900971098029,0.8133168082534102,0.9395510532117699,0.5943385619123034,0.14759576968866847,0.782981016244509,0.20812501624591828
401,12,17,12.9316,77.6046,0.7603516946489346,0.9001480610418623,0.7825753690775177,0.7639810696024866,0.7326754667561548,0.524387648553664,0.584370104848348,0.9235408129729077,0.24816430412681828,0.7802134837849914,0.8062341519593516,0.9159341208451711,0.8871832965352117,0.013266177059493765,0.41190240971032643,0.20126146511215043,0.6648958730331396,0.3437751180625836
402,12,18,12.9316,77.6146,0.8908172498896058,0.8148322402081283,0.7370575996705241,0.7238907932549884,0.48903506200909796,0.14409652718525945,0.2494326660238072,0.2801982221125876,0.22311139514253034,0.8345077780985797,0.6828312123499134,0.81260607506222,0.8765664515069724,0.11120586698380822,0.9411604325248668,0.7944700429363232,0.22713533809103806,0.20733780391859705
403,12,19,12.9316,77.6246,0.7891931971597748,0.8276665522471269,0.7195798978372179,0.8617565507343274,0.7316544785577509,0.5412606025056277,0.9114283298295199,0.3652524835464224,0.18190087293896443,0.7975720087473107,0.6789022030442459,0.6931533770386856,0.7692753216441967,0.17166472415348483,0.2921827510653894,0.42629497571496994,0.6748002659776503,0.8300661950914618
404,12,20,12.9316,77.6346,0.6330005462078193,0.7266957966751046,0.6911656898105852,0.7366369466235889,0.4026300619077404,0.7248687859451498,0.6494710906819379,0.6168896524714886,0.13431121378125524,0.7051678778440261,0.7694894446052641,0.7216897099503102,0.7117465679578638,0.6060426420221158,0.4390723523539771,0.9580732864664981,0.3628168062999952,0.10026395675731765
405,12,21,12.9316,77.6446,0.6709124868082909,0.7114763429321096,0.6585806804958103,0.7531330565571037,0.21938233387854056,0.30505975020721254,0.4099342489181207,0.5686320555510079,0.08977143401408451,0.7778436313184107,0.5827155389157552,0.6625859714254558,0.593622434487491,0.27327978114669166,0.7383715707044579,0.7027596003368562,0.7910962443443742,0.17300553727541304
406,12,22,12.9316,77.6546,0.5513225818716778,0.6268656706526836,0.6320793135691999,0.7245096922872284,0.715491843757854,0.5294816384828971,0.3045581327627014,0.043002896420112825,0.05430379980547533,0.5362328567531885,0.627520151998318,0.5284366412545606,0.5808891700897898,0.03566255531573705,0.923997565739666,0.24112350496290497,0.7700155908946351,0.799488681464332
407,12,23,12.9316,77.6646,0.5555776504317298,0.6105876333250718,0.49819113094861245,0.5860964390659249,0.572608029462118,0.15545199919810296,0.27363682936168315,0.9264003611343042,0.029727417455142506,0.6220756179910314,0.5656131642368236,0.5618408260115271,0.6154698384109537,0.9067796182372962,0.07649691491138179,0.5348193388221406,0.9349060224279431,0.5578561190887451
408,12,24,12.9316,77.6746,0.5036510589135742,0.5693116421046795,0.5199539883308847,0.5047466159140538,0.21329084750496108,0.1277767643592491,0.8223580868068,0.09865698326115807,0.014726758624023926,0.41378892361708963,0.43027871889914493,0.5299230797550806,0.4083451669552121,0.0641306018376062,0.006389995554680525,0.436580886804788,0.014702849762138726,0.7063199526096858
409,12,25,12.9316,77.6846,0.46116761510645127,0.4366482009990104,0.4241228957543236,0.5339703058166598,0.7603198803753779,0.07072472004910098,0.5025932008608422,0.656108779565245,0.006602002212270889,0.3845619395481824,0.40183892099719015,0.5326990566081619,0.4267166322667716,0.8356775286443454,0.869855934060715,0.15445184613795582,0.7011738349859724,0.6688954370638408
410,12,26,12.9316,77.6946,0.4699980462634821,0.29530011157223907,0.330380309031846,0.4587488760435587,0.5990878104409287,0.07341640946332571,0.20440959317280227,0.662939535885844,0.0026783107051089527,0.439921477255353,0.4089968986909574,0.30979989590517587,0.34989602609458487,0.8906118170485492,0.27167294472043974,0.6371787211513695,0.7572025311529018,0.8559252518953574
411,12,27,12.9316,77.7046,0.2681362458746052,0.40543671626631195,0.3506112128478409,0.2783344200370887,0.4292055112506814,0.6948836370587772,0.36329216168046874,0.6721161469058939,0.0009832464609512747,0.41596862927181766,0.24073211474807507,0.39836894187807265,0.2779375183874258,0.18914561601540852,0.7028903873474094,0.15082294906893953,0.5489237704034925,0.2967748239068326
412,12,28,12.9316,77.7146,0.25044509126414854,0.37651246778923675,0.30561614328645725,0.3582076034078899,0.051563540724728206,0.43373193566206647,0.016659934727387152,0.6466763399967237,0.00032664778840174244,0.3865378819789635,0.2570877742822853,0.3033146214032795,0.3736657145897105,0.8052424139310281,0.36760581151243604,0.39328498327460204,0.029165678287686785,0.26864366153374886
413,12,29,12.9316,77.7246,0.21978746940976773,0.20599104137645885,0.33378038191489845,0.34533628930090343,0.20307658698426126,0.0708445593267699,0.13474406272657422,0.9537412709483448,9.82003088511477e-05,0.15122934245206637,0.140274192753624,0.18795493878108097,0.14376806804533052,0.44579947285310234,0.6549159265705392,0.05674862450020353,0.5159715047728834,0.40296086441158574
414,12,30,12.9316,77.7346,0.2173334445641971,0.30454842896791784,0.19790583813734242,0.1130274998038958,0.3525327787371213,0.5063970450273907,0.444079145032232,0.4759416934277971,2.67154042953898e-05,0.2511740632777682,0.3096760905385367,0.1631742645394806,0.29659871158075796,0.8546214944640603,0.11497638846352694,0.9022375432037002,0.9743388531678554,0.9914674931275206
415,12,31,12.9316,77.7446,0.2401731000684934,0.15431607600421784,0.24699480726638876,0.19226278972393712,0.43023952577546637,0.6036173127163194,0.11779554930466735,0.9518520044350293,6.576978167815806e-06,0.14425528828357168,0.14840790961744077,0.18965728960180467,0.2009387427624164,0.7060117881886786,0.08420521532574185,0.6709788207680231,0.40095229730465737,0.509969447363438
416,13,0,12.9416,77.4346,0.11096849518727477,0.12009724370801024,0.18299646609120462,0.2954676002679215,0.15898229817399112,0.02902291357024762,0.8511631168984504,0.6561290868319234,0.1314225362985195,0.12496403581051996,0.1234859175254998,0.18521536315595727,0.11115114226669133,0.6923776543831582,0.5905937568590828,0.9047356664356139,0.9419116807091685,0.6759617584703076
417,13,1,12.9416,77.4446,0.17115114812275126,0.2871913260358325,0.2167030418973838,0.13369262561359907,0.11270239848109279,0.4577242503748629,0.9750964338693879,0.9737165181855532,0.11850426724576588,0.24596580887097585,0.20848694180061897,0.13434032295245743,0.2866309148112085,0.8438830188985171,0.56489551430714,0.24092675992694268,0.08558498838568686,0.6077576400690683
418,13,2,12.9416,77.4546,0.2675409938047591,0.17124398012780284,0.19176967653829544,0.26070367972824154,0.5836815875489308,0.13512204112206402,0.798940066813656,0.9199861011568002,0.1103076418492824,0.1928453350728828,0.33429297192540935,0.24195390829141364,0.17065541871053572,0.045873600315928645,0.25022951200612203,0.0022675000987197793,0.36402643227198384,0.4620740194282803
419,13,3,12.9416,77.4646,0.2531729570509757,0.23912601013688187,0.3220694747646325,0.35470966530646597,0.597765936927772,0.9892993744233788,0.8319217171144706,0.5199417908646367,0.11107001016224177,0.287033796660603,0.22316236598692307,0.26946338635719574,0.3674012606518221,0.6143366370383893,0.6705591713248796,0.8140193277292223,0.8400734221739957,0.3988383766621634
420,13,4,12.9416,77.4746,0.43046449048457136,0.24411613784378383,0.4425602787121188,0.2504981243974078,0.07763892320179404,0.09972824272873164,0.6819274901669926,0.7997354743835797,0.12042926005418057,0.2943715463377404,0.3241351627594981,0.4170627383391594,0.38398208551865337,0.01894438859249288,0.7002213408490411,0.30126079839186587,0.47473102968166675,0.4488911435060157
421,13,5,12.9416,77.4846,0.44212581759968006,0.3063399567211962,0.34388913725425785,0.35674796836844697,0.07698926592697648,0.2959729163205023,0.10966764958865577,0.5740744131437538,0.1336283155956397,0.421030398563302,0.47316908626584975,0.3469603561370105,0.4484751067812328,0.22930187191141596,0.018941388320680697,0.5039453945213263,0.3660470015423247,0.2895492364650313
422,13,6,12.9416,77.4946,0.5517069760948479,0.41021958095773475,0.5552371194042136,0.5727458826797104,0.9994680414622873,0.0569024592819764,0.10815429540551352,0.8209339005291296,0.14379988356692186,0.39798888341316013,0.40582296025628056,0.4768350577511078,0.47856251877976375,0.5906448009895715,0.394150716319106,0.1877346176676315,0.4952341319499327,0.6736784653958319
423,13,7,12.9416,77.5046,0.5683806215362203,0.5499939967567025,0.564169114914082,0.49082363695298736,0.14223431067675502,0.40820651109923023,0.5126827175486156,0.6920070514334798,0.14525849862862794,0.6137301138972263,0.482278104272406,0.6188036504037542,0.6138395504590886,0.21027543920756134,0.21566856284112135,0.8286370770170374,0.5725130807960955,0.9988824672542026
424,13,8,12.9416,77.5146,0.5955289044749652,0.5096432425600659,0.5441897794266896,0.5040809742103683,0.18102285324309556,0.7541392520704611,0.464797789531916,0.9726462545790238,0.13621696618068727,0.5280986047095948,0.6373053664510869,0.5145473276792637,0.5177048982846371,0.10384041832806092,0.6917143265769449,0.9291300147218093,0.7287451786139855,0.6195756536199613
425,13,9,12.9416,77.5246,0.7386581426949468,0.6131690189024971,0.5527912105608276,0.5535217906640294,0.6314803103898957,0.23067076464956948,0.3659667362977358,0.555022276531638,0.11963234976265517,0.6876693394841077,0.7137003215886042,0.6237449304614486,0.6574374742179911,0.25404457079376325,0.1093953320130972,0.7247819292630807,0.304569306350277,0.5143928017871758
426,13,10,12.9416,77.5346,0.7381837681080489,0.6547268480276607,0.6477115628422777,0.8038795503408858,0.65819877899237,0.6053175409298069,0.15446489391934345,0.4237321631555658,0.10186229136080306,0.5999077009267237,0.6155925094725827,0.7779838167967515,0.7240223678554268,0.1180877703212753,0.03399179205861641,0.3550002908123429,0.009519279392972486,0.43794495635837694
427,13,11,12.9416,77.5446,0.6973485195555393,0.8051628593152703,0.6991953591631233,0.8212531414313242,0.760279248809039,0.895872170196749,0.6964793595282661,0.9357124719506875,0.08989054418848903,0.828762938460802,0.7103801084834965,0.649586789412978,0.7540771768865103,0.3860599984476227,0.5530427696112344,0.7710821894033478,0.850375853075738,0.34216451843124196
428,13,12,12.9416,77.5546,0.8487603077636061,0.8845343505352146,0.7620466236935496,0.8759408676297232,0.6406736464679359,0.43605496915085057,0.09379043887836427,0.4293895125769854,0.08842316353771233,0.8268384750953358,0.6969428700914219,0.8509455195643041,0.728590573484062,0.628081785667726,0.39890995584722616,0.44540920255105754,0.44232671818888775,0.023779127140797333
429,13,13,12.9416,77.5646,0.7459163550829025,0.7990861146957745,0.8176814693335652,0.774549804888256,0.33038571338487566,0.6421710677178797,0.7010663739683938,0.2791443977704199,0.09800070111438107,0.8344187343200664,0.8051818371499285,0.8071610334297088,0.7787143492810578,0.7628312106664937,0.9135987378189581,0.28426514548891324,0.411783603987451,0.2962030144995243
430,13,14,12.9416,77.5746,0.8233316999039259,0.9186110371406696,0.9585430654542163,0.8436372684696907,0.25545005706885715,0.6719760597124589,0.8143482115618181,0.46998865803368095,0.11474271035563348,0.8361800087763325,0.8485673907792122,0.8808478527116593,0.91319332336684,0.007462006957629762,0.6450008146976439,0.9303621993355858,0.24897355906582383,0.28937201180573086
431,13,15,12.9416,77.5846,0.827673138584065,0.9481742641111786,0.7776026635306166,0.869095563917694,0.7105727710037292,0.8664848399170226,0.1989332492722162,0.8234209431127725,0.13177694996598302,0.8101717239243525,0.7821863701688226,0.8719621665800175,0.8180715977122608,0.11705982395613262,0.7767281848026121,0.6189600916723624,0.6111952354875974,0.5839657877584612
432,13,16,12.9416,77.5946,0.9713773406726132,0.9201257478346621,0.8951854928852766,0.9670184295791453,0.830891835603969,0.7001952955443624,0.4150935018734386,0.46450606015576595,0.14185884346537042,0.93355767257775,0.7999554576363672,0.889033212096319,0.8502822823254753,0.10954684932226484,0.6708326742272156,0.3827746351718638,0.5135549481114251,0.681325167096477
433,13,17,12.9416,77.6046,0.8615722236010844,0.7614550480637342,0.8191638564909456,0.954809561811943,0.01999115908454097,0.019652205016140737,0.10489647502460908,0.7374180464426563,0.14016371421866278,0.8090065793654964,0.7723330197088019,0.7665095040673922,0.9534059023195337,0.6968705064987556,0.5695922826118804,0.5644372007505709,0.5030763708037308,0.6918560377748224
434,13,18,12.9416,77.6146,0.7450040816429275,0.8830023685616261,0.8258067548948299,0.8973272910146797,0.16236608504305475,0.2748206096095178,0.628979851795632,0.4715262152005163,0.12601377920856793,0.8955833751195724,0.9036152942384912,0.7883877350858527,0.8530251793541722,0.26668925246337494,0.7271417030660547,0.46236083792655097,0.15859050865047478,0.300584880262558
435,13,19,12.9416,77.6246,0.8120790805076696,0.695890673636295,0.7293916871918307,0.8448393541779201,0.4834177940506702,0.21713825598396547,0.18977762483936456,0.01947562181105598,0.1027379907051953,0.8378417457620535,0.6835746850734467,0.8056014834677016,0.9285058265156858,0.7366483104428069,0.33278949739266594,0.2205611128025171,0.883479632595161,0.22142945820553933
436,13,20,12.9416,77.6346,0.6751369817360474,0.8489309672587206,0.7277542235705565,0.7583690581871888,0.3765031515076133,0.6131235321050946,0.7650841047604447,0.988545358570329,0.07585925240552424,0.8471562218663786,0.7789142482066678,0.6724427997058067,0.743274339810947,0.45480961553734556,0.002528250655855756,0.41202968512607874,0.31694695656229466,0.6954714799576017
437,13,21,12.9416,77.6446,0.711353965927431,0.6411943459237975,0.6371086765931373,0.780726250369372,0.8906924680570727,0.8243160262225598,0.8907635450683604,0.9816773724151537,0.050703092317900836,0.6952154113972121,0.7104187070206598,0.7299444630956357,0.6174448575028111,0.5227933215465598,0.036334698710936635,0.3111294114216677,0.8478203203013355,0.457560467512817
438,13,22,12.9416,77.6546,0.5900609437375436,0.733098282963267,0.5724835322157136,0.599255361452311,0.6320383203313487,0.9524544193024151,0.4183598905935317,0.7889856062214632,0.03067089887767458,0.7242748427697935,0.570000649345184,0.6559021299828046,0.6984014243908793,0.7142384808089343,0.5855075254363419,0.33381091897149334,0.8866026783999881,0.8503488873393034
439,13,23,12.9416,77.6646,0.4762086773268816,0.548232332482856,0.5383570697020096,0.5568284440526191,0.8460070264418672,0.49006140273709914,0.8579965310266457,0.5091928378009405,0.016790107099819596,0.495188952915819,0.6482488195401868,0.6422760219349003,0.5600352380876287,0.04898912238232748,0.5880389883950761,0.2549900860012984,0.5320686440102665,0.02433476275799425
440,13,24,12.9416,77.6746,0.4877168320425985,0.5967688432335394,0.43481827602441286,0.4620877017948916,0.3627522152123029,0.6489459402299002,0.1169730397585506,0.7809141307946672,0.00831770384708544,0.4287455013833525,0.4988895778135495,0.5392887842114253,0.6057121574475555,0.6134755817733535,0.19719062512315466,0.40312593586330975,0.205932034920144,0.5028086384589256
441,13,25,12.9416,77.6846,0.394408544638766,0.47781263737527974,0.4376632439321147,0.5640807520048938,0.8741966659541598,0.777072992482912,0.32972760060718903,0.25167937413726704,0.003728824556809883,0.3548302763477129,0.36735661062053554,0.4691083293278632,0.5279465529742858,0.7718482744065189,0.9891245038101798,0.6457199201955951,0.061645076168969186,0.7971754476803578
442,13,26,12.9416,77.6946,0.4908431181187941,0.40118592424953214,0.3019187951046888,0.5164497062279605,0.50104711690062,0.9202247353182328,0.1600833420853624,0.07445982342884319,0.001512715447052514,0.3229943150599574,0.3847162163794681,0.4164330446346032,0.33676511017703087,0.48521003288487813,0.6601257375733827,0.940872279456486,0.7826649520057398,0.13350386891074922
443,13,27,12.9416,77.7046,0.3472946720208639,0.4465844776941007,0.4338317743186399,0.39363156760772455,0.981602506478235,0.054777520430648735,0.49229547025644943,0.03529524242207184,0.0005553396425976655,0.3577342768658593,0.26664932918316564,0.43972155271603497,0.42453442988383516,0.7302787576235852,0.7962250468811308,0.5739415783247127,0.9407724456588179,0.18185501576137503
444,13,28,12.9416,77.7146,0.27988866395948087,0.3525704455791061,0.2196669846951726,0.22261952654525635,0.790710907292609,0.9441359342830351,0.1298948291374123,0.37704359513349667,0.00018449134908742794,0.38702887756547927,0.2724589798226239,0.21568703802027556,0.388456978631303,0.11158075629870916,0.6118095251648858,0.2824056368893204,0.5110901004162209,0.8666566994155666
445,13,29,12.9416,77.7246,0.2711385966069959,0.3014116094667959,0.1903941420634228,0.2869919143931222,0.7270065670365475,0.11299410543671728,0.768098851471055,0.7348216007974555,5.54637383262113e-05,0.24143487733107807,0.29102116329197053,0.25915368687673535,0.3400442638684846,0.5702126443868151,0.8051635640318181,0.46491873564960856,0.6384453765171556,0.8845109127697214
446,13,30,12.9416,77.7346,0.2538946789477463,0.24416571510319957,0.24049914018139756,0.15160489044328276,0.051244772569875474,0.20015370254183612,0.9344116870522876,0.3055205402507465,1.5088915813536931e-05,0.12407100790060259,0.1826341253030499,0.274785327161643,0.11215557782653843,0.7316704989149793,0.7453947547061766,0.7888005236886949,0.7977132929340489,0.5928243105977177
447,13,31,12.9416,77.7446,0.18248228137550498,0.2324301613564426,0.15794139204836313,0.1937123407582425,0.3722915045364323,0.9266807368852881,0.6057445424760374,0.5421198715480713,3.7146909245436993e-06,0.1366831963814022,0.1434964597446644,0.25415260969768577,0.263617110485934,0.8187394951902526,0.18528370109029924,0.6742593301429376,0.13616699115147274,0.2896105735792126
448,14,0,12.9516,77.4346,0.15907275165526197,0.1833863328277772,0.22752559158539895,0.3020233747209015,0.587490825249742,0.47643836413884083,0.19551154427477652,0.17295595727350782,0.06717100908275045,0.11762595836590962,0.20877322039479962,0.17992163001038053,0.16257620923917065,0.11291185447499917,0.5794412329910332,0.7235108664204709,0.5378735379256876,0.4928335494917279
449,14,1,12.9516,77.4446,0.25214261460645676,0.25441008304967666,0.2828048330333386,0.21358260581043764,0.9355995833423955,0.509942384542188,0.788226483586145,0.7024591514683861,0.060568388312254036,0.21901811652818295,0.16171670389797801,0.16271618276943056,0.2992190016670636,0.8855031178520729,0.4969351987132381,0.4927877002426126,0.8166847045906688,0.7169712431087577
450,14,2,12.9516,77.4546,0.32369271205961336,0.3001612300207995,0.2823579790639061,0.3012042028177903,0.8723227911942631,0.383324410889941,0.9884085767291736,0.07286266410200111,0.05637903377336052,0.3260551772531977,0.19059624360854488,0.1699305892979772,0.25225558978891943,0.4317278888838286,0.6231909977217662,0.45943122675989523,0.6799312671571289,0.19113791101998182
451,14,3,12.9516,77.4646,0.3612968359600285,0.28501184844811833,0.3949237810588062,0.40232533182946423,0.7645463425599438,0.9851254594147547,0.9732346546104806,0.5141773241323612,0.05676868573349222,0.2774748388071101,0.3393020919982166,0.405053980289188,0.32007994511137655,0.3989605055924389,0.7600778532143059,0.05536671700837274,0.9720174742544061,0.13061649965507136
452,14,4,12.9516,77.4746,0.2882952105527106,0.30942610206248344,0.32867838743617417,0.41169457771687873,0.572468260885187,0.032647621014521844,0.8227278070527714,0.9056818927055178,0.061552266063057325,0.3938521000759151,0.3396562244727873,0.27841984072655407,0.3897924532620475,0.05676611435662976,0.4115377592439376,0.1750532239852356,0.09402879924269289,0.6499169889523851
453,14,5,12.9516,77.4846,0.3965067578927495,0.47492655169614684,0.31437817661248363,0.3761027087202411,0.7010716416531885,0.4132043057402652,0.6929410109610454,0.5539703457557401,0.06829839883929009,0.3449311481540561,0.3051997963781159,0.43676739347735116,0.41863736801283785,0.7666323626865786,0.28552697875831673,0.2290693706955038,0.3929288636654591,0.17494987688836233
454,14,6,12.9516,77.4946,0.486142193538742,0.43984927989427125,0.4733658997427046,0.5474888116491466,0.29253875406641155,0.9031361865182679,0.018849194575299745,0.2520686014301489,0.07349716081594888,0.38257479535730304,0.5565363881725146,0.5500856898459446,0.5585823012901582,0.07100612727396498,0.6660341970960574,0.8872130405279819,0.8733304481142545,0.6085361745522966
455,14,7,12.9516,77.5046,0.5083565647770262,0.4439275062066686,0.6008099907396174,0.4656226676715168,0.0033147204686267183,0.39023560251376754,0.010213732389842134,0.45028896569260546,0.07424266952638457,0.5728839979776913,0.5500407897701984,0.5705199960092144,0.5766525051047741,0.20797083917434928,0.9757868784588083,0.6329479083430385,0.11512742185040609,0.39662560725645823
456,14,8,12.9516,77.5146,0.5319785635271314,0.595445602291193,0.6340073478736519,0.6522159557594284,0.9175097326703829,0.4707689658221042,0.07359543196562048,0.41925978580154233,0.069621476880984,0.6345694287083649,0.5107023749623635,0.5144436991859894,0.5584680224386959,0.6991911940960179,0.9011313030706142,0.01025516375976277,0.5284795177730596,0.4952592942351971
457,14,9,12.9516,77.5246,0.6490911609367924,0.7493889858412625,0.6591406338779549,0.6652684493332266,0.5232922780055798,0.6804683212051256,0.46877125727484525,0.4561882188223922,0.06114495944778552,0.688850715319074,0.6974592835239701,0.6111665056037962,0.6405796764717107,0.0277366801306669,0.1252216810521839,0.5333730794906849,0.2574867046990353,0.8901038937921987
458,14,10,12.9516,77.5346,0.6579067756444951,0.7100587695916449,0.6791366957124964,0.7996245315701803,0.656077937821854,0.5602266127588147,0.18497228343933864,0.9772672042365216,0.0520625540405383,0.7675435158246997,0.7831469511271759,0.7550001812640179,0.7485446005820453,0.24514438963289678,0.25562621468775654,0.9192915440724371,0.11152452518204727,0.09695110007040238
459,14,11,12.9516,77.5446,0.7087580593711502,0.8055243463221111,0.861750363737357,0.8874218754633638,0.2821275639619725,0.7728775476585578,0.06424536118633872,0.04232652273894492,0.0459437074507776,0.7302181239258905,0.8142896177518087,0.8763698727902519,0.8097725863541401,0.7670634720969925,0.8897232667925866,0.8192428907293113,0.4808124544962491,0.16658598145388362
460,14,12,12.9516,77.5546,0.8735264558797993,0.7160526801391477,0.9034297124871686,0.7795574051518377,0.41749261632520096,0.9712483549028941,0.5762114373562847,0.7200184757936717,0.04519371858435298,0.7937364086694229,0.7426370390590815,0.757288236913867,0.8652172497593439,0.4699069394621584,0.9231802509283328,0.15910638232728044,0.2988572737630171,0.6227198096214753
461,14,13,12.9516,77.5646,0.8045310753453266,0.7595723049531491,0.893507639367434,0.9275287726138348,0.6754370509981471,0.9724865664912357,0.3726998221737864,0.4088789446071891,0.05008886732879284,0.8564461242971046,0.7478234551327668,0.9164200441564144,0.8289019896288545,0.30214261332191944,0.9553072899829025,0.39203996613663045,0.18928096057982868,0.18238629547981833
462,14,14,12.9516,77.5746,0.7901696698820921,0.8219193784528706,0.8611417033195954,0.8965601996644991,0.35578472776042996,0.7867714403325654,0.1085366647240195,0.998344925370616,0.05864582937260273,0.9887830751925462,0.9590253255701477,0.9166348287805632,0.8799574458998933,0.8601151850146814,0.8663393885312216,0.8099086638061027,0.6895671760695143,0.32863331681920277
463,14,15,12.9516,77.5846,0.9064333585825011,0.8409817370613409,0.8557508754732146,0.8457110733055768,0.5462024471372966,0.6928767427647565,0.4544194527349382,0.969785143143703,0.06735215247220819,0.9699136873646279,0.7978648360408964,0.8350799622513176,0.8334964807231222,0.24342229870555465,0.8731310579841338,0.5857155744845163,0.6206243578263313,0.6097818391248014
464,14,16,12.9516,77.5946,1.0,0.9600904215706747,0.9956886993067485,0.8271341456689137,0.23499032129133476,0.9108666507800195,0.5966369635983545,0.4629284484816753,0.07250508117752874,0.9311443016686893,0.8874157008061871,0.9945908373311476,0.9754877247578202,0.13099152229627944,0.9333034198555119,0.29110532370166853,0.3677500636658361,0.7740336980062082
465,14,17,12.9516,77.6046,0.833276962481861,0.8331378415481385,0.9429088941995692,0.8209727735372797,0.8130834269064859,0.6743098072467639,0.6842511436577353,0.8455554600194322,0.07163868835606928,1.0,0.9496727202973476,0.9544406062938953,0.9516967721429525,0.981842912687218,0.12792532148869673,0.19244865793727736,0.6928945898254381,0.24679995385903422
466,14,18,12.9516,77.6146,0.9530713400208948,0.8584453157670963,0.9639805229699921,0.8791652599562567,0.28632429351360017,0.17345325476352702,0.754436417879648,0.0888127076872084,0.06440655420424862,0.7738372803806705,0.8824972393705618,0.8791259522779442,0.7937605830412093,0.02164061132470213,0.3351596095724933,0.8664035136766717,0.5115411959250636,0.008422003528000321
467,14,19,12.9516,77.6246,0.8545102032307804,0.8038115910262073,0.8821745261821529,0.8476270157287544,0.3273330857516298,0.04619887362731287,0.0565208988021549,0.9534066700046135,0.052510130310732296,0.8056109911138339,0.8554114564423191,0.879172890642602,0.8576450486332928,0.9059232796076963,0.13663780125148717,0.7464531903069344,0.05605820206267163,0.8153302629137364
468,14,20,12.9516,77.6346,0.703897622756978,0.8567917897192173,0.8752333674624299,0.7588916211543608,0.7550404577004021,0.113119527585998,0.8071515322547183,0.45942817416893994,0.03877221271067138,0.8215577282904367,0.842305073609326,0.7236688309209058,0.8633644933325456,0.779102151216804,0.6387332094395498,0.5321160964907172,0.2891334893752167,0.16455596929108937
469,14,21,12.9516,77.6446,0.6470631980916028,0.6179907531090216,0.7257218773440893,0.8371824875982362,0.7185008303364583,0.32562987353429995,0.02568825997359742,0.08159670318745967,0.02591471729683563,0.7707441240348621,0.7997946028418488,0.6319989032960989,0.7798668185765876,0.34384564989009514,0.5870390281975676,0.28370192463604305,0.10238224992538031,0.8208892523030182
470,14,22,12.9516,77.6546,0.7015810423764551,0.6221360745984101,0.6056154712868579,0.7064764555088724,0.5489359000976614,0.7280603837425353,0.11940140680351641,0.7065051090150121,0.015676118305986517,0.6352059628314514,0.7363828136580152,0.5826968954353621,0.7578859549590854,0.6353391983769673,0.2438900402573236,0.9824219281628078,0.9613318083340922,0.04255606086972699
471,14,23,12.9516,77.6646,0.6255701530945444,0.667661242798059,0.5973643223705678,0.5358370470834999,0.6422341356593465,0.7475291912534895,0.06034803145403657,0.7362008674971585,0.008581545207289076,0.5024553048906543,0.5740248425093257,0.5250900141855405,0.5568661017794286,0.9020139204110103,0.49916372752048965,0.6721684045963934,0.08530563058915575,0.11165778412151973
472,14,24,12.9516,77.6746,0.5822656535848673,0.4976390738395225,0.5837829151678475,0.5471167498220347,0.8625816829407491,0.07623852908543273,0.0,0.15016360438674886,0.0042512386109420895,0.5706226839007486,0.5622695010929272,0.6178041927545037,0.5598366416975646,0.10282899499770301,0.5966077506609772,0.6697311100967718,0.5573425443575345,0.5253724295857993
473,14,25,12.9516,77.6846,0.5551409840523507,0.4285301312648399,0.395469078137954,0.49230015563887053,0.6120689616245463,0.6488888139876539,0.1724454672686525,0.7564271767755806,0.0019058292072870377,0.4310254231692379,0.39202065303432304,0.37660137369828695,0.5121618626372967,0.044486927293560706,0.9968855547330028,0.6487335425915418,0.7330355873687027,0.8513276030391344
474,14,26,12.9516,77.6946,0.43587800536509264,0.5055682865771777,0.37989016986664975,0.41650341402177865,0.5252182636517994,0.8751511521481383,0.0038730677817208196,0.07034723492948182,0.000773159808777223,0.4841924984205954,0.4693562971417521,0.4363467910655384,0.3285578259783455,0.5169554635091738,0.4721523310369736,0.9071233747521801,0.4490745335007282,0.4223033559090124
475,14,27,12.9516,77.7046,0.40276544387524793,0.37323244175748205,0.3429897858921217,0.3236234187035232,0.9281133715242609,0.004816753545507128,0.2536820489471683,0.3653548602206401,0.0002838381089542181,0.3659793690090162,0.37113459987410974,0.3437198544143886,0.3951359595803882,0.5014710180667757,0.012498571810831494,0.40472723653958737,0.16095750796612288,0.9194245538188548
476,14,28,12.9516,77.7146,0.22559202383082394,0.2682151783284939,0.33826931539977906,0.41673723140604024,0.6142303563554872,0.8818920508937641,0.48829820028383697,0.8490564836367084,9.429486322719696e-05,0.3818577132652251,0.22312100483969644,0.4089185462842263,0.24757748293533544,0.14641284309286898,0.8089271575951392,0.036348558538177436,0.7387265028658677,0.3391340213767984
477,14,29,12.9516,77.7246,0.18396665565359316,0.252375633876552,0.3520863196108778,0.232813328524107,0.24072230198495068,0.09848326765899482,0.037419676780642036,0.8575952656864848,2.8347917912727823e-05,0.2959012529325777,0.27680165276899354,0.24217328764172993,0.22534589055168758,0.9520203091328909,0.6400128124666316,0.4535471628975405,0.015376869383377708,0.4197089221181737
478,14,30,12.9516,77.7346,0.2926009934136906,0.13456052591475431,0.30804361735601926,0.2336370571313793,0.878271592941886,0.9912011969886928,0.2506226288487032,0.2682369178563657,7.712054033544422e-06,0.2258318138988322,0.16726135406703743,0.16587422931156506,0.2093452440461403,0.20375746374454917,0.6062221387758775,0.1677821275850669,0.28116810416723115,0.4471059140460638
479,14,31,12.9516,77.7446,0.19877127296481473,0.11196070717301891,0.19711119121426351,0.1805392483019899,0.9076687670221152,0.22086848089467798,0.9752117438875834,0.17458119603632194,1.8986054055832063e-06,0.16499216571435293,0.269279053889064,0.29873977566702087,0.25340999426919686,0.29857486122994886,0.1564953116225486,0.3578195143641209,0.3647046291455667,0.44760017511562783
480,15,0,12.9616,77.4346,0.14877966653806,0.26793083219697156,0.12812611611386102,0.27864100526062,0.9581296811736408,0.5655919545774647,0.6880419269372461,0.6343630076069526,0.03106773875710229,0.19873622739696897,0.21089027799210114,0.16678614602171382,0.29377029419842665,0.16875976935983728,0.001428652843990383,0.197025426091819,0.8795765147947965,0.8942278853981078
481,15,1,12.9616,77.4446,0.19064908173149075,0.23860246155000742,0.11875635786161659,0.21283098494952318,0.036135857685534546,0.7132878453577844,0.03171753161135961,0.7776495282610185,0.02801391390005279,0.20864184421414347,0.18096600583104566,0.2368223033560813,0.20119634107818546,0.5889059503864515,0.6062009744771106,0.6039907958226639,0.8336562322438932,0.832465853544034
482,15,2,12.9616,77.4546,0.30644001913499297,0.23669219697796723,0.15682626007264486,0.26390935213564537,0.3800480261280229,0.9383431390226691,0.41891078368986234,0.9103799511086796,0.026076265885641086,0.277721661204173,0.24420143288653803,0.2989439830633584,0.29989010597202237,0.6922378178616583,0.4862125226040174,0.33007860027006464,0.5089536540697384,0.38736816145532676
483,15,3,12.9616,77.4646,0.25096678087469243,0.38660402449445175,0.22481901272384358,0.3301953612475207,0.6336712624657536,0.43794626940161374,0.8915947569548244,0.22822563681148172,0.026256486571155136,0.2720963750876125,0.34385322084603615,0.2797250065806782,0.41348144283054866,0.848393675885437,0.6340425477529426,0.9311403829609775,0.16095999830338495,0.14501875368474554
484,15,4,12.9616,77.4746,0.3610522216215679,0.3530436783282819,0.38213296428083515,0.3634535134798362,0.5406483182553072,0.5325990954567564,0.7990550065661727,0.3136722281518285,0.028468974161142913,0.3799258190543264,0.2555637008967072,0.3132831965036349,0.3248907801167858,0.5244791082642163,0.4982124816466242,0.8581628777254912,0.46755877785158745,0.32156761454034793
485,15,5,12.9616,77.4846,0.4923158611559851,0.5019797810210629,0.38094086442332226,0.4997379791756967,0.5771991840619207,0.47781754685978634,0.6412350688696352,0.41749763869362566,0.031589175771550834,0.49311027417658304,0.3523548990799378,0.34791337449629917,0.5026595980915217,0.8760963095543093,0.7409426223253864,0.16772937539912552,0.36822704968694675,0.7494814345688589
486,15,6,12.9616,77.4946,0.441879776725225,0.5539113142267683,0.37172874630576336,0.5692609320191536,0.5905689036600453,0.5606741029300252,0.5197536256018704,0.6990717298137556,0.03399369196323434,0.44234549536287265,0.5416548530490364,0.5145655801204995,0.5317895978388602,0.08548202893559197,0.6080275707899697,0.56520421759522,0.7508305990236125,0.31258987590790077
487,15,7,12.9616,77.5046,0.5023040694796376,0.4726926944396397,0.45965756630709925,0.6562596522866215,0.6357767648770967,0.4194340951826013,0.6908221267486733,0.46268144507700776,0.0343385024726079,0.5089318889745191,0.4411031694911296,0.5246808470112732,0.5801681146044362,0.37349970291606394,0.43480095586858414,0.7075015199118649,0.8383278918476902,0.8720941216986142
488,15,8,12.9616,77.5146,0.5948444935432601,0.5227383746474191,0.5431324025486866,0.6584134200081643,0.09625864321040105,0.49959063532778863,0.887470526965548,0.6786402635170004,0.032201121959585126,0.6042218446209738,0.5453086097318925,0.5967019854958849,0.6648593070118048,0.46318856460757285,0.44826543290729387,0.4741727885089704,0.4823165562434009,0.15596460598556178
489,15,9,12.9616,77.5246,0.5956575169343095,0.7042622219942745,0.6162943176464829,0.7352384183953377,0.40732041792021273,0.1214252294792467,0.6660689050640813,0.7038516062327929,0.028280587896144037,0.6679860376998717,0.5905473479739689,0.6452872088231628,0.7060508986174622,0.19600633216635943,0.2808818515428933,0.010900887875634606,0.2100499382687621,0.6727262989482984
490,15,10,12.9616,77.5346,0.6430834179789866,0.757226471032731,0.7736191881869837,0.7824149806611799,0.4546568921644156,0.6404158739225296,0.9015551097626264,0.8933781014088906,0.024079820298163863,0.7420125104965374,0.6281361082727281,0.6473132081801318,0.667988487475528,0.01009961993817123,0.6744542014852898,0.7348581629764561,0.6589326774267174,0.2583190030855694
491,15,11,12.9616,77.5446,0.8090922435588103,0.7185973323225837,0.8604845744603705,0.9176309903019456,0.9047357604629821,0.1877744210085876,0.8678696760213499,0.6962861521168343,0.021249749260950745,0.7722963785517136,0.8557967484347302,0.8313728862584306,0.846773044087684,0.6477565464265937,0.34301453612110583,0.4378224955348597,0.8456554815702993,0.6286154961634507
492,15,12,12.9616,77.5546,0.7323612392823748,0.9259965937620982,0.7314090813398415,0.9701766582384141,0.9699351915708189,0.7421111363382595,0.2837555429056892,0.7003083580835443,0.020902866602926208,0.8841591464696447,0.8097831247349359,0.8180271672885253,0.8201414445820973,0.49099561417835136,0.4717746001618566,0.066238667402082,0.9503381027354931,0.5004637226581877
493,15,13,12.9616,77.5646,0.7769164697242472,0.8666480657478955,0.9471283501822608,0.9080739511282965,0.5476711648782111,0.11665448137893211,0.25551449982894336,0.8361333031753677,0.023166956490009206,0.7928116419541367,0.8713704239836967,0.9344150650990726,0.7979141030531993,0.8515149164395354,0.5112998489764277,0.34273164017810026,0.16874442221781427,0.6889323428561774
494,15,14,12.9616,77.5746,0.799460903749603,0.8024395746647212,0.9325372720109866,0.9487603631872845,0.0505279895119568,0.4734238428022136,0.9257956927478476,0.18818939023005227,0.02712469755958313,0.9093216152123466,0.9295017011956784,0.9595772587358158,0.8969883187320601,0.1065745162217469,0.9236052679614111,0.6674379323308466,0.9962278925466108,0.4797146096802342
495,15,15,12.9616,77.5846,0.9766364239296988,1.0,0.9333573382380003,0.9670119677533132,0.6542523474643058,0.8141062623244797,0.6804121210628253,0.8107992602585427,0.031151520668050145,0.8411691296474378,0.8817194461217096,0.8826015043441238,0.9461402707777067,0.8406170648814403,0.15567366089028525,0.013901291633456225,0.7465111985991855,0.41577743259370464
496,15,16,12.9616,77.5946,0.9003104208830369,0.8752873703238785,0.8682131528275631,0.9834816619503339,0.9702844494635204,0.09628107256059856,0.33750114087394634,0.9202321951359614,0.03353483818906061,0.9205649485872789,1.0,0.9708012856159196,0.8467551055867897,0.6267955961170709,0.4795236107382635,0.00415282545523717,0.2944793665571187,0.9872009512878364
497,15,17,12.9616,77.6046,0.8278833499508447,0.9881733521567488,0.8852241740251513,0.9015532364675636,0.486722379928362,0.014904931646637686,0.08205866116385305,0.26142813878406834,0.03313411671404197,0.8396881026495341,0.8419075486016551,0.9716038575902228,0.9674727061721864,0.22113790844565956,0.6892217739960903,0.893468762356474,0.35302592813964473,0.2584617136785551
498,15,18,12.9616,77.6146,0.9692944131496776,0.7949622177225504,0.9001321097487804,1.0,0.8257404409734659,0.34403106381489107,0.8504305984899356,0.7501638939369802,0.029789131168145463,0.8999504477830156,0.9040529108608776,0.8907288370343165,0.8090666553490424,0.5999314863050584,0.5968592377113935,0.9283193837882029,0.19691992014952506,0.55408330792493
499,15,19,12.9616,77.6246,0.8944012205146917,0.8508616517091285,0.7394823001907962,0.8160898461992192,0.3852041232966816,0.7613406949684363,0.606423637972535,0.099791669465278,0.02428683196623537,0.8189108097995577,0.8762681532064992,0.8580976387703505,0.7917001326537051,0.11272341130945368,0.7752172066194214,0.21914512053695442,0.5561390203853938,0.5838221563620803
500,15,20,12.9616,77.6346,0.7604686005007845,0.8580664940271684,0.8363915175720957,0.8793218510496391,0.019195529088271535,0.9578061481090684,0.27507711981635957,0.20055335579743847,0.017932810478490664,0.8263413285834151,0.793951953861656,0.8805842720299856,0.8079542365448228,0.18711995819696534,0.039757067652075075,0.7924113292870409,0.2946039944866913,0.5253309474878219
501,15,21,12.9616,77.6446,0.694309092845546,0.7821231293852837,0.7305344569464258,0.7939940570816951,0.08978577651187825,0.0044415032789157215,0.0709269860415265,0.4310088133569566,0.011985999286543432,0.6413201350088251,0.6914332923783212,0.7482438067827775,0.7968739593298222,0.6321159124041849,0.40085407305099596,0.308526043891709,0.31588937624013785,0.8722455197371781
502,15,22,12.9616,77.6546,0.6475648052815912,0.7112841937218609,0.7438712816182727,0.7515572788604103,0.37961133457760676,0.9601183626266847,0.5365936813763427,0.2572445239353972,0.007250472412225312,0.6664956449610664,0.7342622203251177,0.6328608581280213,0.6176781703950668,0.8562404982477031,0.5449447175428588,0.7681019948355747,0.7754198027222519,0.788959071947943
503,15,23,12.9616,77.6646,0.614967401794225,0.5514749488272983,0.5148269164224849,0.6162389519857626,0.5020981560287002,0.9160196456963918,0.47086844379004916,0.8094403163452231,0.00396911120248133,0.6435497402773028,0.4959103596241602,0.5683250846686867,0.5681303625310639,0.0337934152672122,0.2792218958538762,0.5625023554161397,0.62655368667713,0.9713150691501113
504,15,24,12.9616,77.6746,0.44421247176866757,0.4628624879737074,0.5377205610304793,0.5097248438456988,0.22458321264308267,0.83947677842168,0.3546353085272332,0.7154598066016433,0.0019662704545073194,0.624667693047717,0.49698616381666666,0.4609515083664196,0.5061372561796026,0.3197242863040274,0.6809651718319177,0.9517262166004409,0.33700526703440853,0.10520736892922361
505,15,25,12.9616,77.6846,0.4517285623717653,0.428380059280865,0.5529145680304715,0.42391110640610813,0.193245136911707,0.26747712919631544,0.4730486884295313,0.8685133443174299,0.0008814785535632804,0.5197231082631558,0.5043063821941515,0.535351870501957,0.4533295893247824,0.746845141212033,0.11276531371544911,0.9116871968550043,0.7031398833679079,0.9303852875780573
506,15,26,12.9616,77.6946,0.4395384007931216,0.3664016410113214,0.3106556527537836,0.3303621664004352,0.7829364556503606,0.5006290276064167,0.7348385237736158,0.2834654587305441,0.00035759961454487354,0.4651603456489724,0.31330903432314955,0.415903806503443,0.3592320279050656,0.49944181461028336,0.25612701217797595,0.7517093224946368,0.3913301302557217,0.2967790060336929
507,15,27,12.9616,77.7046,0.367252059808219,0.253918861335184,0.2560306658567382,0.3339698688179396,0.2221247280836008,0.917208029156702,0.4710424434670402,0.0035763125787753006,0.0001312799723975552,0.2878354092409293,0.39067943603808564,0.4126677520403706,0.3585345702360685,0.22278655060924613,0.9574962455367921,0.2049472407421864,0.5277236348272297,0.938700718386598
508,15,28,12.9616,77.7146,0.37367223674525324,0.3891273608163586,0.3349461957742718,0.3650689488973068,0.7805630727595994,0.9259129789376549,0.6234784258385885,0.5482273317733257,4.3612984483679123e-05,0.27706703708941477,0.26955293131006675,0.21589153634933497,0.3803212865321335,0.4661198414457058,0.7435665394153976,0.6654382879914271,0.9278624064184069,0.8182349422272127
509,15,29,12.9616,77.7246,0.21949268916808418,0.22677320149978364,0.22958802967455716,0.2496717137190675,0.5740177236090517,0.6883211065638029,0.16427436881174004,0.133936516747277,1.3111396122325022e-05,0.17162895714740253,0.3114479830802625,0.22519347392103192,0.23948687809149785,0.911163089688097,0.19841784276673058,0.45696782588836243,0.6224550687512096,0.581102486985851
510,15,30,12.9616,77.7346,0.16150376558539764,0.21320575409894502,0.3177419049105591,0.2077630800543717,0.2944255127546484,0.4827979928884583,0.10183109036910756,0.7927160532462788,3.5669566866186675e-06,0.2891730800188007,0.25707051428313515,0.3303891081776527,0.17200456688809412,0.5770451222461034,0.9749391319003029,0.8401053541784735,0.13337922063835395,0.9547840425406819
511,15,31,12.9616,77.7446,0.1974656667094143,0.12294273374482055,0.2362161840752901,0.21110775680019567,0.06291284629564688,0.05133601713073828,0.1974871537771499,0.3819637147156774,8.781374219142675e-07,0.16930682695039712,0.17581252281734625,0.14478349923697564,0.2451634069429063,0.7992469569458139,0.8092326303682659,0.9596946583296979,0.027126414010522095,0.7072034836381025
512,16,0,12.9716,77.4346,0.22343425664047564,0.14530402347753854,0.20352397861883353,0.2348111533229117,0.360494228346242,0.6278404514246997,0.41000746853165765,0.823445598603823,0.013003287366512259,0.14511056459767427,0.1095603627283283,0.29954422308034795,0.18093159354147423,0.3310317395031435,0.8454934589747256,0.41841205136142157,0.02975076213350245,0.36543107643944867
513,16,1,12.9716,77.4446,0.21140598840375618,0.24014350602241655,0.30205026631353504,0.12386247405625979,0.9014258044098772,0.26685677203303354,0.3113476219220345,0.7454956534402619,0.011725120246153844,0.267362919507219,0.185428493334915,0.2315252217861939,0.14225547375597689,0.898199541684044,0.7111071817900694,0.19080962267507662,0.13425604127854907,0.6512911103147775
514,16,2,12.9716,77.4546,0.2724789385416513,0.32209909384770485,0.27597755171462784,0.20292811805282823,0.8354067912626962,0.40243420159434967,0.5124285721365806,0.005931430163108967,0.010914124822781182,0.19285670565849977,0.2521360379788289,0.185131257633973,0.24010955326597833,0.12104188597560746,0.6384792607133798,0.9641628111129532,0.6327407449566607,0.6809738192355035
515,16,3,12.9716,77.4646,0.2983758989771121,0.320386344691908,0.3749697508696265,0.23593095330407982,0.08515043151548611,0.6447365353696127,0.804838504790533,0.4351218324734215,0.010989555525396873,0.3126769170920824,0.2907939678078581,0.361038363168984,0.24219374494760015,0.013321040436209497,0.6727161266154458,0.6713705341778498,0.8216155999708918,0.35377612947270504
516,16,4,12.9716,77.4746,0.3988852535709459,0.34149120985161596,0.2610905022087889,0.32607572136259133,0.832173070936858,0.20031411230359805,0.11479373308067757,0.7427308924095799,0.011915584038523743,0.25560179897720653,0.2697203159887247,0.27685484068470406,0.43293486753846744,0.07599935496474336,0.8725959107086354,0.8835131813196395,0.2206337048649717,0.7216306345560192
517,16,5,12.9716,77.4846,0.36621994718088235,0.42062521280461723,0.321992855500778,0.38342427555137587,0.5593236389457484,0.7840999575544949,0.8354374958700703,0.2397862930956613,0.0132215329039626,0.5083909792000715,0.44532774245988155,0.41542929435582976,0.5316494174251217,0.4359744901290419,0.0701341127350014,0.8678607707382818,0.22774859360246064,0.9286404636078194
518,16,6,12.9716,77.4946,0.36726174635990483,0.42429474790932165,0.4209933674410327,0.46051366087437334,0.14686880983074638,0.03707504318574724,0.23906927390748606,0.7018808836960551,0.014227934279432666,0.4923546056906635,0.43272147985633636,0.4313873098981855,0.4284004643476695,0.5626504916956598,0.08576198334784584,0.7815260644712825,0.8364085962990511,0.6008205064637918
519,16,7,12.9716,77.5046,0.48577941483907744,0.5432264726799787,0.48272705219915935,0.6247266153852765,0.33399105394800477,0.7061688727334441,0.2679068863996366,0.21749933949368674,0.014372253445221738,0.5701302681550126,0.5614532718326044,0.5902662467401458,0.5385320791162435,0.5353818038928032,0.5559699095980747,0.3002354270017164,0.12037708703795429,0.7724067477801368
520,16,8,12.9716,77.5146,0.5587509758846954,0.5282196616716834,0.5943641519184172,0.5359944781261669,0.810461974856816,0.5724606903672766,0.7041403288855556,0.9977414850772927,0.013477660721891821,0.5445030516844235,0.6830531353143448,0.5590823447335346,0.6475205725025234,0.8948787724337673,0.495893889395725,0.8401244784051564,0.03590217181671896,0.44331451457027354
521,16,9,12.9716,77.5246,0.6211543098508636,0.6772408235126434,0.6649319454554716,0.6120400242340568,0.45270992302253044,0.9310149890233915,0.8267096227709144,0.3061334048340159,0.011836735662758889,0.7543419509092281,0.6399654267995407,0.580419312275442,0.6578469530668227,0.9662131795207088,0.28174391358618145,0.26460170119580884,0.01023043505779735,0.37026158808946924
522,16,10,12.9716,77.5346,0.8059595189813913,0.7787526897155791,0.728367603880292,0.7878398839619088,0.6014478640793498,0.9629629515522237,0.14073120470744924,0.44535504692551703,0.010078519892260229,0.7906297656771535,0.7032360313437219,0.7953180146579863,0.7490931497335398,0.8828345018419298,0.6891222400948646,0.5138120686306034,0.57164960347778,0.33303781012255573
523,16,11,12.9716,77.5446,0.7715581235584038,0.8643886766353829,0.7260254473762846,0.9132451453057472,0.35444777832381824,0.05180069467841777,0.6503375338235605,0.18616135423713237,0.00889400410718035,0.7590413905006861,0.7490050694836008,0.8721584596184786,0.9118592387980945,0.434685180869956,0.21364151288351893,0.2574437582824325,0.9469263889115764,0.8843802257041122
524,16,12,12.9716,77.5546,0.7678269485955616,0.8674541374939667,0.9177724768424977,0.7730798623378949,0.908887175590827,0.5448711365806925,0.6345511702685787,0.11512448146351242,0.008748817651222995,0.7719698513994956,0.8175648436837942,0.9364955293624022,0.9292707650135776,0.04806775141852725,0.0675311108776178,0.4947207036734753,0.21401495580170796,0.08752868008445021
525,16,13,12.9716,77.5646,0.9532685105063691,0.9102958949864383,0.9200459119385288,0.8569107719243592,0.18650440890294898,0.6746295475053817,0.4935338221655344,0.9205071451044529,0.00969644411530301,0.9103846782563711,0.8875223593935081,0.826725133241998,0.9269457188621337,0.44042581592973074,0.6917395358897933,0.6895230848924918,0.847097667912535,0.8427531931183079
526,16,14,12.9716,77.5746,0.9389725438200267,0.8395578401515468,0.9239064801541285,0.8909142188532047,0.45102990563716666,0.3383139335083078,0.300703930632192,0.8268842309856433,0.011352942029498728,0.9207326407622624,0.8728993800752932,0.9546372597833916,0.9133586408954901,0.8299786295997742,0.43120039331313725,0.20849423088489905,0.11617160514349309,0.2776741489181497
527,16,15,12.9716,77.5846,0.9600608935366878,0.88148518623635,0.98683513541094,0.989543319458368,0.6063155720253466,0.5293823048720345,0.4254112620191192,0.7875462761199203,0.013038353976048547,0.8403133314487844,0.8204051976921085,0.9040809015839953,0.9022926577175876,0.33564378128279526,0.7714376891136159,0.895231372762714,0.6201468305351999,0.7564021970487761
528,16,16,12.9716,77.5946,0.8656474455877049,0.852168630196638,0.8656780291297043,0.9948158713642279,0.5145077001132892,0.9430687535839302,0.11080671345709082,0.8795431043457996,0.014035882726165823,0.8550374836208753,0.8047809374688628,0.8498375499813557,0.8565542012907227,0.8058045579117198,0.03647949798889602,0.34025923183897117,0.5650874288127677,0.7797738056565953
529,16,17,12.9716,77.6046,0.83029191363918,0.8525910114892258,0.9372884186776359,0.8943933769419152,0.795991276612951,0.11562558174621022,0.5046951088647325,0.9207692354795364,0.01386816223210802,0.8450738447102236,0.8572683281568023,1.0,0.8832064178073322,0.42004589842769124,0.4363470474359675,0.5688128866273973,0.05277974561978795,0.020955801235350312
530,16,18,12.9716,77.6146,0.7680704535952139,0.9001617212614822,0.9193508688931787,0.911334711424108,0.27431871744361724,0.7274596379455517,0.6705996593074814,0.6144793234906805,0.0124681308802872,0.7850617553920334,0.9460078187771194,0.7794832511338992,0.8149050993304613,0.7323605386539012,0.7272691667493609,0.3093090762351535,0.9468440842124017,0.707257738693853
531,16,19,12.9716,77.6246,0.8546112905535346,0.8401951175336917,0.9344246356732893,0.9395229668895275,0.09419754273789185,0.5917553462666102,0.31746320200256983,0.5461490915956222,0.010165163861723238,0.9103323641194108,0.8946311251333517,0.8098893657056251,0.8841537158492836,0.18277572186485452,0.5474838931198709,0.4317242863412897,0.144890098808251,0.945473389953376
532,16,20,12.9716,77.6346,0.7975325741552531,0.8284316499891041,0.8585607632915476,0.8494288189047745,0.9132326150057348,0.37483083593357025,0.9679017741560872,0.7662401996016319,0.007505711624657862,0.7585694712603003,0.773098731177908,0.8023149181351502,0.8199715953343975,0.28319393639945073,0.6888279023165719,0.007673476918309036,0.7369599537886047,0.6321898681702293
533,16,21,12.9716,77.6446,0.6745192189700532,0.6296323110714699,0.6435935122270093,0.8546194895367261,0.8327211398033172,0.5363790312332609,0.7616034331604856,0.5270387156967264,0.005016695753633016,0.812567116896138,0.8073833139784825,0.6983815784512833,0.7895139043891927,0.2886415080688267,0.11175636798586372,0.4447156109686357,0.6686071958310495,0.1559935937434528
534,16,22,12.9716,77.6546,0.7652416538131983,0.7623678895693344,0.6862638836688425,0.6495877527315025,0.3240375412710399,0.962522092632013,0.9813714511276584,0.7815900862220738,0.003034658462150934,0.6351674568953954,0.600655239279393,0.7387061357262971,0.6238203005697303,0.9980548257628266,0.13755320635202145,0.5974446041367653,0.4679813822583487,0.5873389533712026
535,16,23,12.9716,77.6646,0.6826746323080787,0.6535588173781346,0.609552638802343,0.591622299549139,0.7313508705024915,0.23922256489419766,0.3592206118530317,0.014738744956487306,0.0016612568413499034,0.6333658250670782,0.5685200576623551,0.6405619217812031,0.7207521918842398,0.9214710447166886,0.6501349801386473,0.7733143487454849,0.5655221087430444,0.5648099331421855
536,16,24,12.9716,77.6746,0.6202208216410096,0.5380591696015852,0.5567894859411043,0.46785495264258736,0.8375753953170286,0.9682251697655715,0.23200188358595913,0.2788625167464272,0.0008229752400115135,0.5518801299784135,0.46123744091648694,0.5673396637733575,0.562740950993431,0.3867469092264187,0.10846747394630582,0.6283821015228993,0.7307293401985374,0.5770773221344095
537,16,25,12.9716,77.6846,0.4158101240157639,0.4061846605199165,0.5253135001927961,0.4162970917389365,0.7340906776150858,0.344112089716902,0.29417200648691083,0.5497017164656428,0.00036893959451041473,0.42834318537683325,0.5089973946165157,0.5201492060766671,0.5554870902411143,0.9260727841002041,0.8038747003583331,0.42558486815739816,0.9075265334215781,0.7816812750409645
538,16,26,12.9716,77.6946,0.36122034202957387,0.5003177551112241,0.4805588170593457,0.4374100302461723,0.7813417476802667,0.9376534517518816,0.7747773999361267,0.17470932963151944,0.00014967199854601273,0.5027932842016363,0.4188858072508426,0.49314183772559034,0.4035114284296859,0.4330171944363758,0.7428213442437095,0.4170425408895809,0.6482769238061399,0.2501089703353549
539,16,27,12.9716,77.7046,0.41288724478339645,0.25972311699841966,0.40338115366708527,0.39463955421958874,0.4973827681932855,0.6661158551135117,0.805834463152431,0.11150159570425602,5.494674781127654e-05,0.4109767903560774,0.2632475148620816,0.2777892686402739,0.26230494180870195,0.7985090619596206,0.8460658469559486,0.5793891467646884,0.1435746013917586,0.018826167618892012
540,16,28,12.9716,77.7146,0.20715330200783239,0.2751012905564754,0.3615486657061931,0.22970335049337604,0.26135529514451017,0.08665539652728002,0.8119955663533149,0.08603860793848858,1.825405365309335e-05,0.22406940216510024,0.2629463960345011,0.3547027457079525,0.3800135637725259,0.6651975720207807,0.8395246863857643,0.5005497760606988,0.8556607508234636,0.03387028330589823
541,16,29,12.9716,77.7246,0.31183416692451543,0.1829902163051737,0.34941192180935976,0.2017294840275048,0.45864363970131056,0.6080631028372872,0.8373459600922372,0.017761484629636445,5.487726444709593e-06,0.22685305217465523,0.3313150181481171,0.1783360732398005,0.19207820943201814,0.6116354638424838,0.6805516692411523,0.5431403883789613,0.12695550831890828,0.6679211809808976
542,16,30,12.9716,77.7346,0.18254736089548743,0.26015921889418947,0.29812137400365274,0.2897548279924534,0.7011363232461061,0.42170150671686807,0.15338960265890017,0.0016927263108921639,1.4929365533342562e-06,0.28659751199729466,0.2584437869478415,0.28885537689256335,0.3271474066921033,0.6723741329149733,0.7062541307382868,0.7611871736234684,0.170955487123153,0.2482279438206418
543,16,31,12.9716,77.7446,0.14822419774333848,0.10810366688160528,0.10346219141938834,0.11860303287045997,0.4097726772173164,0.353923716463355,0.48899218991772014,0.8875368275515458,3.6754117619009314e-07,0.2870851993703767,0.19301280028343323,0.18011109856830262,0.2514244210063165,0.614740156725668,0.666342764746817,0.879414624827699,0.7815345774915272,0.5747680950599297
544,17,0,12.9816,77.4346,0.25214599141482397,0.24156469504575756,0.16907304323445485,0.17808064053418785,0.11149619525392308,0.40459995905638313,0.6281119080486119,0.11414985924860846,0.00492507014015488,0.14221671617135703,0.23352949538079695,0.28056724573727215,0.12494382400767173,0.5420722039770378,0.242254681393497,0.6912444757887873,0.34113614292129824,0.5840482392064789
545,17,1,12.9816,77.4446,0.21547814183041825,0.3109730209213567,0.16519801571691128,0.12180876955009161,0.8286781244806413,0.5437847446477219,0.8309802610289659,0.9678523260623002,0.004440956966218816,0.23720385488838686,0.16827253758556637,0.29507168542828804,0.13483595093107012,0.7498579978308184,0.3390973127917592,0.43659139912879646,0.9677499436192692,0.9397338821948459
546,17,2,12.9816,77.4546,0.15416912043808592,0.21168750459512883,0.26162381681274727,0.29526610868943665,0.3871090466589685,0.6666176078347792,0.6328913889247682,0.16641998243025005,0.004133787768855591,0.25188045638236234,0.1641638919483486,0.18322076580598792,0.3412838675167826,0.37520517805340986,0.8225331998967077,0.5968177554376133,0.2189533485317178,0.5380518010504594
547,17,3,12.9816,77.4646,0.38901440897946854,0.24482336532202062,0.24701969420052605,0.23621808077986828,0.7195492667944514,0.255123618967341,0.34273634960454263,0.7434832157234097,0.004162357582828955,0.40051286821668564,0.27373344454662263,0.28448918128320355,0.31308290316816967,0.4092407016853224,0.43903128372564354,0.4427179043455246,0.008217622272677912,0.1447558592687816
548,17,4,12.9816,77.4746,0.2946352537569932,0.25256837345125305,0.44351213468780526,0.2677211914439178,0.4870801742294155,0.25798488395164865,0.4454282026101004,0.6365080104376702,0.004513096226864353,0.2710583180288555,0.3763332297340915,0.4062388639104729,0.2585781988784703,0.16656332210883582,0.6305869001495483,0.7549381639844623,0.6558762580005268,0.43955670758605675
549,17,5,12.9816,77.4846,0.3294097932814123,0.4388986064732329,0.3365828609652883,0.3488139427475453,0.40360314515965806,0.09953961293671482,0.060257721140825456,0.5265019749001432,0.005007731897095426,0.4712514588195814,0.4627346337994523,0.3099640520262224,0.48773904906494087,0.8514350989892899,0.01674294560325275,0.5748134627676084,0.19570416571833701,0.703946941340855
550,17,6,12.9816,77.4946,0.40413898181929925,0.4510491982764824,0.4238757251436639,0.49943489584365924,0.28796085695670137,0.8420896847154726,0.9921169310117317,0.6308753382512401,0.005388912226625272,0.5307261646183867,0.46316174448994285,0.538232061322891,0.38200182880606764,0.09819042606478184,0.9535958956013043,0.4629141211427816,0.5711348003815708,0.15577218585512384
551,17,7,12.9816,77.5046,0.5561709741756521,0.6097876084727437,0.5279127137134522,0.4881717728073929,0.8388023139755715,0.925081242463358,0.8713725159937742,0.844584884203023,0.005443573943623876,0.5980079144063375,0.5844420134563094,0.44389151594187354,0.5950713377607777,0.29830558756235204,0.4272605063232759,0.7177040607179298,0.40460258473565575,0.8353733432770426
552,17,8,12.9816,77.5146,0.5471347889701942,0.6749624542059894,0.5703111157372467,0.6059559346797684,0.33909084658513633,0.3137208233163997,0.03349244991787062,0.6566272247046108,0.005104741786409638,0.5600522895345995,0.5242036759601308,0.6259300242915256,0.6978858887862522,0.11478957027415664,0.923873147170077,0.88005651134815,0.7304385910004828,0.0716336612407591
553,17,9,12.9816,77.5246,0.6410977031079655,0.6239743444168082,0.7592031803268169,0.7432074737603489,0.3583348826033452,0.8321094065825716,0.5438937707512366,0.26815355292378923,0.004483231949460219,0.7315689896125444,0.5642578677276443,0.7220100454538577,0.7480969930744319,0.7962899723194317,0.5596799187284794,0.908527666993618,0.5897945435573966,0.7842719576002286
554,17,10,12.9816,77.5346,0.7117676561613769,0.6705864218028528,0.6377569888301616,0.6824654122109216,0.19681267683700499,0.7644273229546364,0.4612120759230216,0.06382090243865732,0.003817297578623118,0.6628896723652704,0.805463381148139,0.6956887905110909,0.8263328109585953,0.4619832346334321,0.4185775748603667,0.1888654276992621,0.23907585596129335,0.6675521287251162
555,17,11,12.9816,77.5446,0.7540064463670382,0.7327852513222886,0.8564987722878055,0.7698087336885754,0.41441531523909025,0.7038012362489339,0.6181092379559409,0.6020761768316241,0.0033686553884441153,0.7228936416433047,0.6852614427568496,0.8775277146559172,0.8285626904481663,0.16858847725838433,0.7508960230765465,0.35981388761589606,0.9134559647652377,0.8112935685453592
556,17,12,12.9816,77.5546,0.7678047945613037,0.8085463253585806,0.842889100445704,0.7889864735400153,0.023213252012869327,0.09935576025299322,0.05248615859660273,0.5525603586385684,0.0033136651802886004,0.7365327826229248,0.8798509625872059,0.809453649114894,0.8280679660222536,0.658789757416641,0.5155530151710485,0.2710445775886463,0.8463423925161278,0.6054492399030533
557,17,13,12.9816,77.5646,0.8061339903404356,0.8796332612922606,0.8944952845148976,0.8656521742367542,0.5331740713775859,0.27352089307064864,0.693706917989261,0.4560385565021947,0.003672584172902761,0.8660417113333487,0.8935825248782868,0.9437264965862185,0.9744092968438482,0.3261464081962118,0.8397524141343747,0.0515121177459464,0.8056619751088288,0.7994376572684875
558,17,14,12.9816,77.5746,0.8001723180579349,0.8893131596441444,0.9015901727261015,0.8345505360071833,0.052325287487546536,0.6963125265526022,0.8386702511519749,0.6307324880558717,0.004299992318587879,0.854773848124066,0.884745181066786,0.9191386440145882,0.9247188143545437,0.5710507310586879,0.8339500116853666,0.20322512036168966,0.6776251938548037,0.3517549971037823
559,17,15,12.9816,77.5846,0.8457284388078562,0.934602931524044,0.8401836868167616,0.9946629409969313,0.759359652120784,0.32701694964555605,0.5886768967068063,0.2583088680148537,0.004938351820908041,0.8583087119945391,0.860669479226583,0.9450619597859601,0.8676761263728251,0.10375222903237606,0.37421712302711707,0.6195184987373551,0.6906839961836809,0.706899799802682
560,17,16,12.9816,77.5946,0.8515322002833228,0.9860188537281753,1.0,0.9427930130983649,0.048369289207611334,0.7556242985751916,0.5003789869151979,0.07999692044706568,0.005316171592376065,0.8122120764388889,0.856871528414427,0.9235775223535259,0.9562686093786655,0.24005015721712736,0.9654736430935045,0.3051862526745541,0.7378267296127944,0.15272189065577405
561,17,17,12.9816,77.6046,0.9006544969793151,0.8756990775326918,0.9352408555860701,0.8873410765342036,0.7591451751083912,0.08640924754374117,0.41762503886586005,0.2385713133525862,0.005252646487232,0.8449220429967443,0.8192366799872419,0.9328963910536904,0.8823827967777612,0.766072558297087,0.12154170691431859,0.858524791868572,0.4333970945093045,0.08867924041090204
562,17,18,12.9816,77.6146,0.8418502911026471,0.9522605853303924,0.8443899583056582,0.8979854855908952,0.9605056980169657,0.02695895153572846,0.29579658805565207,0.4413712062672983,0.004722376532275,0.9399180980844182,0.8669580759075276,0.902348919044188,1.0,0.8069601145349784,0.8917020828383772,0.9082193906689003,0.2996691323292512,0.8108780841683455
563,17,19,12.9816,77.6246,0.8298312963225054,0.7245803841415362,0.7683787504116381,0.9074407678190296,0.5483818542609111,0.23133450347169748,0.6164868814708883,0.8347101909143679,0.003850114482133664,0.7447806563212158,0.8435074935574421,0.8997234718186907,0.9039744190934887,0.2775386367158496,0.16859124131360906,0.9787850032877955,0.7672543296267107,0.23120343036192406
564,17,20,12.9816,77.6346,0.7120816447837741,0.6781777415791518,0.8427675487201075,0.8420838972096947,0.19484585803584376,0.47540427954895403,0.6163564411756128,0.7769215644328388,0.002842831597986201,0.7412222789513712,0.8173084927338197,0.6746051156600503,0.7653983426793839,0.9954312436239027,0.3486531621665312,0.643746833397311,0.861554451739944,0.2658615268412212
565,17,21,12.9816,77.6446,0.7887281743301342,0.6772929629164832,0.6762084290145514,0.6554825265463953,0.9494209701345996,0.11118556105382138,0.016681523043315268,0.916726403749288,0.0019001024711712451,0.7714071005494332,0.7649902956099676,0.7228915131554954,0.8341215725960058,0.8228724590394634,0.11131458049074303,0.2883140805877053,0.22495863523021162,0.4402336871568313
566,17,22,12.9816,77.6546,0.7171877987327853,0.6416908417534164,0.7520583468615272,0.6207278605502274,0.6590643828665446,0.56241079544404,0.7520886602428821,0.5974788572002334,0.0011493944074479577,0.6205777763280188,0.5581988109420708,0.6423224690249695,0.6580505711313086,0.2023962508039897,0.8377571052905912,0.9227445578320496,0.48344746490484286,0.40420040192746504
567,17,23,12.9816,77.6646,0.6555439577606569,0.6324221350483809,0.6393481399002371,0.5739052862748539,0.34524814566046946,0.4993161380256579,0.9942842807826153,0.8256638201794573,0.0006292106168115019,0.5283786568958121,0.6821403685063705,0.658513309299519,0.6054448566105294,0.03396503321716968,0.3227863605526721,0.18934270063723038,0.5858990756383163,0.5909749643531701
568,17,24,12.9816,77.6746,0.47639064927355157,0.4577785932379282,0.46223827411602436,0.48499599589258807,0.16719389583130975,0.7241800575223669,0.1804632112721866,0.7508543210459963,0.00031170662205818955,0.5393370412030347,0.6199593995472851,0.44655185720463103,0.4427848479776414,0.005130790841753802,0.7024189813182204,0.533313356551028,0.024230042486976806,0.9476573015896145
569,17,25,12.9816,77.6846,0.37430504353570687,0.4136314138537166,0.5265607854884017,0.438338133879521,0.580937094548546,0.3381201114087086,0.3570011858556926,0.26239684698001975,0.00013973800080151782,0.5676126875920731,0.551765223291941,0.44734743986566927,0.47549735918605424,0.1632233135741191,0.4671243357613234,0.8072963210046468,0.1589395775624438,0.9961887379710573
570,17,26,12.9816,77.6946,0.48706630912122106,0.4188462387229764,0.4497963440408778,0.49902850505388757,0.8998902375829109,0.4738008262238625,0.18115519418949613,0.21618373141408084,5.668913329983196e-05,0.5053627209127404,0.48045681147939645,0.38355980716809424,0.4473065802773749,0.21526921268150323,0.9414238269413278,0.10385892061144195,0.5993905968863864,0.8359969404014287
571,17,27,12.9816,77.7046,0.29314861974149614,0.2579342449027761,0.4433058659790583,0.39326498037347357,0.7783698169215822,0.14438473605098778,0.1674919460977159,0.5168365993741991,2.0811397865498713e-05,0.35407898066140786,0.3413251207267448,0.42204957466842336,0.3830227616064206,0.7657415340245192,0.5522061297826134,0.865564432949244,0.12321891955074057,0.24223355793872237
572,17,28,12.9816,77.7146,0.3895015003913397,0.3979743444512777,0.31700201592231114,0.27527218144519955,0.8338831085823745,0.5055172103362102,0.06965574618736887,0.5746999375246905,6.913828176644358e-06,0.369928952271075,0.29085631680907253,0.4088701212460583,0.4049941951057839,0.22223706781996055,0.3893935931621242,0.6875791715886583,0.10010029851271346,0.9262348014330131
573,17,29,12.9816,77.7246,0.22062071708817033,0.1639780221206491,0.20241851567638203,0.3543312044665048,0.6401170287416406,0.8213292677986798,0.3366385851817122,0.2248871170304602,2.0785080640256347e-06,0.28047265646412856,0.15727346909524104,0.24386119489987884,0.3081486950020247,0.49086538177085964,0.03678083151662888,0.5050118393539095,0.21311311429595528,0.38063999212959726
574,17,30,12.9816,77.7346,0.28185084103039426,0.21551345169597214,0.31848833217877703,0.3188221102525917,0.914752480108085,0.5123524276150996,0.3730679716123148,0.20375445684974783,5.654583362411172e-07,0.20022268654971703,0.12386878970161257,0.19549343270766453,0.16528087046540457,0.10670462821981448,0.5423978237658026,0.8188739970045456,0.6005534956263329,0.22692102970849895
575,17,31,12.9816,77.7446,0.1812286829980726,0.19694825352589274,0.22542291455149857,0.22857162848894075,0.5832288803415724,0.48891980603528823,0.7602807537478922,0.6867998371578706,1.392083417885435e-07,0.23316222768026879,0.27060113906467304,0.1193298608649101,0.2005346172237185,0.9856792449782048,0.8719729607529548,0.8665088384033935,0.6337305785992244,0.42246606252521435
576,18,0,12.9916,77.4346,0.2351867618048237,0.17355509724336088,0.20995064031774455,0.21967455647301656,0.8544144260385782,0.9379080494941351,0.6026029647433432,0.7696417182517096,0.0016880582279134929,0.1535194440128286,0.1102228400002091,0.24480633001975977,0.16545097892120855,0.17430386618277852,0.62613970306677,0.9798477377031297,0.18122362792915808,0.137127317864771
577,18,1,12.9916,77.4446,0.23291191744266063,0.31016456961489247,0.2928528947122662,0.12322735852251686,0.5057392794054562,0.8693056254117282,0.1970536860871475,0.6807464153961441,0.0015221293775117034,0.25048745900657465,0.19860003087256967,0.18753887477110728,0.16916241765881657,0.4073958876351222,0.5870449517083652,0.46449191344702895,0.6839125447827493,0.6952183892191938
578,18,2,12.9916,77.4546,0.2613622842037347,0.23901938658734453,0.19510443716573303,0.16725659833136614,0.3127551982387614,0.25075684837628015,0.3597318036763159,0.384268246794014,0.0014168477315219302,0.21939013056884363,0.1863079295652479,0.2526013087931856,0.34079288942380687,0.385706920197997,0.373327274817301,0.6909207940121521,0.46086950496692997,0.5499354596944187
579,18,3,12.9916,77.4646,0.3478643802958381,0.34941123783901173,0.3714041478081064,0.2332405479955765,0.8282152296591561,0.4377630789159933,0.5743905095582046,0.782738145389008,0.0014266399797895216,0.29392558757204323,0.28319138606827515,0.35319225344585614,0.33337542338332365,0.9690931756285803,0.13187366501037848,0.9812152593402343,0.5198642997980257,0.2080906135200024
580,18,4,12.9916,77.4746,0.3961196600058267,0.2924098840280254,0.35818293529444517,0.45025014075680203,0.9659789159871861,0.0739068505937785,0.8283298145673038,0.22806471816929613,0.0015468549690307828,0.3914579330552072,0.28631142667999226,0.31791593266606183,0.3303095797600706,0.6155585109371271,0.15737820028040975,0.07358331119587255,0.276575468137999,0.760469466684888
581,18,5,12.9916,77.4846,0.48020099813243083,0.4339275590418781,0.47669122353038673,0.5122540397806539,0.05212912696846608,0.7750746745043344,0.6784633818838092,0.7507600069965541,0.0017163903846069803,0.3698822066959769,0.4712973030456406,0.3438717878507359,0.33347670604987883,0.998716508576697,0.06099516582126562,0.7964624927938093,0.5498828111110233,0.9704933156590121
582,18,6,12.9916,77.4946,0.5247680430723971,0.5483333433668689,0.44781623415509686,0.5196653693449319,0.4606998347583872,0.10358688531094325,0.2504473499794211,0.4981654550935209,0.0018470392024452168,0.3915439987581836,0.38234301042493657,0.3868851683489324,0.5017520827397602,0.1411502760870225,0.4517832173420387,0.41834956045754623,0.26369810277197,0.37430300721319626
583,18,7,12.9916,77.5046,0.4249566532394634,0.5673566468418721,0.47704288055234856,0.5745542950301548,0.4049496185524801,0.38217114714219913,0.40601992017497457,0.0829838293808024,0.0018657743998140974,0.617453251755681,0.4240899340463959,0.6094802976097505,0.6261109672847464,0.5114144735341857,0.043226238063496916,0.8339548398972335,0.3848555811056436,0.10369727423280957
584,18,8,12.9916,77.5146,0.5197490631101006,0.5763701070195095,0.6352490785122946,0.6619644706615361,0.7558088529508005,0.8690769117251816,0.27578833060792324,0.24339368534908137,0.0017496403358128897,0.552581006614531,0.6483306579193577,0.570255587139712,0.6104564643482367,0.34060609956210086,0.6048203226136204,0.1210987914127627,0.14344018160696073,0.8936513833666898
585,18,9,12.9916,77.5246,0.5477332081957744,0.7249402896206427,0.5808712301431455,0.7275587949794934,0.7641023312293416,0.06028247288774667,0.9644400591247263,0.2297214217541195,0.0015366190459356539,0.6314652473161915,0.7271128499165979,0.5401252776059206,0.7118024700607486,0.7699209063600158,0.5360298784534486,0.5969093068437784,0.1079403743369059,0.8548588400681008
586,18,10,12.9916,77.5346,0.5937651265976328,0.7913001496598712,0.7005456157767376,0.7191070354613086,0.7760056602681887,0.4413180122475014,0.24618193890225196,0.32404342054440616,0.0013083713333240706,0.6332475899434932,0.608473259874802,0.6882797499744888,0.6456334676109083,0.8916341296324187,0.9783277321978533,0.22470328315623195,0.9473864153589889,0.24325234250531147
587,18,11,12.9916,77.5446,0.8558170567266212,0.7927914162993817,0.813003430026481,0.7470729855188336,0.018622794717125107,0.05313457873131784,0.04954346036121644,0.3948030119528586,0.001154600093733769,0.7961786826128855,0.8315892710469841,0.6662321307603734,0.758512872675089,0.44851313117014663,0.04169373809019931,0.675859587636536,0.16148495423289821,0.9051025577545573
588,18,12,12.9916,77.5546,0.6924921362012918,0.8529335718636609,0.8888521409122078,0.907815130866235,0.5021016256808166,0.907267225310556,0.1923482106083284,0.7975885123675758,0.0011357523066586647,0.7286220764174653,0.8150203461547695,0.8717934579093424,0.7700212607493092,0.6438407400638994,0.6211780412563171,0.8853765343415498,0.40083785309221265,0.5850906839428601
589,18,13,12.9916,77.5646,0.8996183495862541,0.7786521652294289,0.8750061383688911,0.824159609495137,0.4036474311833853,0.07341009673963461,0.5350036729085013,0.3455175511837627,0.0012587710944921525,0.8660769862783838,0.8865529313086433,0.8118850473947651,0.8361439370922817,0.5307657339674978,0.9747898146673123,0.6394091617659275,0.20295339541639543,0.9823017236998463
590,18,14,12.9916,77.5746,0.8259930980884451,0.9039395211806884,0.946010093612622,0.9086611825196221,0.35123857476187365,0.7009847228837527,0.9919630401461568,0.5272902164841501,0.0014738140182362625,0.7951084069416846,0.7737439436370094,0.8497632527870419,0.8928195289182498,0.7770705362693393,0.4315762425497518,0.29671871005671663,0.6613066683285989,0.5456089990398532
591,18,15,12.9916,77.5846,0.8096547390404841,0.8095234516528634,0.9718571943969123,0.9388161421271363,0.3879265507008578,0.6232666993690983,0.051056416473777476,0.6625851131808075,0.001692610498203634,0.8943857717735552,0.9110191727740325,0.9511122781317282,0.8538949533412362,0.8958275810922691,0.7524379234845895,0.5019652931921492,0.19108612593655808,0.7053679929508136
592,18,16,12.9916,77.5946,0.9775298649883596,0.7890079820177442,0.8790087717798746,0.9562086059169019,0.8999241681781263,0.1700888623016058,0.6003778749265356,0.48557152008284177,0.0018221074912911155,0.8919614897793917,0.7967518323420719,0.943617200270911,0.9271467405855317,0.317082153120895,0.7762711606029199,0.493042601873577,0.6165464474582986,0.7234969069115842
593,18,17,12.9916,77.6046,0.8045613737857719,0.7604748838493764,0.7735651461983919,0.8769384890214382,0.7964136613971157,0.7160262605967475,0.03499019423185258,0.24943251360702784,0.00180033438484473,0.9580432731776155,0.7558902860685395,0.934088745903413,0.8208459534869053,0.7324877922793435,0.8125186672168461,0.48630175750467225,0.9314780340238575,0.0049094115402418155
594,18,18,12.9916,77.6146,0.7375979887222375,0.760092785177706,0.8696104570208516,0.9255711132672271,0.9491878240520452,0.4576924519719842,0.5495393408722258,0.7374816568577547,0.0016185853873670357,0.7477348374498899,0.8378423112662192,0.820887016834347,0.8010980535603267,0.4756995575825562,0.23269671989030047,0.10691687574780977,0.052632458324495805,0.6668908568014318
595,18,19,12.9916,77.6246,0.731858511829123,0.8625037079272679,0.8181073619793404,0.762027070679841,0.6624383284246125,0.7118436615100466,0.6891996864018882,0.9740371956474758,0.0013196192632842863,0.8672067036095621,0.7698361664871296,0.7269518338277368,0.8510899710543499,0.37680320924341903,0.5819020132104499,0.9228644809424933,0.5968194144855373,0.26471155315497297
596,18,20,12.9916,77.6346,0.7297086051071412,0.6696244756358615,0.8152340931243331,0.7751950241492108,0.4734217933094228,0.961204199091409,0.2343157329536285,0.13776140921848057,0.0009743750105053632,0.856741615565829,0.7723327736939787,0.8279174156736437,0.7398101392327496,0.637127543586833,0.7568443325942664,0.4241807741479523,0.9098870293124576,0.6584390134332149
597,18,21,12.9916,77.6446,0.633004747402746,0.6435653187300047,0.7551110045966444,0.8008925152131969,0.7835024740842375,0.1235148114143504,0.429606495581365,0.5676549354840484,0.0006512564327131601,0.6730114068133539,0.7499752044432074,0.6212831773218458,0.6675377466858498,0.4801540072700936,0.5532966486890861,0.6068977772202137,0.7019002941857647,0.8345321143510244
598,18,22,12.9916,77.6546,0.6470951874966504,0.7001179199855945,0.6023413367261995,0.6498686842773934,0.35232753987178494,0.8283071443147182,0.17454447416524788,0.39788099399368637,0.00039395270146330334,0.6660889243514326,0.7178639896695166,0.5817369621036017,0.6169898001561754,0.9822335425855998,0.1344456113569607,0.21196408828131932,0.5376766392678245,0.7210622146035673
599,18,23,12.9916,77.6646,0.538272275869298,0.474341723198084,0.49217654602008054,0.6160346895045941,0.9702833808983109,0.1631947446580845,0.8747776141862996,0.5252268094054963,0.00021566071722295622,0.5738140790025611,0.5418961200731399,0.6812631820194653,0.5072675078716127,0.5672973555928015,0.6994774943405624,0.11401091130664717,0.552086182462416,0.4902491928027412
600,18,24,12.9916,77.6746,0.5553542159799257,0.5888793454061734,0.46179735907043423,0.46359680544837917,0.1558647300909481,0.3556541519385202,0.7819947728115316,0.9502224637928598,0.00010683683949400309,0.43723116892234964,0.533604874062932,0.48293666308460526,0.43330155471030335,0.9130066556176272,0.7481431893586339,0.48930171769626357,0.8096585086820155,0.5367941821036597
601,18,25,12.9916,77.6846,0.46317170038266486,0.3969900943928494,0.5091711541018,0.5336496596895465,0.558830046582653,0.17107257049177904,0.73085987000341,0.1485418296125236,4.789492845633898e-05,0.524034180347904,0.4656161746752195,0.4121117648534662,0.5713282784713966,0.38388265522229614,0.23248607886619263,0.5068600154309231,0.4624872252574398,0.6300554138233119
602,18,26,12.9916,77.6946,0.48872976443080896,0.4984865904167755,0.31905771632951296,0.46497572797943104,0.6992844476244254,0.9792029505002637,0.5125613094636224,0.0320639195152819,1.9430090369645214e-05,0.3231228448713027,0.4385673758594046,0.3808881097200391,0.4369554498374168,0.33352513436489856,0.7898079503298282,0.7562433549128291,0.7639965155482995,0.8929230038127254
603,18,27,12.9916,77.7046,0.26021767985857003,0.3948281186316385,0.34630302068186414,0.3416766833594014,0.0635989708401619,0.3430150806069846,0.4612106033375285,0.9540623249439752,7.133066210528333e-06,0.3956429137333791,0.292788176140977,0.24921720687993162,0.2553379522058505,0.13806257628360297,0.5671297225585819,0.16071680184155443,0.45087343428511073,0.9653867193662666
604,18,28,12.9916,77.7146,0.22904838892883078,0.21130672751352111,0.27830149985815245,0.34677610226775774,0.7999394357781245,0.6587012181277335,0.391645117072741,0.47746599956055075,2.3697011835007075e-06,0.1979048488969193,0.362943627095844,0.3820690267886126,0.2693823002072375,0.257117717477146,0.7635656024238129,0.49500733188163265,0.8618243431068576,0.8650582062819766
605,18,29,12.9916,77.7246,0.3037144300195006,0.28954208711556784,0.2842467856117787,0.23870130813488635,0.2849750814686013,0.09125363360768966,0.6991354886494122,0.7990084875325586,7.124046032645942e-07,0.26621814828737883,0.17022686874498433,0.21082041244737662,0.3575163190400017,0.08088699382308365,0.08782914333953423,0.45432891644489914,0.2478827954830792,0.9164319281138144
606,18,30,12.9916,77.7346,0.26067091811194987,0.24690343498621753,0.2377532589582309,0.2544912692210001,0.9145877468463883,0.864578775911165,0.355384024246875,0.2779738938218836,1.9380974683710643e-07,0.163321721583589,0.29628436690798765,0.2797089339052655,0.16106133311261275,0.5407763820025687,0.06525842071381771,0.26940919340557334,0.8095905918906618,0.7421885560323941
607,18,31,12.9916,77.7446,0.1436605829710452,0.18335960782833033,0.2818886264207705,0.17720273142226545,0.3386295428438022,0.17551792428693527,0.7617282053103411,0.8237273067728609,4.7713388854858046e-08,0.15316865919224468,0.12960687704264892,0.19751208010804644,0.14310009501522075,0.04230896279007572,0.421218084249512,0.3759519359431549,0.2246259216574646,0.4571417960719174
608,19,0,13.0016,77.4346,0.22899300393519387,0.218950952025446,0.22444028509263994,0.1633535670896459,0.4514561616159454,0.07901026088847898,0.1725158433785744,0.18180305398965824,0.0005235741183675657,0.13039706647129187,0.21453354213041045,0.08785842374814722,0.09017645706711364,0.39483551384111326,0.8745638910241199,0.7073587152397642,0.3762988132634633,0.1667501172026857
609,19,1,13.0016,77.4446,0.21109310354589642,0.21391972847046753,0.2536817259890148,0.2924982627945729,0.046864547262760126,0.311013571451102,0.22418453028393098,0.40368764251172357,0.00047210903847619,0.2674787632562575,0.15452139225877684,0.2445413158279281,0.2953985896767673,0.15580427523284524,0.648602901534699,0.8650320584405571,0.11160505344655511,0.06910849441817163
610,19,2,13.0016,77.4546,0.2114229858688649,0.3083287531661746,0.15663211399611235,0.26271287594377857,0.9995981838050847,0.8597566220310778,0.5575520228930476,0.9100133975800484,0.0004394545102923394,0.28246791736970855,0.24933697610598152,0.2939300387183322,0.1573779239921638,0.6062182290160844,0.8818340014995455,0.6092869162770943,0.9591755868845454,0.695127448254018
611,19,3,13.0016,77.4646,0.21117103625223685,0.23629547586517888,0.24690589388991122,0.3710776717179991,0.5507588718759927,0.7290753806954273,0.9633061726167779,0.5432783509483403,0.0004424917086950728,0.37905799731589057,0.36423270784383643,0.3688895971818918,0.3171249847974278,0.4985515681548764,0.9100558881594729,0.7429150431979112,0.5230162465742717,0.6242898551130344
612,19,4,13.0016,77.4746,0.23225447412065622,0.4170065198884133,0.2527164533790838,0.4327651724918197,0.1813334300774335,0.8638399630895585,0.5540473255898224,0.0579021985650643,0.0004797780155094767,0.2782266030009014,0.3892680033989881,0.3857785458020067,0.3126023392655687,0.9945342517768808,0.1526447756463171,0.9452545038970174,0.5046893210491146,0.014037920001259004
613,19,5,13.0016,77.4846,0.3492384362823362,0.3174051793969886,0.33010136486448577,0.44313457419355556,0.4110492153263661,0.618303348536327,0.04936119959443222,0.11593985808941404,0.0005323617204282953,0.4509700646811205,0.47730629177195927,0.31938795071471937,0.49495184539656595,0.8508344280789826,0.6075875774059819,0.37167303117454253,0.17271724292984494,0.5213709959877715
614,19,6,13.0016,77.4946,0.3931065699176443,0.34388699522783833,0.5328264686962897,0.4798189442944311,0.9387648208269003,0.8469524978751032,0.6225561504786216,0.3174330950032761,0.0005728842204726036,0.4492163725953665,0.3853702429559563,0.38600877726507343,0.3410410838511631,0.8068839389449629,0.4261183559056047,0.18324891132581447,0.8037107429899203,0.9774400044964896
615,19,7,13.0016,77.5046,0.5739367810900454,0.47134135631688645,0.46273105181763013,0.5941556793931625,1.0,0.6187027111566951,0.7590633777377086,0.8188142446364252,0.0005786951956407875,0.4479357569046828,0.395628721003379,0.432113754141859,0.4863684495573331,0.35249275032043637,0.9755011445982028,0.6349498669593057,0.5824292803913527,0.7401774188919878
616,19,8,13.0016,77.5146,0.6439011924413794,0.6023367122422755,0.4501267298762828,0.639183650917014,0.385419648453909,0.4137031595134883,0.46789437522005173,0.9342751160165176,0.0005426746430517742,0.6568312359300426,0.5905170891328351,0.5598444155000778,0.48630444651173804,0.42047954831893175,0.5394692158543,0.9578677601591218,0.5167569479843648,0.8056679470965541
617,19,9,13.0016,77.5246,0.6616720261162049,0.6788173071035485,0.5759503646859724,0.5839235238533619,0.3520674011492636,0.09459095445030505,0.2533123009543106,0.19744995625572528,0.0004766032053509224,0.7096040741010408,0.5717965703055011,0.5569727003157011,0.722756942000687,0.2990947607904346,0.9426224108768037,0.155080229182519,0.02045676343088438,0.6105779530646388
618,19,10,13.0016,77.5346,0.6032550399704187,0.7224562145082144,0.6434997539371252,0.7294374760806678,0.7637962988423084,0.4885502880784161,0.0689106956762054,0.7868234781488256,0.0004058090864491498,0.597458970383375,0.6626784663296715,0.5663056567341858,0.6027589826281364,0.23548593060571663,0.7830803991928948,0.1772954725195725,0.7201656304757285,0.874624950949605
619,19,11,13.0016,77.5446,0.7258901263576805,0.740359800597943,0.6297553473868621,0.7317649499875115,0.8760430263047752,0.44257109605782785,0.8406720320817112,0.8377211113712177,0.00035811485418425055,0.8206864856800553,0.627777606246646,0.6668542672145422,0.831834197052627,0.17846019134695293,0.8661260864023639,0.9347764719733305,0.5886563106697897,0.3359664664204386
620,19,12,13.0016,77.5546,0.7443656599407537,0.7664678699306268,0.6759557327364528,0.8344316606248854,0.5512092312373271,0.5360964868233354,0.6018905865566508,0.12316336712619891,0.00035226895779403845,0.8500469227547899,0.6488199546401857,0.8271429189559042,0.7518415381863899,0.9251942824840725,0.19102347092311092,0.5012311306591756,0.8824879018044218,0.0017520996387611909
621,19,13,13.0016,77.5646,0.8996852029644007,0.7993553009361679,0.8093018976108151,0.7244000230349473,0.4827472149581177,0.7467264429788735,0.8607885236299735,0.5701007998702095,0.00039042490070969113,0.8908490873216492,0.7503872567568701,0.7739965365907995,0.7506451296069837,0.04127829211055811,0.9472968366573908,0.04322511085872927,0.6787561811793908,0.032239973334647884
622,19,14,13.0016,77.5746,0.8884293289865544,0.8112023653533058,0.8864508981843154,0.8794185739448304,0.18607809912572393,0.07283580224870152,0.7329519253409992,0.24578564637091857,0.00045712337553047584,0.7633441720598414,0.7523027270817215,0.8953270188611291,0.9228924584566505,0.2597512003329473,0.4975645168339837,0.35797202193554956,0.9207899296596082,0.37826711718122513
623,19,15,13.0016,77.5846,0.7572260824404057,0.8596971939638516,0.7886145233719181,0.9615076239432551,0.3694697505107869,0.39238647034148694,0.7491002170942577,0.4782977308881448,0.0005249860666429976,0.7691869767890022,0.9058305244935848,0.8228425624719521,0.8895427784698438,0.20812363207404083,0.47107266983694746,0.6671857688332604,0.48254830631923057,0.012578242884549213
624,19,16,13.0016,77.5946,0.8038454459749175,0.7315395116711566,0.7387987144281725,0.8848693266471893,0.0621844530433707,0.595487902987711,0.4034519406658139,0.5522700354679644,0.0005651513126433288,0.7573533394546642,0.8661170702154156,0.9251882711992997,0.8292009843692902,0.9135102051241741,0.6477313228373714,0.04351938422585846,0.7457909334518811,0.18213243187999895
625,19,17,13.0016,77.6046,0.7781986838628515,0.7889134498605251,0.8958542046007991,0.8632776903937042,0.37014531771433695,0.9398063696531777,0.28775263776172694,0.40433861549356015,0.00055839808883666,0.7438704311284716,0.7804722426818875,0.9069017539706734,0.7461773588873838,0.10269906728403243,0.9347229750635339,0.0,0.360219770853091,0.07916841542475024
626,19,18,13.0016,77.6146,0.7385871595422101,0.7297563287195292,0.7641893825771673,0.9335769268631695,0.7628637610433884,0.8881851285204604,0.3232527804478417,0.19169016115414358,0.0005020261760998618,0.7887119623008728,0.7349759041783775,0.8066428772046563,0.7891387994629355,0.27389291731433507,0.8130290179072247,0.5568195306676554,0.6916443216516176,0.36387048950130985
627,19,19,13.0016,77.6246,0.6830426669826465,0.7278505379017736,0.7159612102821427,0.7406793897701553,0.99133599445323,0.03382337087731164,0.7042326318252189,0.761178213765308,0.00040929778424108514,0.7427356329845114,0.7359377597617651,0.7853910274093022,0.8003027245654281,0.8335057308806441,0.2659388533788104,0.4900496243471541,0.49616298577170864,0.8101045562626096
628,19,20,13.0016,77.6346,0.6293124951372236,0.6220563395027315,0.677941027651141,0.7304506076200673,0.03163979498130855,0.3743106043326166,0.4529367671432702,0.3198365021136149,0.0003022156040880803,0.7027768501858657,0.8029150147642904,0.762373665979551,0.645411392179934,0.5513844333861497,0.4134984241612956,0.34880757883504876,0.14384605525290556,0.10956059952319928
629,19,21,13.0016,77.6446,0.5647597255701707,0.6771874896321998,0.6680134155102307,0.688982856072123,0.8488938344792378,0.4621753601480357,0.21503111237499933,0.45996367613693084,0.00020199600164886547,0.649290546608751,0.6954703907735569,0.6459679431123834,0.6866180742761168,0.4785265915756302,0.8969677782198254,0.6573760196210563,0.13326333079201008,0.9788558131388241
630,19,22,13.0016,77.6546,0.6241421269131867,0.55080984200358,0.5919197895499161,0.595889051203338,0.874928382889684,0.015461414577735588,0.7254817505831818,0.13446569086338944,0.0001221897651019512,0.5935711695386706,0.6393550483020307,0.6500913490727231,0.5715728762722186,0.7531118742466801,0.20822354034467785,0.7325965405724503,0.6132636830909975,0.7672757769403468
631,19,23,13.0016,77.6646,0.5817220052841225,0.45808709010455073,0.581404916603012,0.6733227773906925,0.12041853394330472,0.7335981095582915,0.4191461015688735,0.08163874588766626,6.689009183414716e-05,0.549356628790441,0.5502571629400976,0.5220757046550354,0.6774266438710179,0.19711122040258172,0.8573851228699959,0.2290015662294458,0.08768802952616392,0.0011930175459967827
632,19,24,13.0016,77.6746,0.4020545664314322,0.5034182850225889,0.4420907726640723,0.4125316656554641,0.6482627167620653,0.8503073322201681,0.610795755699884,0.008241528043135063,3.3136892508965614e-05,0.43593034390394814,0.5387986784507303,0.5649360269308669,0.6160762385070191,0.8966319138188807,0.15595697156354235,0.5642677160890797,0.5086061230604665,0.5754884800905649
633,19,25,13.0016,77.6846,0.39354920813162547,0.5013238989414016,0.4814538744074441,0.5248088872728756,0.9999103074353056,0.2108723868067287,0.5662124089896243,0.4418036104035497,1.4855260633867703e-05,0.5108589788859617,0.377359296510331,0.4706272209289599,0.5119580260540382,0.4303261609364865,0.43758590219486304,0.9147223166613963,0.26165866952430084,0.923308905497256
634,19,26,13.0016,77.6946,0.386697532033292,0.30911381073385813,0.35525225658474235,0.41614650242031553,0.7068376137096244,0.34994084068034614,0.16317744643381465,0.2527737379514932,6.02650564231893e-06,0.45271225837101986,0.44448642767819707,0.3705641024030454,0.3309422795753198,0.3673799764886865,0.05137565772989124,0.12136990152912501,0.6898461059012793,0.33753350239156604
635,19,27,13.0016,77.7046,0.26168836457616645,0.3760049211456319,0.34479305703916785,0.3345984144799798,0.6360254356447436,0.3701390862782044,0.34917766122407073,0.9999802046729558,2.2124170781984476e-06,0.36030216140026916,0.41103447389547426,0.3796758567497939,0.40361448574469816,0.28102073114160053,0.4379806794493536,0.4799734885843931,0.032272473516222304,0.7846163317595701
636,19,28,13.0016,77.7146,0.18476431363565207,0.29971529975364497,0.32672125911414873,0.20945021746234058,0.7650645347836377,0.3346731753960578,0.915354020119379,0.9784461073094556,7.349949115640966e-07,0.29290164399837626,0.2201125454236852,0.31634218310246426,0.2313995094995703,0.3979455409630526,0.3715056008708507,0.5983316056515503,0.377553875700012,0.8780146106767571
637,19,29,13.0016,77.7246,0.14081192356540298,0.2329908395672581,0.29760990487364153,0.21133753312240453,0.6386584625774447,0.20268355738518104,0.5633296148302717,0.24007041270208862,2.209619347850658e-07,0.2191245705115463,0.28042450801839125,0.29565984843241755,0.14954440369676877,0.7709374855538103,0.3369869602124926,0.5537813253749465,0.10673816041555681,0.7225386118384179
638,19,30,13.0016,77.7346,0.25505436868840237,0.2825891374285385,0.1286836703839809,0.2574759509468998,0.5418601496437132,1.0,0.6427893707502266,0.33447451153398117,6.01127174689124e-08,0.24859117114274995,0.27573355741536015,0.25644748156744607,0.26265454945403094,0.8169235614097435,0.7112598988853654,0.03554629042555013,0.08419073718451138,0.2016628764397264
639,19,31,13.0016,77.7446,0.11091086084268346,0.19537831631066105,0.27403942648650087,0.09247706007896539,0.25265217571909304,0.7966922901219721,0.4295190999924392,0.3421779595960444,1.4798953664795545e-08,0.17508682371515186,0.26932701496926553,0.17975861746155788,0.26821597322099666,0.025006665179018485,0.7580183674569577,0.1511728795770901,0.7920618247526692,0.32372710103947183
640,20,0,13.0116,77.4346,0.24087711392750144,0.120652963966085,0.25793723768535415,0.24375518343146163,0.32278560414854085,0.33733881199296684,0.5204964806118452,0.33451865979048284,0.00014695509939203165,0.23957676870914277,0.08583201794059224,0.22091822259480912,0.06853814061861513,0.18379287901170227,0.8552088155903569,0.5086502309343149,0.660804412337206,0.13016960730177893
641,20,1,13.0116,77.4446,0.12603845762032798,0.1765444252690148,0.2367475766848325,0.3151532844634069,0.7324369004278358,0.9529919787127071,0.9961019396815723,0.8939076716796917,0.00013251004631294384,0.19973069647053712,0.23483324788744023,0.18639775766322716,0.19606522770632343,0.6055977843098513,0.0939122340207211,0.9734143389549796,0.36318176129311985,0.23295497126636097
642,20,2,13.0116,77.4546,0.22370260991485216,0.17616209943607658,0.2525160270727779,0.1803605116277015,0.9741232908378854,0.6892214710156639,0.29825880876735594,0.878266456539361,0.00012334467838028197,0.29058756307467354,0.2360624775623919,0.17753340952991495,0.1329443332699348,0.3817897668948481,0.3507046860733777,0.540878492635755,0.11977646340860125,0.1531251002589709
643,20,3,13.0116,77.4646,0.33590742831436093,0.19296856951994348,0.22359798372637307,0.2559050335603647,0.5757561679547228,0.4356949084770171,0.6418266254964393,0.10767302912024189,0.00012419714945837636,0.3577830735175791,0.35031270255407937,0.2042415444016797,0.3484180189152219,0.2529638999612008,0.39507207292446317,0.9298311475202504,0.5873925451307506,0.6146520458732291
644,20,4,13.0116,77.4746,0.27809630951567127,0.35960280790234117,0.36507323755866183,0.2646938837948077,0.6511186513947371,0.9462114038280666,0.9235352501237126,0.16673399308565173,0.0001346625501182802,0.21500908953854708,0.2282584148971997,0.37625648958511293,0.23999388907847988,0.5793327895671083,0.8509996095139042,0.750470762285988,0.9123978428411458,0.25765242818908407
645,20,5,13.0116,77.4846,0.3129047631337956,0.3451580956710308,0.33331626227568906,0.3777411918182627,0.47002231469238964,0.6662321126740589,0.5012528236779287,0.9806454423967677,0.0001494215752718527,0.430319475888305,0.40120403290980733,0.35867581756973677,0.35979085288451595,0.28277692993747877,0.6719799989628819,0.7350308376766026,0.562901093143614,0.07567426943803779
646,20,6,13.0116,77.4946,0.3804017343342694,0.5086096062077763,0.5141572876227857,0.47023207405295103,0.4659584556636546,0.9766528771293866,0.6558475711724099,0.16171478134086784,0.00016079530023784604,0.34141377700054376,0.32805577173731676,0.3744279084393019,0.32596605431800424,0.49298207045516884,0.36421763390747447,0.5363782294482895,0.4087176932361959,0.4603046136742063
647,20,7,13.0116,77.5046,0.4932180078882818,0.4941134268793707,0.4613350023441124,0.40042582685772937,0.1992856870878165,0.49352069298912254,0.21178656341521668,0.8741484435482674,0.00016242630605621538,0.37772467943254573,0.405146626826151,0.3912348187450543,0.4495408579703588,0.5125102178136705,0.15196652670468505,0.014939516073897591,0.7073070345145895,0.8466109643951859
648,20,8,13.0116,77.5146,0.4760343062894778,0.5443457258632074,0.5897629546683454,0.549654877416096,0.6236299491827376,0.13481657167393674,0.9424226419371351,0.11413580953599439,0.00015231617322081353,0.5592624883787088,0.46170637690349425,0.5419546400238405,0.5108471448888663,0.9101817288636629,0.8697877744123652,0.1988131934412213,0.9232822205485304,0.0958433372750203
649,20,9,13.0116,77.5246,0.6383972764860144,0.4971649672852521,0.6401850816942488,0.6548291864730273,0.11290277573764212,0.237896432142752,0.6926268356708728,0.5755561414502749,0.0001337714546152102,0.5280203189435142,0.5270963897604524,0.6048150876892503,0.6348528494563276,0.6744827590179117,0.5623913369211273,0.5063709442060965,0.9634408220043651,0.23991329095163272
650,20,10,13.0116,77.5346,0.5359835086667113,0.6299841361105931,0.527542878685866,0.5526694382399583,0.8805299467809377,0.13988130737555055,0.807125736288258,0.7141716317195148,0.00011390118904131506,0.5332478770475279,0.634959056278172,0.6549474358984139,0.7575372409748116,0.18372695321016658,0.1968938296336783,0.9111373242216391,0.14272452721844772,0.4540573847825159
651,20,11,13.0116,77.5446,0.6177133638900493,0.7201520063198514,0.7821912145950904,0.6067371663790718,0.6737421988162439,0.39825349996106907,0.7628398633589822,0.07558551554185512,0.00010051452534455342,0.6820972173316046,0.5734793683924931,0.7702893195228124,0.6346735724981956,0.5183739395245834,0.1105353600420881,0.8020755105325365,0.8044775557436434,0.9050684491700668
652,20,12,13.0116,77.5546,0.7875869714975196,0.7368900791210916,0.7064836539096642,0.8074167630029715,0.5894543193721058,0.02887886935796298,0.7905120512263328,0.7360307645818095,9.887371794991431e-05,0.7930321741029489,0.7905507026051245,0.7868464180640748,0.7420787140148335,0.20367899385823449,0.7668940799365596,0.12644628243093534,0.7381447884788911,0.4909786551049748
653,20,13,13.0116,77.5646,0.6884884273863252,0.7484916805812476,0.7928657745944648,0.8511219930430015,0.9312600507543733,0.4883467967452348,0.07311608439382784,0.8967535818626428,0.00010958320527340752,0.7328169863640016,0.808839918850624,0.7743251581936234,0.7161560030033028,0.7961998690280601,0.519042387534292,0.14003479281801798,0.12189595459286946,0.3929467392754493
654,20,14,13.0116,77.5746,0.6809013427483561,0.7092355834339225,0.8699597118434533,0.7516287539406448,0.8607209541482913,0.5541481341051825,0.8067138514896479,0.2646243168330645,0.00012830391864087864,0.6841062119756175,0.6608367957185627,0.7522549674596061,0.8223359392706097,0.5545705241737677,0.5206289060400743,0.40168256491332316,0.4208223366079964,0.7938197766257385
655,20,15,13.0116,77.5846,0.8137376415398039,0.8441990093460158,0.7636080162287232,0.7680872801203888,0.5157796992471907,0.35122690927912886,0.31340729627364255,0.8871512182108734,0.00014735140049224545,0.6913656397671729,0.7137749980492691,0.8371060337649583,0.8875726745167045,0.4100327013290365,0.03172221956970467,0.27464560051599,0.08547934878377547,0.9572116657505629
656,20,16,13.0116,77.5946,0.776825682254639,0.7798156704869135,0.7243059670837543,0.9061794654831035,0.7685372960456657,0.6741149974956983,0.7477394919622707,0.9064370205155573,0.00015862485254233426,0.8824230569029271,0.722048952847988,0.8562476305344102,0.7060699757801882,0.40946359941356064,0.1465989211864985,0.7790620272480032,0.8530011519457983,0.44214328668374897
657,20,17,13.0116,77.6046,0.71528353904051,0.8608207634137622,0.834893489444244,0.8276536938371318,0.3224776646733803,0.781692528885269,0.027912951202187022,0.15643865043436597,0.00015672937940699292,0.7458842224160268,0.6917462415277479,0.714863965566385,0.7812240209257887,0.7487348907169619,0.8709615838471824,0.23993196829121938,0.257734157470037,0.656727575182729
658,20,18,13.0116,77.6146,0.7681657978729296,0.8187014278187998,0.6541381657693317,0.8346585785030846,0.6361489681363524,0.7321697226882781,0.23598547487959534,0.6246843387876173,0.00014090709226838465,0.7774092660047323,0.6383799945118708,0.6589771574200823,0.8748059367385141,0.16530133479590978,0.37831632350191186,0.7622039900292293,0.49396515099689403,0.8822448358920286
659,20,19,13.0116,77.6246,0.6922693657990294,0.727194832138542,0.7042494239983632,0.7893229762456123,0.5523495486210439,0.19695716628120566,0.12937789312401202,0.7008552595009842,0.0001148803855156578,0.7459201663862662,0.6393094603738071,0.7225370444524386,0.710463871554172,0.7021469137008869,0.8717172385635815,0.060272761954965885,0.19314837082180888,0.5372899981365035
660,20,20,13.0116,77.6346,0.5847235025353171,0.6609495835152505,0.6966448505312248,0.7400558821650974,0.6664200086253558,0.9088949356483589,0.9092367600538492,0.09001208645546623,8.482490363552929e-05,0.777276528924675,0.7393594889241459,0.6545212119555092,0.8011099209633195,0.7462673010885119,0.8020508212031144,0.6035167889117904,0.06703606062907914,0.32951140355008857
661,20,21,13.0116,77.6446,0.5635653036516154,0.7028078238450505,0.5783402627084473,0.6074169742968027,0.47357589916109644,0.6403827054911682,0.7829633556726724,0.5196521650836554,5.669558799364017e-05,0.6654344105455416,0.5819770745006715,0.5355455015624367,0.5933330679979718,0.9438643726879501,0.9288767632483559,0.42030643964652203,0.5677065645043801,0.2642606015272533
662,20,22,13.0116,77.6546,0.5610193915516186,0.6476946777716861,0.6759972540683228,0.5895849393815795,0.782397028537946,0.4388271396573216,0.7290751294795784,0.3981325264826346,3.4295830227877816e-05,0.4983810491937442,0.4650198600043717,0.5924115518308853,0.6445564502243601,0.7507239433930794,0.37503461651618025,0.5231090909326509,0.17431691252797066,0.7055881277442725
663,20,23,13.0116,77.6646,0.6130999972318809,0.6036856877819913,0.6220150909087216,0.6077647400396197,0.05347523747834944,0.2605612166691353,0.8660840358648175,0.6308217150617164,1.8774495814414506e-05,0.517267161864522,0.5825670989408744,0.486072195442258,0.5818760041782788,0.19335250638012577,0.754995396158836,0.4475100169690327,0.1435174391914984,0.5931827034356656
664,20,24,13.0116,77.6746,0.3984591252179523,0.3624731872698784,0.4592962861966108,0.545313949780346,0.006721483621369609,0.7141478953313344,0.8139169467860302,0.28364940917646,9.300756399837492e-06,0.3754339517398115,0.4782455714568228,0.4152643352403815,0.41495689740347386,0.5701836093607422,0.3799937908676685,0.27714545722034023,0.31872506643069487,0.10482652599987809
665,20,25,13.0116,77.6846,0.510640088216807,0.3716862804565355,0.4717267397122759,0.504426704405007,0.7101715852731246,0.7564167069124913,0.1986396982428109,0.1403800987011047,4.169526770630428e-06,0.49918807153385836,0.47758031872780393,0.4618884169074125,0.3737427640121488,0.12002723109592721,0.7502315399603572,0.7236618578944707,0.6812087110356365,0.9568617375429804
666,20,26,13.0116,77.6946,0.33440283188394976,0.372950049033312,0.3868679567786941,0.3629662804482164,0.5582397868821007,0.955547133603063,0.4547251834113167,0.8829696220240874,1.691500218561367e-06,0.4584122022737177,0.39417058835951,0.4530057623314978,0.47030544891718357,0.9530989348920859,0.40299963051618826,0.4551347356483052,0.12534415657846143,0.0
667,20,27,13.0116,77.7046,0.22801369333172963,0.34062198988732917,0.24855789375281614,0.32858736526563304,0.6858135464055161,0.31014168005124365,0.6356082548568531,0.8581077202555706,6.209741089478665e-07,0.3049650601556278,0.2499297340969197,0.2500398668601346,0.28769599238427906,0.9534271442057741,0.38393322061817914,0.6014735777618769,0.3549746221473318,0.0984524023786248
668,20,28,13.0116,77.7146,0.18265956483954057,0.3546281507189885,0.20545035432743847,0.23408060382911525,0.8003293264552391,0.7241652422419875,0.1616385098728274,0.013467830867781902,2.0629600755759624e-07,0.21077162414493997,0.369825131825334,0.18599089535293467,0.19902244177678322,0.22123090771615486,0.992723523857365,0.7571578892365156,0.172157140494601,0.9389290345475223
669,20,29,13.0116,77.7246,0.2529321297760405,0.2726001032427449,0.28347522908941714,0.15125003205004364,0.020031376333287845,0.3731543733913574,0.6519322836742324,0.0627626689749444,6.201888509617806e-08,0.334158286513173,0.3227943526213425,0.1427260197822445,0.2832225460625706,0.38810299136860943,0.6369630250440329,0.4581613005865402,0.073251812177659,0.8052263904810236
670,20,30,13.0116,77.7346,0.22336916048523567,0.12639193186838052,0.23391491474045176,0.17770139113872654,0.9552881438797082,0.05876240440790602,0.5938340773008579,0.3939845736536857,1.6872244174496753e-08,0.10444127367756462,0.21643776026092862,0.310387448451782,0.20197929822452132,0.26014725551090045,0.8500463447348663,0.08000607642149306,0.580818033947455,0.9046024633749102
671,20,31,13.0116,77.7446,0.2316542782933225,0.1311969468175542,0.14974622408087274,0.2157502299184213,0.7860145592325222,0.6069293603013389,0.14618864542328774,0.8916251654806341,4.153722708188656e-09,0.11868943654942084,0.0693431005981759,0.20717130928747754,0.11594705675964115,0.8808991379966378,0.11785177949475144,0.08117018449156654,0.18973141571050123,0.6290186767334941
672,21,0,13.0216,77.4346,0.13078404910690422,0.09447842993447716,0.11440665990773799,0.2647898516260818,0.18129785658333455,0.47259192887910584,0.1696045766148181,0.8930829663790723,3.732560839537151e-05,0.23446217090810167,0.12758324873338955,0.26160789489080283,0.12079519597679142,0.9987009373759484,0.804347842766732,0.9579616178417988,0.42661054681840044,0.379122358105111
673,21,1,13.0216,77.4446,0.1539722689538042,0.13672129737363672,0.10732482461495413,0.22844711460784212,0.14012851204828491,0.35391626957610073,0.12893251871362235,0.565660505141385,3.365666191640582e-05,0.27584566044191605,0.20786795791874,0.1706041821827823,0.269428307933732,0.7117212401320396,0.8648995272196388,0.6511895713831812,0.4016892528993442,0.7780927499838429
674,21,2,13.0216,77.4546,0.2654480847206231,0.3145603798104277,0.2000586256151224,0.15773683515769252,0.25867037887030636,0.11853180633743905,0.3170869032437424,0.34409664409597274,3.132872000986853e-05,0.2207208690661364,0.23754507733260158,0.13024486391763904,0.30871806352742515,0.38384247563322393,0.03821077342407385,0.4551725488419249,0.35932749804065955,0.7001912230820095
675,21,3,13.0216,77.4646,0.31543744190051226,0.28957084738512456,0.3268250503352207,0.16688603435676858,0.4209462985301829,0.45314069631705517,0.4030060516178493,0.10878344064136464,3.154524193909024e-05,0.21965795171855299,0.1795142827698652,0.24866908509184837,0.3630867043208158,0.60345741390747,0.8636951333853555,0.9221490483240358,0.3334164283400237,0.5986749841757671
676,21,4,13.0216,77.4746,0.3139751244275,0.3087961050596184,0.3950720911750221,0.3823966842153029,0.7843117192214434,0.47966865503236067,0.862046183315272,0.6599745937619362,3.4203383428214056e-05,0.27209010014658946,0.3760443198198797,0.2550446422527831,0.23473690331498565,0.937005182878057,0.6269797543858039,0.9408110016124837,0.24072323748618565,0.04612994148253333
677,21,5,13.0216,77.4846,0.40867204077383645,0.2855806230965315,0.257355380752341,0.2891612350358283,0.793031986844604,0.136493580748471,0.45252975431341136,0.6383843483850904,3.795207670567652e-05,0.35704324292731643,0.2814532522644932,0.4214777867567606,0.27350701090956664,0.9923078852650193,0.0310294822513838,0.6960793897556039,0.15585472350368806,0.6886836549898981
678,21,6,13.0216,77.4946,0.44322936212273106,0.30320815224984027,0.3507128390643994,0.3601035832899902,0.8486653198379206,0.48502501822930094,0.8192218807292193,0.34512976007638524,4.084092646886061e-05,0.3900733578140562,0.2775535687061727,0.43378446581453584,0.3414853849682259,0.7615242202666803,0.8161961778633323,0.6808142036020945,0.9721790075711967,0.41016885803381925
679,21,7,13.0216,77.5046,0.35515970347368153,0.4751457111864091,0.43775528211093157,0.3833927863861367,0.8222516612109604,0.8780376254509548,0.3843333927013642,0.30929551782176173,4.1255190994003955e-05,0.5382149573900296,0.4439595049255438,0.37113835020332603,0.39348518589141,0.21106373042556306,0.6390533885093285,0.8527235619477157,0.20677202166969538,0.19130180609795358
680,21,8,13.0216,77.5146,0.468311272217034,0.4512175004417024,0.5216608272274382,0.49699464752101025,0.5566174634680938,0.060840441802123064,0.43006643596491184,0.28835497048602093,3.86872851465673e-05,0.41987563322877114,0.42524019887672077,0.5241387831766275,0.4025157998225399,0.03626324089751291,0.8395115562614868,0.8748497886578128,0.37917709765053476,0.9053067767354936
681,21,9,13.0216,77.5246,0.5785220964456133,0.4594792740237583,0.5886096474596955,0.5898305536242489,0.09295231696188329,0.3542258473448497,0.2546896874304313,0.2377681575262698,3.3977051154423854e-05,0.5095813592252326,0.4258681478086136,0.4442952642053152,0.550136132644105,0.25819544729431343,0.9413958377168283,0.2752763752255219,0.3421924722249936,0.6095555432841226
682,21,10,13.0216,77.5346,0.6295282990046663,0.5916191434936622,0.6020947127372288,0.7034966995335885,0.3423519151892305,0.9660793630482694,0.5788819311738423,0.6200683967788998,2.8930137133803383e-05,0.4865912402516751,0.5649786392775531,0.6866948401210355,0.5261468882055742,0.8050060825394406,0.07291801458248287,0.5545580384163163,0.26535430891191986,0.801282152304977
683,21,11,13.0216,77.5446,0.6326507232529927,0.6165314191818002,0.5592448320716833,0.6531746406129613,0.45299455610390815,0.5525967110125533,0.026573497479436145,0.27695903661782195,2.5530014450527486e-05,0.6553662715704988,0.5281456613934035,0.6644732285946174,0.7530176928019787,0.5603409347684085,0.9173312344357303,0.7321715397728188,0.7592560823747129,0.6381159448593502
684,21,12,13.0216,77.5546,0.6260623797323264,0.6782435199600391,0.676812162281543,0.7572919147345116,0.4376822900072521,0.2785974451315634,0.41325521875710547,0.4897998620497455,2.5113260390832324e-05,0.6149710790900306,0.7148640538610485,0.7136365240951126,0.5956423295496738,0.48845795464980396,0.18218986018144004,0.7690809284252027,0.7311561809957943,0.9399599777566773
685,21,13,13.0216,77.5646,0.6214773337662037,0.7857289441394836,0.7022100890067955,0.7606826818391133,0.49778288545928384,0.6658804652787084,0.36836292113691693,0.3091577164425716,2.7833398253388295e-05,0.6757179646048105,0.7714133363606603,0.7568657811705016,0.8243831754968852,0.5401898176258741,0.9162984615718657,0.31086194091488256,0.42664603644227245,0.614511167495734
686,21,14,13.0216,77.5746,0.6352646251407615,0.7761204657126833,0.8016319920550212,0.702174782143586,0.8270192896022267,0.7545494457864271,0.23679974457937614,0.5269566613249529,3.258833373318545e-05,0.673830017760378,0.7255126661617918,0.6757249803459653,0.6914796768333235,0.49380789084638876,0.43095146328824796,0.7358585700555009,0.7087973131885563,0.6827424754609404
687,21,15,13.0216,77.5846,0.8134146214388019,0.6648355878015556,0.7347957076657322,0.7173425517012327,0.7339663143930314,0.4166290290136803,0.1402694959546497,0.06803367144728971,3.742626621353789e-05,0.6658110704705633,0.7375041330536245,0.8315735324218105,0.8001334806658656,0.7122024599514849,0.7619342961493469,0.05714079192939955,0.9372625195558117,0.2603749701465147
688,21,16,13.0216,77.5946,0.7177585426487177,0.6971586508418057,0.6762261859306568,0.6759184453236806,0.056106074719526756,0.4408245958072173,0.942251838292916,0.5617134328269433,4.0289647329446766e-05,0.8088546165383651,0.7816630648228936,0.7242606409313512,0.7314952718494364,0.7309371730556589,0.12434168847923334,0.3225878177878086,0.278336085688703,0.9947547154768133
689,21,17,13.0216,77.6046,0.8148906371179331,0.7450662150670939,0.780518796344809,0.846668298745129,0.6624014026633811,0.7866091820525076,0.8572381664147164,0.4979459499036521,3.980820988177462e-05,0.6402249300617929,0.7697342427773112,0.7811954309818633,0.6793709776286877,0.5366674600312565,0.4039889048413094,0.7719611403945357,0.7881071526506519,0.12399966282442301
690,21,18,13.0216,77.6146,0.7660863394711585,0.7288745937658329,0.7642063367292794,0.7384918349172711,0.36946399103135164,0.901837684144706,0.5944899153867313,0.18910195191566528,3.5789455200255255e-05,0.5994003914361443,0.5866941673031226,0.6166871152167839,0.7327793242269259,0.691428894465983,0.9917085180495965,0.6534696899184589,0.3297049342069164,0.5268389928029704
691,21,19,13.0216,77.6246,0.7675290096258013,0.7060594832664318,0.6371411001201516,0.7959065029089735,0.7903945699659742,0.23594009971308222,0.46088622685570935,0.7860522831651067,2.9178846462670926e-05,0.7686228354950002,0.6291662330098103,0.6029067667762121,0.7808723802196627,0.9566496336948295,0.9037005805063737,0.2056009111008337,0.09380076356772475,0.6253672844565535
692,21,20,13.0216,77.6346,0.5763015024790678,0.6000811071179364,0.6317253305179663,0.7293441098036266,0.4001808512983969,0.6031762698239872,0.7735939324334231,0.4387371265850201,2.1544955897231994e-05,0.5991190062398432,0.6909255697480562,0.6180938154986896,0.6999154763263729,0.9854249157390385,0.36415486121427465,0.2011935533163283,0.6825777333738076,0.5145583276024044
693,21,21,13.0216,77.6446,0.6521831404922493,0.649979837265531,0.6470398701373582,0.5901578080849815,0.10882214238092738,0.884767023928614,0.6670369039120959,0.9764837534630666,1.4400298621487375e-05,0.5865189440020738,0.4725659030471907,0.6642213567327914,0.5998054965900761,0.3405235208415808,0.7894681529100716,0.9716482425574449,0.8197756366416832,0.6164242053739348
694,21,22,13.0216,77.6546,0.5797790370683331,0.4945045588448812,0.48128105730134546,0.5755101161778358,0.3189700194379508,0.977959587242934,0.17779891422981434,0.010431983241776957,8.710910570476716e-06,0.46400617400959226,0.5520524587511269,0.5143604962297029,0.463337222542139,0.6840675914377943,0.6152084361763691,0.2841076589670128,0.2128653345198117,0.37416249496496173
695,21,23,13.0216,77.6646,0.41037221611912406,0.5246874919321802,0.5130573712944566,0.4252310235769695,0.20534725436596152,0.16049583104266463,0.7664089660544743,0.5008288004215651,4.768595860150945e-06,0.5659559014747857,0.3851291716919857,0.5860775639208253,0.570615220508378,0.9634165101643085,0.9028812451078928,0.76881553962392,0.0665520223705115,0.9377051492242467
696,21,24,13.0216,77.6746,0.35306821879743583,0.34335900316317963,0.4184453891043269,0.48395378128959776,0.30399378264537325,0.2631330616208279,0.9320135814168188,0.5390534112706216,2.3623296680197086e-06,0.48100400737286275,0.4176594218319406,0.3693119922043555,0.4307913563158351,0.008339247423539062,0.4990388172024506,0.08237916399541755,0.1488733951480508,0.8450346163271742
697,21,25,13.0216,77.6846,0.3697622313377229,0.30509653890212385,0.28672051019486555,0.3408626812496079,0.14865181860635854,0.8816825982244927,0.4746612819599515,0.8137423928411663,1.0590318000389988e-06,0.35512739097286833,0.35067698877875053,0.3379409634046418,0.418856667065312,0.17449299896473042,0.7934278119712349,0.6033437840039724,0.5593246218504798,0.6108518050214028
698,21,26,13.0216,77.6946,0.28031582851184167,0.3291733103980248,0.2741836072474555,0.28679015514586204,0.08400079754517632,0.8622296350647771,0.3716535345485039,0.3581652059906048,4.2962969654937495e-07,0.2808003328552494,0.3700696547533138,0.3174119215628776,0.3251929796568023,0.8002767207820567,0.9783626824155783,0.25367372010184686,0.8116361897862023,0.5125477594416702
699,21,27,13.0216,77.7046,0.2976122968126744,0.2404014271152798,0.3156519803158352,0.3919114079614167,0.7638821326467496,0.3255209318637102,0.016502824131719863,0.7579102282498358,1.5772325363063e-07,0.34206668638504933,0.3701778513562249,0.23594709989045506,0.24829712716361635,0.6105786352455292,0.5096681987896816,0.18522880267981562,0.28484654359105555,0.06506251113859274
700,21,28,13.0216,77.7146,0.1709722745836732,0.18131329927115022,0.23409371016484978,0.2949741975711868,0.48007185054880813,0.4188812180575726,0.21092951985847413,0.7427767349190385,5.239780057275422e-08,0.34975795099239615,0.16032090692588835,0.33584968151708094,0.16145836708421962,0.5547839417419027,0.33039152008022704,0.5846904555452953,0.5320470828985745,0.03196838859626345
701,21,29,13.0216,77.7246,0.21045504174148102,0.17452309752989698,0.2995477586955438,0.21108332160002033,0.17487240187798692,0.3531919498558587,0.10520643018225177,0.15124024713729176,1.575238033428875e-08,0.2518775099106397,0.24687373751891867,0.2930880639021703,0.28541063145171136,0.7163958955725731,0.4984366969475301,0.42749187143107853,0.7905794818673981,0.0017623985824089486
702,21,30,13.0216,77.7346,0.2577582495278032,0.28847671002844627,0.1634695831182289,0.2730339556559388,0.41628825704190064,0.07173178631562153,0.9054756099304069,0.6084942027432689,4.285436714224968e-09,0.16518660444585506,0.2243397248999205,0.280754206221737,0.2466853237173388,0.8564995633116789,0.0025950471558798278,0.41781034690968927,0.6434331118670458,0.3631533495054682
703,21,31,13.0216,77.7446,0.2260809012739957,0.12521316567325333,0.233867813205092,0.12294062382283935,0.2974244995125543,0.014885032161347041,0.6534795056367632,0.6228492286624104,1.0550176706968485e-09,0.23680469385180541,0.19252872538807048,0.12602628098448337,0.2749435762862041,0.36365339902150895,0.09732380823040084,0.5288365096349171,0.9927199597939094,0.17897232677547367
704,22,0,13.0316,77.4346,0.19173805830026508,0.10002947276690446,0.13441722639019568,0.14716692237265333,0.16590368078690004,0.1585492205536814,0.11858038888031588,0.2239686782043339,8.579162096112207e-06,0.2104999871215615,0.09714978630588982,0.12795040783548145,0.12366923282403369,0.16922076210805445,0.9713600714632775,0.09986220916667066,0.586932119038889,0.781904325131198
705,22,1,13.0316,77.4446,0.22754702941727173,0.2400900827057081,0.12537248409202525,0.2949572625156296,0.11015913032828856,0.27864375607986874,0.13275281080772985,0.8246140940050295,7.735867427433123e-06,0.10730268250672771,0.19893284213146653,0.25724622748398884,0.11640869599508542,0.49040505294878506,0.16508766058972196,0.859229455530313,0.7077283773554776,0.9236115607039156
706,22,2,13.0316,77.4546,0.1081997776814917,0.13516349975012507,0.14136109347596815,0.2701556408165696,0.8573148524865162,0.3680873714137199,0.20715188528748593,0.12832910880611537,7.200798025349341e-06,0.22971842572048062,0.11898577270777051,0.29228155230671554,0.2898400198252155,0.8601623326429232,0.3269487570743208,0.6490420473731231,0.6707403044302495,0.37434776663320307
707,22,3,13.0316,77.4646,0.20298224901969156,0.2408858817335885,0.3084107942032412,0.22349168346088202,0.7351752217399092,0.9968268424976489,0.7040877696455841,0.592022861752074,7.250564842502866e-06,0.1390336055941725,0.26139721257733706,0.21840860125960326,0.14663614970832692,0.8680702040571441,0.40413554722536377,0.11295351187667456,0.7081560357955611,0.6353598463216349
708,22,4,13.0316,77.4746,0.19836752075567698,0.3683405051851705,0.3482494739087998,0.26958368391166043,0.9806908755584249,0.055387065986697334,0.9965553202837291,0.7094508032430229,7.86152947750752e-06,0.1849525500943187,0.2887227179436048,0.2420530700723635,0.36647243541134206,0.9179916987047437,0.24468375978980894,0.6930221472357813,0.7527680235561591,0.9735820142984143
709,22,5,13.0316,77.4846,0.3797761012713818,0.3903386585904857,0.3642351433033634,0.3849435296547537,0.5466334352266553,0.06591650031029932,0.7533737753580053,0.9831933259269507,8.723153672224156e-06,0.3747471862344288,0.21092355508806312,0.3138759559376756,0.2929673554764286,0.8978360003117933,0.5577473308198795,0.3090713422365163,0.4866084733404042,0.9307168147757232
710,22,6,13.0316,77.4946,0.26308959289923045,0.3233223793670112,0.27196665757860766,0.4088942725828547,0.5670458232519855,0.4607658417575117,0.7627106689431298,0.2414983384593418,9.38714580671689e-06,0.4269737219373287,0.35669454276464496,0.28294245022565095,0.32576482581589494,0.9889248951465508,0.8673045790626512,0.8547396353538748,0.15785398511042995,0.49784216307925777
711,22,7,13.0316,77.5046,0.4308341005924828,0.4247961967072432,0.327894397289077,0.4328327558228528,0.740033505636389,0.11759039120043994,0.829164080023711,0.7274239613281562,9.482363076164428e-06,0.31392971030030925,0.4180872613511775,0.4945496564109627,0.37911732315562435,0.8787858016806316,0.922658762454455,0.6234852917634356,0.6652996227752466,0.6940365815902562
712,22,8,13.0316,77.5146,0.43516749638114266,0.36641605353258,0.5077429141977177,0.45538350508177894,0.12791113485564787,0.3340010589083197,0.17188380134650164,0.31874577173680163,8.892138791556248e-06,0.3633023172076782,0.4397913099255778,0.48779168578855997,0.3850122523237016,0.8463489543687436,0.8563990238353414,0.639902782447427,0.01617620259570693,0.5021003159925705
713,22,9,13.0316,77.5246,0.5430800673257885,0.4011629314042711,0.5873144128262321,0.4737333856539316,0.9850204308712717,0.7903161216266957,0.9248791934841698,0.848290694938511,7.80950778655847e-06,0.5984340305941462,0.5681680979435192,0.4939563776301384,0.4091528079392483,0.11569483288859098,0.5124942547627847,0.5188643887960078,0.9069467730382387,0.3853846368592036
714,22,10,13.0316,77.5346,0.49909381167280326,0.44192331574340027,0.5634407563881945,0.5335632124384174,0.3942840516671357,0.2924037492367761,0.5245894630640926,0.49837435607220076,6.64949204054769e-06,0.5144961672114146,0.4378855073208453,0.5567994900256381,0.508971148140261,0.42470657051815164,0.4657598350290928,0.9048706936734483,0.1582494412857915,0.5974901593974373
715,22,11,13.0316,77.5446,0.5958984696705009,0.5705845647325295,0.6110267881068966,0.5261723349820505,0.23092381837866846,0.8577709641979527,0.29148667211134943,0.522163860539023,5.867985592279819e-06,0.6641403926426502,0.6489714522423402,0.5949410785965953,0.6937770787641336,0.2284239547105139,0.9287230401391258,0.13438869910751744,0.6117897923027086,0.35914650137699355
716,22,12,13.0316,77.5546,0.5571304389551458,0.5146102464004053,0.6854188972869217,0.6060567198007759,0.24892512605997003,0.6820892138544324,0.3217218848893118,0.45647614675300646,5.772196111919129e-06,0.5317172711292194,0.6641567179839268,0.5887825297029479,0.5746137152064397,0.944366804451242,0.6488012773688887,0.15487066391901444,0.8756833210368414,0.8138144386310361
717,22,13,13.0316,77.5646,0.7018061723529345,0.6441620614042787,0.5784895209124604,0.6971930736685896,0.40055146165610434,0.0486357147809162,0.09738877429507078,0.5455662038283735,6.397410399103897e-06,0.6446086460450685,0.6014529440109128,0.5894291252399119,0.746890185263492,0.7074267138722958,0.04189897060674013,0.2343078817954621,0.8941469178171173,0.7550028754858882
718,22,14,13.0316,77.5746,0.675268749834772,0.6693252455993991,0.5563064775086504,0.6850277731798264,0.7447314607949703,0.8022742513521082,0.6236790300458508,0.5257693125484983,7.490315886554997e-06,0.5968144353728122,0.6351499445217753,0.6820849904549189,0.7102686385820628,0.5901744555332632,0.34244655264088536,0.28887271038426404,0.8069168232845538,0.17245065853629615
719,22,15,13.0316,77.5846,0.654503603354469,0.7511221830745322,0.6987355119876356,0.5921041286741965,0.5006678781597671,0.941112375854653,0.46621504033057853,0.6307187957517165,8.602297947754437e-06,0.7715056780475235,0.5646800791035409,0.6285509490825892,0.7268826514524264,0.6274596028438358,0.6865920335462847,0.5784083832531394,0.5689281862629602,0.09222633702343876
720,22,16,13.0316,77.5946,0.69631923148576,0.7386102997599424,0.705894212256412,0.6755306434361679,0.312210589360469,0.6333771671639945,0.33310548425907016,0.16930855274176065,9.26043620168803e-06,0.6222434781267767,0.7342782758642054,0.7404709501799994,0.6911758872400313,0.6330715503025969,0.04171890437040591,0.13461837489647138,0.42461448499399485,0.6303212352844143
721,22,17,13.0316,77.6046,0.6463244400358314,0.6698778733530508,0.6563912984974968,0.6914380036152602,0.24711271957163414,0.42654442376710455,0.7841220878589797,0.9687289820254515,9.149779468140156e-06,0.7238187009570761,0.7275762293593058,0.6782345261139969,0.5799668694500395,0.667233100278742,0.08508379792174237,0.8609401482827317,0.779658211499509,0.9772838897378865
722,22,18,13.0316,77.6146,0.5754335957246809,0.6609835588324195,0.7400026944893529,0.7040647747716474,0.5647837230821213,0.8283022140992092,0.38110520287825456,0.22402138315572176,8.22608259300617e-06,0.6321888151979054,0.5384332689082577,0.6204891336261746,0.6989074044765098,0.39579686960118593,0.6031542715360579,0.008706191206906895,0.6165067426197339,0.717378062601858
723,22,19,13.0316,77.6246,0.7018287727125505,0.5949650673663607,0.6068438854247752,0.5422947440896706,0.6942403719098923,0.5942680936450271,0.7286071292482613,0.8645920601377469,6.70665702027339e-06,0.6684911803839837,0.6967085698527208,0.6598374002228174,0.6262559665595802,0.6730600755494442,0.7269518071134266,0.042280910898745326,0.9150947361387682,0.5507646325140425
724,22,20,13.0316,77.6346,0.5270786000217758,0.5595673077952483,0.4719229967143529,0.6727384450331951,0.4172378921024368,0.970328558966455,0.18624898257694128,0.9086462909004213,4.952033655767642e-06,0.6511348428928524,0.5115149102157814,0.5302361174346275,0.5535605259252161,0.500277761095267,0.5001470107461835,0.02440541402668753,0.18238993732614278,0.27588883964530747
725,22,21,13.0316,77.6446,0.46294467342556,0.43843143107917054,0.5966292313757438,0.581712503884497,0.7144357813142838,0.17689492601296575,0.5930556232758903,0.001639278974323184,3.3098588721569355e-06,0.5956321679679143,0.5494822533865076,0.5664964639414066,0.4783827559017841,0.8078934490264205,0.2381292612849026,0.766886265954542,0.4445246864796697,0.1569798168920373
726,22,22,13.0316,77.6546,0.51210632996839,0.4244505721515497,0.4239695222910511,0.43938966902696536,0.31649278305512285,0.9680227252166816,0.9331082440872173,0.015198188453228281,2.0021726905867998e-06,0.4058759776144828,0.5794583862898705,0.5061384902288595,0.6109367590266148,0.4732395645819538,0.6361198246091477,0.6050897573604287,0.9055356790937208,0.43875873475505167
727,22,23,13.0316,77.6646,0.34966387584078273,0.529976041722128,0.5231998205108115,0.5283129007988007,0.07858818294836059,0.8293424223721512,0.16090837391007562,0.5320858129672559,1.0960452786627881e-06,0.42516881454656236,0.4803602708706208,0.5176529027728723,0.5023872055225755,0.957843259613372,0.8504858988327268,0.9823091389966613,0.16266669488853563,0.38473737566081995
728,22,24,13.0316,77.6746,0.32956344931227005,0.37938672694373726,0.4559360963785539,0.48163470192293145,0.7914541028555152,0.530994895556922,0.3804186372571711,0.04503218068932356,5.429733102161219e-07,0.3044543653706767,0.4950532312357721,0.4119289024254276,0.35025058675114296,0.3718991563772093,0.6608393784414088,0.9348233975229543,0.6051000424103501,0.30765961480408277
729,22,25,13.0316,77.6846,0.45486174160179715,0.39839540480190766,0.41673762874145986,0.42531475491024634,0.8911075983335137,0.9919676018957565,0.8646449505310103,0.4532816843192917,2.434147993275137e-07,0.41348962506909903,0.3573580183882569,0.2711496600165738,0.31512237839739876,0.6436813212317669,0.16731941727956048,0.5930860283040996,0.3379549210041517,0.5861559743122872
730,22,26,13.0316,77.6946,0.24224139212710702,0.24930971388947004,0.3203646507395248,0.23083343631298198,0.2716043038744811,0.4035519048241845,0.25629703763665423,0.014312375786221363,9.874890099098723e-08,0.3002708114028647,0.25207508740705503,0.3536220486436076,0.4142059272859206,0.2097931349938846,0.374434508365057,0.2148115355121354,0.2800554875426894,0.1258144114865637
731,22,27,13.0316,77.7046,0.21728595871588388,0.1775616856107731,0.18244783002716106,0.3150600100091546,0.10770119647090515,0.2757067712936353,0.46095379776287304,0.9373357554857289,3.6252144767517854e-08,0.3307981603958229,0.1853641397154066,0.20898535255180561,0.21088967900192152,0.2726345282012006,0.40247113922816835,0.15838951600093198,0.19755346587287748,0.07594335314945154
732,22,28,13.0316,77.7146,0.16556122142828217,0.21526879680622102,0.3003265145426237,0.32445660093528245,0.5830701615667379,0.9281809998389366,0.44179176148896787,0.5043546097521968,1.2043453376370528e-08,0.2712430523234935,0.3007075600507267,0.17518035701677848,0.33254928583110444,0.5958675850153938,0.2581477381530285,0.12366890934206219,0.8002834148379618,0.28031305117976146
733,22,29,13.0316,77.7246,0.241933745383185,0.2269034330915529,0.21295049049534318,0.16075693817809134,0.8020207899755556,0.030465304180803638,0.5616898659767626,0.7995794717050618,3.620630177457369e-09,0.2846978974591245,0.1830841168948914,0.11246239532555563,0.21745509694919257,0.7211074873359168,0.38835462727564446,0.4067166263278225,0.493030708309564,0.020921166073473735
734,22,30,13.0316,77.7346,0.17777572477235448,0.16668309491874322,0.21592062952727947,0.27534740674734504,0.542411389142222,0.44224862253508845,0.8873340039949803,0.6293030404828779,9.849928149931401e-10,0.2295600037936036,0.20045189102321423,0.18209863479189425,0.2721112604524224,0.3603207290887275,0.4219484469194599,0.8824641383845662,0.6287276275532651,0.4368856998823219
735,22,31,13.0316,77.7446,0.08719168968426767,0.18705002259784662,0.13923809407868712,0.24209665032354702,0.541456855276699,0.26932240055435525,0.6598716492410697,0.7942628345083215,2.424921618425216e-10,0.09407701905102188,0.20992817134246028,0.13268007990285266,0.08967016024286595,0.5668682016592503,0.8509540353055884,0.4077453071757216,0.5424994388099031,0.7075255655581534
736,23,0,13.0416,77.4346,0.13166105720841426,0.2450667190718069,0.1164431151363713,0.20333568563940888,0.1441742474037113,0.1680047903459039,0.5850372000363322,0.8854567225930804,1.7844262177288561e-06,0.23482424221359668,0.09606843658262965,0.0943116468974641,0.07159165107235588,0.608585349505051,0.7866136553647235,0.5186007345273017,0.22328749401246836,0.4229021222794224
737,23,1,13.0416,77.4446,0.24436098045784746,0.2037065485193231,0.2276081072716576,0.1974642890013349,0.6610497254427786,0.5294435666835938,0.5561503900062272,0.6089413266588692,1.6090248091522451e-06,0.19098503879262355,0.11975093367949316,0.2254901811784575,0.23835690767592488,0.9586731144907341,0.6877733928798153,0.6360011358416681,0.7890827627569184,0.2908696457748566
738,23,2,13.0416,77.4546,0.2096274557498018,0.19611568806960392,0.1642588565338408,0.208573118503961,0.6560084758534337,0.701165359680883,0.6512485789136179,0.28876444827847836,1.4977328369656461e-06,0.09879095332305175,0.21709068901153308,0.13247950259882763,0.1509006259960807,0.16640444002187302,0.8552685125292867,0.8847998291187614,0.39935794760590143,0.6114960317093134
739,23,3,13.0416,77.4646,0.28656089472725876,0.2751075582976962,0.27879146607521127,0.31103072615036875,0.7341239558008628,0.4793675592802386,0.2943978578043271,0.09077537740367246,1.508084105808335e-06,0.15275474968838545,0.14177882854549398,0.32667678021512886,0.16892851223218056,0.18527702732327836,0.3999448964932147,0.9306914299968622,0.8596303984035816,0.8745790456436876
740,23,4,13.0416,77.4746,0.19013893145593794,0.25950770537165024,0.22162075760699992,0.348104555641953,0.6574995410948244,0.5103157685165389,0.773178619639793,0.9080785522466189,1.6351619370226252e-06,0.3081966079139996,0.14921624470538047,0.29924340257822035,0.21768957550284287,0.26636782799163583,0.4823694254148268,0.7057431656550895,0.9184276727645,0.3860951064014634
741,23,5,13.0416,77.4846,0.19844217347345774,0.2459525265532045,0.21879659525206074,0.37102865438039034,0.7662032245104059,0.3372939387077333,0.011341431473842332,0.9496063020530724,1.814375802626347e-06,0.3060633654271805,0.23215014267204614,0.2630253118416574,0.2702038061096031,0.5149485914403261,0.8084217673377442,0.6244830675593891,0.9420515784394327,0.501712647266748
742,23,6,13.0416,77.4946,0.24403131105800013,0.25752852648859487,0.3890961735646234,0.33645343824914536,0.5148464569541829,0.4295036855250505,0.6799856900925337,0.4381490548491285,1.952483109596806e-06,0.38586040377936437,0.2807664882263758,0.27442366973734456,0.33889574871973926,0.5585662374242748,0.8481700920111239,0.6115397351864998,0.36953666705996313,0.6919111738574755
743,23,7,13.0416,77.5046,0.30293595390459754,0.4041927264073608,0.4322260724245523,0.2850234860690408,0.5064853880931266,0.7945951241005772,0.7081201869291511,0.38085201690104675,1.9722878632638455e-06,0.45871564787833996,0.2591196302560487,0.3464617385420526,0.30836499765905917,0.929521177926962,0.6910217964176099,0.1573045874690549,0.11688022181398557,0.7211509339470765
744,23,8,13.0416,77.5146,0.5103649191162544,0.39211585488501144,0.4819542224068686,0.44484811553757925,0.001557117969488408,0.3046245420758215,0.3858258140128046,0.7476734153677043,1.8495239294439405e-06,0.35539621593800486,0.4116627764552097,0.3793356674973398,0.40239748840107137,0.02457150604392425,0.7880057641044936,0.21944046142631296,0.6039702194001512,0.7517579157944775
745,23,9,13.0416,77.5246,0.47114011951016677,0.3721280113627578,0.5490065766838312,0.415237814356417,0.26452367198250626,0.8714213165815535,0.69445730893594,0.21642833759762278,1.624341664811857e-06,0.40211864342340903,0.508321631306518,0.3958228453188323,0.5095023987467564,0.3737747340561023,0.2301463988055238,0.9546431755583306,0.6795912515750406,0.0009152758016419583
746,23,10,13.0416,77.5346,0.4462163910600874,0.49580325515810153,0.5380285244334209,0.40669300702090044,0.030550325766708113,0.9760051210768907,0.7640770491855877,0.7055822331589895,1.3830637303265726e-06,0.43756378862432244,0.5602987270004991,0.5622239605725311,0.4372068011160474,0.7737556413091381,0.7156588305394862,0.8800867713676538,0.07701887917925207,0.2804426238039925
747,23,11,13.0416,77.5446,0.44121792944376764,0.6076769940599281,0.46691873094187036,0.5615515283114673,0.4897983180162414,0.4619000054677484,0.12154590035749402,0.04846796065402736,1.2205139871239885e-06,0.615342146654092,0.4980057350506802,0.4507192947710298,0.6028556936048126,0.3531864368145246,0.747148951019373,0.01174200395130446,0.8469294100936238,0.8271300787485163
748,23,12,13.0416,77.5546,0.6165808542349845,0.5499604692366563,0.6459995174467346,0.6624458132148717,0.9484482206179556,0.8708404135289673,0.0754263388734561,0.022108306091377258,1.2005902162214581e-06,0.5711595971697613,0.5338477457660155,0.4566408958592146,0.5749638689287395,0.7578738140534381,0.09767219556735929,0.6973880729318095,0.4622304269032196,0.9506040298740459
749,23,13,13.0416,77.5646,0.6338594377167045,0.5431774882843134,0.6760500250862338,0.5902992449505984,0.7945211756887396,0.21703210135744697,0.8968507523001549,0.677100240710249,1.330631909484153e-06,0.5981321152762349,0.519600377605018,0.6664844522903404,0.6895400068307534,0.5821418263929501,0.0792991744953765,0.934112446394495,0.6993360982219734,0.1100571949443731
750,23,14,13.0416,77.5746,0.6646596884579589,0.559162168373837,0.6229910616087856,0.537909653463976,0.6873717024062164,0.8128017710686888,0.558848549884691,0.5726599050501937,1.5579512191630622e-06,0.6563207914447914,0.5507625906378015,0.673818276055811,0.5347132654162623,0.4257005759139468,0.4575200555757566,0.47514257660910697,0.7950197829709632,0.8893889312255925
751,23,15,13.0416,77.5846,0.6401898015951359,0.5544550763488665,0.5536951831564472,0.7154690852186045,0.3939543905619093,0.6247717749479907,0.3215643157440556,0.9069590299381489,1.7892383683535319e-06,0.5578324473639085,0.5015481835017747,0.5665654562152679,0.6503524865126864,0.8033932752672952,0.5970668409378552,0.7575234837572554,0.5252246255735646,0.9267841642809501
752,23,16,13.0416,77.5946,0.6764150400862454,0.6666860999284236,0.6430666080748484,0.5187365661965799,0.23481558449754833,0.36736327144166075,0.597064008726434,0.9919756092908592,1.926128095118821e-06,0.6297958541582417,0.6097432183572631,0.633679136774965,0.6690021847424653,0.8922106227060959,0.7378370118871217,0.30048922824134994,0.9028664288706688,0.9781966145334997
753,23,17,13.0416,77.6046,0.6165026275716756,0.5983475257116877,0.5267281912223004,0.7031428487054167,0.4445968524179939,0.745938970218638,0.9393075612332216,0.4218765277497145,1.9031120040018372e-06,0.5636301975165585,0.5114257452236415,0.6357058612628932,0.5332331619017906,0.2519859826305682,0.861972869920196,0.06016724137618208,0.7163298777039693,0.4469045756277899
754,23,18,13.0416,77.6146,0.5051122839411053,0.4998373873259523,0.5591502963837762,0.5869017395536058,0.48659289065136185,0.4969503528733346,0.6433433647653446,0.9986673688746704,1.7109873066524525e-06,0.5430556015857871,0.5222224537733158,0.5956989734591159,0.5333022218891791,0.47309814668485256,0.4560097234168131,0.5764523978865161,0.605016356358346,0.9162370561394211
755,23,19,13.0416,77.6246,0.5411096049977339,0.5556446337153053,0.6057557725363724,0.5445015319065285,0.6019752546913533,0.5954832119683313,0.17307700053521305,0.655379298967747,1.3949537829233039e-06,0.5165431661562387,0.5668803064743729,0.5900389113905077,0.6261530561078547,0.7899162193600012,0.30624116205218965,0.30669526172102,0.5128580797525315,0.2630623244587643
756,23,20,13.0416,77.6346,0.5841897031796311,0.55289834512939,0.42544175275588225,0.6169881538419396,0.08921425654298504,0.19057009022405869,0.36663122960713174,0.8727881758028116,1.0300002013504284e-06,0.4755556828543855,0.5240804483002994,0.43195122933404806,0.5653716903329328,0.3399344654706641,0.9017110337422248,0.4466776896082962,0.23714062813859846,0.7535021705390361
757,23,21,13.0416,77.6446,0.4081922403248851,0.500934805956007,0.5037771221050994,0.5635683379934671,0.8362903232944089,0.2531769597058174,0.2377904660216537,0.13995439427238002,6.884354068931244e-07,0.4233837314875673,0.533350279418618,0.4053637557953738,0.4689779262658344,0.7934324024602971,0.6376653762090823,0.31932299671808256,0.5988200974660549,0.8679850943374013
758,23,22,13.0416,77.6546,0.5124962187897623,0.42756252660504546,0.5314016349625645,0.39967214689102687,0.9477076112206749,0.3506691721173862,0.13460499601003292,0.48929802508302245,4.164427016826752e-07,0.36884679204526555,0.4045118293094147,0.5119269352078324,0.47424041700363767,0.9665231910935228,0.1734280057184189,0.5525015027649862,0.1435146423285234,0.4387309107176071
759,23,23,13.0416,77.6646,0.40962687447397494,0.4731518349136854,0.3108727919933687,0.393009382758688,0.5892669876398252,0.45584889106028426,0.849279733593225,0.40674837209691606,2.2797237179157632e-07,0.3211035268185654,0.32537719018390165,0.38954229559619613,0.3502684423774767,0.5294064778550617,0.39894288350647683,0.6690863837761512,0.8924509678277069,0.6901354698635986
760,23,24,13.0416,77.6746,0.3425169528098968,0.3793175704409857,0.30763547157698967,0.3534451220480551,0.9405961778180937,0.6862866847353154,0.8755496943281698,0.567593940192315,1.1293594868488426e-07,0.3005740819717196,0.2972104415745345,0.35150990465350607,0.32897278920549333,1.0,0.21746466866136607,0.6450055442369368,0.8428391524052913,0.88199806114224
761,23,25,13.0416,77.6846,0.23673752626517908,0.36936934919817094,0.4092909554433948,0.29235644603764405,0.5797391262518613,0.6949833175380588,0.3945417692425028,0.8550599402213311,5.062915758032701e-08,0.2520886535167378,0.24980828705302352,0.417379926919945,0.40188920408046414,0.267461903873736,0.2579213787792129,0.24095654716771026,0.3450984888170024,0.28375916017650427
762,23,26,13.0416,77.6946,0.2160500966335682,0.2780260144623104,0.3335261466897481,0.3035145747269777,0.108249603270952,0.5743623583660218,0.6104834222070634,0.7183420935545108,2.053931676469147e-08,0.319767823223999,0.27448085227234587,0.26866672874073233,0.3580425125479975,0.32224850961718826,0.7340515111000625,0.11592065454783627,0.13466208929186257,0.6365725108327979
763,23,27,13.0416,77.7046,0.18128373193195663,0.2124602735171407,0.25549104389183014,0.3407962998867072,0.48442386593464276,0.397576416481506,0.9941761398532978,0.5776481618558172,7.540279203791989e-09,0.33342097927606734,0.16136509910836705,0.18391200161025606,0.27593913771241685,0.5877086618960706,0.6066546465316357,0.35950047488495085,0.13747393908569608,0.4537204320801587
764,23,28,13.0416,77.7146,0.19005863537478124,0.21349772769461187,0.28804518586772987,0.16146008531039172,0.32424202791094076,0.33960668214380885,0.8450773189726993,0.17271740825206833,2.5049828506738617e-09,0.31354703352555324,0.20088947047474032,0.25964701713558874,0.29680866370217407,0.8902778801684363,0.776951339582407,0.5079495587189394,0.6803254422616667,0.6324702433738956
765,23,29,13.0416,77.7246,0.09728269381922265,0.18723910519290451,0.11203239662446746,0.215921824481292,0.17148648978648048,0.9905821606126864,0.256054334493868,0.4337888856484524,7.530744037779984e-10,0.2582980002416543,0.2612836440715479,0.1205486777523943,0.2558289024914788,0.8814850458958319,0.7880793534587899,0.35432471974531926,0.2820565045104396,0.6506500361643434
766,23,30,13.0416,77.7346,0.13559823471713894,0.2595251694250686,0.2695482255095225,0.2026444189448538,0.9374247764791233,0.10864885335389385,0.4310756592777194,0.4843888692342821,2.0487396679729338e-10,0.22411657813645433,0.07705297685480907,0.2631362629125278,0.15657856290194258,0.12693057994770682,0.23139032053171485,0.3954256776849364,0.19335534498230222,0.7566259929675726
767,23,31,13.0416,77.7446,0.1934735137412113,0.2526487858682041,0.1320371693482618,0.23212642863692176,0.2292033407733068,0.9658569021470207,0.3699862184782778,0.5392841427331605,5.043724939734619e-11,0.058366993048023404,0.06315191465732314,0.08764139751017312,0.1357895968144618,0.1414718995298246,0.18383088119819793,0.015820105093972386,0.027626348689332916,0.023351593294953874
768,24,0,13.0516,77.4346,0.040980853644694164,0.14636524215884553,0.18892526581226896,0.08241817674851028,0.6295464750014959,0.8264479972473686,0.35032845017800235,0.394911401820514,3.3586756152135206e-07,0.2072627559470103,0.09692946938900708,0.05141653339254088,0.11691287667077761,0.24741014262239544,0.062055915160167965,0.15610208464192762,0.9104913118376801,0.2910012559416647
769,24,1,13.0516,77.4446,0.24690505270844756,0.23334160715978647,0.07770886200550595,0.18574543948789943,0.3332426983392938,0.8572723336920347,0.2674426335419942,0.1342488329230713,3.028532273889455e-07,0.24841026781926373,0.096337985069829,0.12598439197212447,0.050926204933779834,0.47684467451458584,0.11766107102823382,0.002740916727920973,0.4369901016830706,0.7589963429778804
770,24,2,13.0516,77.4546,0.23315107252763465,0.0964055282082494,0.2623373931473669,0.07603559234848034,0.30428318786089176,0.5432200407055242,0.04193871320911329,0.13537733501534802,2.8190567408341987e-07,0.10436324962670004,0.17297916781088704,0.23658991593727877,0.2119074556964978,0.042846619141720776,0.5430201262253292,0.7809515010365189,0.7154028026490834,0.07103147639864169
771,24,3,13.0516,77.4646,0.20032699723893346,0.21111643904397956,0.18947104019312982,0.31547535302897,0.8290727153311847,0.8819050872616071,0.5503395576816288,0.9347271195513124,2.838540064887304e-07,0.2754055977601738,0.19406016943872575,0.17886866673222324,0.2864297119995741,0.9852559906186812,0.14472117174953997,0.09341092135682717,0.4548650908447481,0.508928674980613
772,24,4,13.0516,77.4746,0.21843962072211776,0.2616004779413897,0.23793106566996639,0.27090345771976504,0.6776106830017605,0.4999554520129085,0.9433364900527459,0.6052526103654009,3.0777279947092956e-07,0.16684098421256735,0.3224302836841,0.2094517420865894,0.26000765816743215,0.7087262425945018,0.36777076118188395,0.7890558573533185,0.599226336655347,0.9583131520237176
773,24,5,13.0516,77.4846,0.24638693142821558,0.20802447676941452,0.18969602038081027,0.31604247867070995,0.3764981695957707,0.21116882305174678,0.8116752388135026,0.21313478947439451,3.4150472037290573e-07,0.17789020208965473,0.1774410654008565,0.24604217926204058,0.31578505071579316,0.28273738494728484,0.06475239569362327,0.3463021815894476,0.8475317039058409,0.3888808607168904
774,24,6,13.0516,77.4946,0.3643068192425144,0.2302245225175838,0.29548804765676834,0.34867297483908843,0.17947547722950444,0.5431634253319431,0.8671000210637559,0.451569475188632,3.6749949895222423e-07,0.2791717373025136,0.3549059149143259,0.2996397697127328,0.288209644360032,0.36981374579877685,0.6642863842481413,0.4546688829777543,0.9542956365239357,0.690985550451401
775,24,7,13.0516,77.5046,0.32230296161913674,0.3573682109542512,0.3083100921514048,0.38990667874292995,0.41502381460469595,0.4235242767220028,0.6139165220131723,0.6261659542994933,3.7122718141657595e-07,0.4024966066362329,0.3914895106909998,0.38740790008689285,0.2836969924296928,0.14002303502407776,0.43850636593436215,0.15874091327950673,0.6759668508966926,0.1511650552886338
776,24,8,13.0516,77.5146,0.35559107075913526,0.3375850141892823,0.44344406552145216,0.4569215238220525,0.009583298390926654,0.297925747205218,0.07240147065334102,0.9185958533345766,3.48120357113231e-07,0.44718511782011705,0.40378579978482443,0.43774341344799,0.41113489732269676,0.3906530288764962,0.7188423626936766,0.6641994099432283,0.08816081233343916,0.02280485110577122
777,24,9,13.0516,77.5246,0.41762748819865564,0.4527487743255378,0.35088201907592936,0.3210480387822522,0.49777758312484927,0.01943218784156003,0.9691952856870091,0.8186431453612513,3.0573619050029025e-07,0.4911739833421657,0.42735963089668527,0.4990511496989537,0.49574883989042084,0.7312930431917218,0.0337895258848153,0.4744459336960439,0.21545231405284263,0.1792387078387184
778,24,10,13.0516,77.5346,0.3630551332913987,0.44599201553644463,0.4144237171531229,0.3785464302371829,0.8170638073434241,0.3014995837708551,0.1736346540486766,0.5080924350092606,2.603224711207515e-07,0.44233741842755714,0.3731799216224683,0.37677700989905144,0.34881818853383895,0.44100951369982944,0.3730660049506234,0.005520743972308064,0.1418231910552146,0.010522346016013326
779,24,11,13.0516,77.5446,0.3909240415990743,0.4911113077335465,0.4504348814492153,0.5075227953501962,0.0792958346407311,0.026144224388257076,0.1254177869471013,0.21390014063083332,2.2972709803466216e-07,0.40698040297331906,0.4177169449913711,0.43519440309815527,0.555614425396951,0.657878622705315,0.739558902382022,0.3497385232324247,0.6320249836495688,0.8976747511253498
780,24,12,13.0516,77.5546,0.5311895275035626,0.49696510693533924,0.5885133792545386,0.5449948311104025,0.3450000778794317,0.7816025594350543,0.14060828914822707,0.3983188402750224,2.2597701395556924e-07,0.45451043232408056,0.4396873886948609,0.561134253283304,0.6077208442814952,0.39037622296921975,0.2827029590005227,0.7411753252769107,0.727900418720827,0.8458078665512961
781,24,13,13.0516,77.5646,0.44916809288900006,0.6127575864980803,0.5541136026574034,0.5742474336663376,0.7145207185954415,0.3749377992188347,0.02536706117475051,0.6102515492882231,2.5045366980091464e-07,0.44675438715231686,0.568216559134478,0.4935907349161059,0.5610121026013112,0.8621390145057201,0.2133520387167337,0.44525812746384635,0.7148015751843302,0.3221060960492496
782,24,14,13.0516,77.5746,0.5920093803572398,0.5376837344647322,0.6104729099268763,0.501201446320929,0.8256323080508056,0.11912120311582586,0.969934117851233,0.23200957206094258,2.9324007445632285e-07,0.5436502692526666,0.5674436898656168,0.4529921014567112,0.5489493466577552,0.5406819667470695,0.7559233718836986,0.5177542632706004,0.6617235929163592,0.8822877314943758
783,24,15,13.0516,77.5846,0.5576959724475581,0.4780113623041527,0.46972325945344173,0.5333287590559485,0.9246883622397816,0.6023853767794755,0.8102593524654322,0.07606101377650211,3.3677331222146175e-07,0.5867584291445533,0.4599868073557099,0.6171004992368953,0.6333337940934929,0.5343376235562368,0.0,0.16317132013609556,0.07027454053886252,0.8971714064112183
784,24,16,13.0516,77.5946,0.5138823752958441,0.6306541917859431,0.5416740033405834,0.48033030341112076,0.8491670008235207,0.6741353742645135,0.04786140490261603,0.1446479462865319,3.6253891590388124e-07,0.5590812425283901,0.5803317488295942,0.5190689124339778,0.5231109024639958,0.8449349977746559,0.9798462660932606,0.6202493791003381,0.7564893224354013,0.4361555872699365
785,24,17,13.0516,77.6046,0.5226905062365967,0.5133304108857767,0.5638876332918901,0.5953453739677889,0.8859834532614008,0.3926729748354664,0.20613190491204758,0.8004493557917326,3.58206790359826e-07,0.4882378910459527,0.5182064614577735,0.4848992809864228,0.5076115430496315,0.8330292140410342,0.9220887775834153,0.00911464931448439,0.4919866260069391,0.8503841518139627
786,24,18,13.0516,77.6146,0.5159149555184356,0.6173613490070392,0.5387601526357941,0.5473142634317076,0.6773957666177732,0.0016565749126776683,0.23985276028886265,0.9411042658423384,3.220447720222728e-07,0.5861300268371645,0.5766483205781453,0.5186352025647165,0.5889338029809457,0.19452120228033426,0.6209438227158376,0.7103081234569122,0.5712791144245868,0.668281114796925
787,24,19,13.0516,77.6246,0.5846630836703199,0.4698363060348135,0.5810524751279399,0.5230525099192018,0.39746830718149107,0.10479401051148472,0.2967486172697082,0.7226422557133994,2.625604358695289e-07,0.45825080028856413,0.5425557913969856,0.5167343265569578,0.5607944857972991,0.7685963290908049,0.03811688901372287,0.2180723316022829,0.9933072864215458,0.9874728058963403
788,24,20,13.0516,77.6346,0.5632694645138054,0.43145391701157154,0.5293806759666575,0.4790113735402362,0.5656943437223261,0.2867882285129141,0.8004252578275078,0.7849647093598436,1.9386828805474804e-07,0.4042582577684492,0.47351563586277395,0.4101184570118405,0.47493764784140585,0.48421739737308617,0.5136948464888627,0.01567852345131358,0.0037269023352557726,0.23958875828119547
789,24,21,13.0516,77.6446,0.43610354365507253,0.44786606480681024,0.3330024305459603,0.4699498210500651,0.8644090915085515,0.4729936199499684,0.6577150714879321,0.6415938219103814,1.2957841522197178e-07,0.5144539750340046,0.42053743021763884,0.47312178181026193,0.38404970605843836,0.2725064819463138,0.7119069377577729,0.21488729918373245,0.7940315857990383,0.6089532705526757
790,24,22,13.0516,77.6546,0.40523024830846105,0.4821961859543706,0.36368092002147095,0.5152023791139226,0.16704376429270265,0.8344550246135419,0.9615024819893372,0.21484820097000346,7.838351248849232e-08,0.48629589088630093,0.39544651673891135,0.31940003507626574,0.3672351034053943,0.33589962822426944,0.527942310351752,0.47604307521365075,0.8160907196405002,0.23944416356691203
791,24,23,13.0516,77.6646,0.41813093609758434,0.4346501116656125,0.3446876770669479,0.4098020947297627,0.4767155439301324,0.6489558309954971,0.9645098486594619,0.2867145550119247,4.290932504858994e-08,0.3144064148620744,0.42306166414671464,0.4089706235955607,0.4582883701481056,0.3994758870539069,0.16103965203794512,0.6239621596301568,0.45450852236830236,0.3977466834512785
792,24,24,13.0516,77.6746,0.4322635285553926,0.3587704488226132,0.3043508133697144,0.3390689003526981,0.3066002525734367,0.8972145990422279,0.34830993884685757,0.1668741761719513,2.125698519190966e-08,0.3236310981064593,0.3673517253523336,0.3853887987179289,0.35783258665926887,0.31493418653155,0.4187377088579273,0.8123467961423587,0.523948499350555,0.3245917134540933
793,24,25,13.0516,77.6846,0.24887661309618778,0.25810618404195196,0.39897913130226287,0.3439355065769931,0.0777501105109752,0.18973183275716535,0.1386482239513307,0.7889414398425991,9.529501148670437e-09,0.24575740328784182,0.21235668028126506,0.22321608337536641,0.24001733869768058,0.8004650436329588,0.22550527833070125,0.8565565675713017,0.9499072687922956,0.0019025733452705826
794,24,26,13.0516,77.6946,0.2717002902200745,0.24580918874449584,0.23484646748273702,0.3305857080221418,0.21754456587516377,0.1321778872582898,0.18625419762809858,0.34794810649313734,3.865943103499853e-09,0.31442560842127587,0.3214614759128338,0.3675959089967135,0.36227955315931387,0.656085748213259,0.9348071941162409,0.3193202737832298,0.06737534730295207,0.8998859985734431
795,24,27,13.0516,77.7046,0.2180221685824981,0.2581995369452068,0.31467548525072575,0.1311761272998329,0.596571547459848,0.8098479236659853,0.04613758864898145,0.5035571948939215,1.419243428064854e-09,0.17124427411017454,0.12665733106183216,0.24165003047284445,0.12733956638871385,0.9150106035322203,0.32575466464289704,0.9819713567051359,0.811335699104235,0.05152216531395151
796,24,28,13.0516,77.7146,0.1351527958858772,0.23086784145429878,0.1943414837088623,0.18444764724528112,0.13560860315596174,0.7900108354826123,0.10182893577051672,0.6282701224692849,4.714918814464472e-10,0.21557840357105118,0.2748237483420219,0.21346127887733052,0.2762391213121333,0.4383827001588139,0.6362970709788224,0.4083897389287247,0.2231258648096624,0.38703423448997154
797,24,29,13.0516,77.7246,0.0995404339091968,0.18439576567186328,0.09626824042811895,0.1423849956578491,0.8622200930391719,0.11161247299084379,0.6649963723143875,0.6283783112882345,1.4174486684397956e-10,0.09856633718510177,0.11018543013125902,0.18990906990853557,0.19216518512168268,0.4155037837552835,0.6013342583423634,0.6771623390888126,0.1293274513492032,0.45625267300905675
798,24,30,13.0516,77.7346,0.1565035795671088,0.17541615635029276,0.2146195911264069,0.16765831927444744,0.783528187161238,0.09717864097674087,0.46788434919763994,0.05428127763106779,3.856170232505085e-11,0.18491429782615335,0.15234656884783318,0.08281490083155024,0.2452967140841449,0.9385067042069881,0.3558678454881826,0.7693024833334362,0.7033300768254498,0.13561645000364528
799,24,31,13.0516,77.7446,0.2063499237638245,0.18636221784613163,0.06641910379051844,0.20965388581384028,0.827744302150138,0.8647206879873286,0.6766982266188853,0.2597997346000921,9.493375953390511e-12,0.24352290898536422,0.23420439331968382,0.175982938805701,0.036296769098007386,0.7280471813150062,0.19337476963266328,0.3556024687014097,0.48860668167719684,0.1724138287868089
800,25,0,13.0616,77.4346,0.19481052881733257,0.22405225698783066,0.030784452050024023,0.0854772277313463,0.36698259337916694,0.43620547958998823,0.4396226632848204,0.9105600409865937,5.72075396962095e-08,0.13537717049587755,0.23295170623487402,0.06766778054958254,0.11070901687880037,0.781877284217909,0.9069527556348641,0.7421123263891336,0.05941722099902054,0.5358477074854968
801,25,1,13.0616,77.4446,0.07402373047963083,0.2521844953574522,0.14361553791769022,0.1612743098906411,0.7081826950991994,0.03764043514523998,0.8370307721766355,0.6707947022702081,5.158428503594592e-08,0.09160313705556572,0.17097125159143806,0.233428803966508,0.057593744043146,0.40896769315104603,0.6854048210259898,0.02923074144800789,0.08665121925453617,0.5925685485072909
802,25,2,13.0616,77.4546,0.09985979968438018,0.08481981869346306,0.23899260384484894,0.20376277958193834,0.8343314861293939,0.9309229105089767,0.3866230205427616,0.8616538331245951,4.8016337056925666e-08,0.25729392078545704,0.18172602695686935,0.11468276513043943,0.11123849208553761,0.8062287753914872,0.03553622993515517,0.6100732217849169,0.49138785691849596,0.4314965050425699
803,25,3,13.0616,77.4646,0.1990533172255582,0.2792195792079495,0.20328444827439118,0.27114530575770196,0.16154037551560507,0.32100084421066216,0.17269494817685085,0.3766449806232279,4.8348191978910937e-08,0.27639124703358836,0.13916806183995248,0.219688547636299,0.2162862893225887,0.6759815138603984,0.3627853621094067,0.9941846680318756,0.22984927118657247,0.6421797497680035
804,25,4,13.0616,77.4746,0.3008549096064048,0.14570760590053802,0.2888713399699617,0.15012837026298015,0.7516441221182782,0.49760498691850247,0.8063555805640191,0.6247370648836533,5.242222429365033e-08,0.2992201516254681,0.21937732490442954,0.2331485268027903,0.18089617974498567,0.44533152753195576,0.5485225360542831,0.21809223696901853,0.8415113412496216,0.02605189401429872
805,25,5,13.0616,77.4846,0.2752845435381329,0.18096690003566523,0.21194626071401185,0.21197696118200454,0.9421749214919923,0.4262124792569699,0.6521434203114894,0.9844228535812297,5.8167703837503684e-08,0.20182723022179336,0.33119791417497485,0.28685928724446175,0.1516556739176179,0.3834981209070753,0.9316678168832606,0.7011551229466608,0.8416559103235765,0.9568605183621408
806,25,6,13.0616,77.4946,0.34589546058488035,0.27054390283948626,0.32790979875742066,0.21653644977509012,0.32606673074172826,0.7545920815150294,0.7105420654266401,0.1965418005885858,6.259533394515415e-08,0.23286929325589237,0.18365642526267295,0.31518275216729824,0.27540232546605553,0.633408918824522,0.9705036977305482,0.9868229549781342,0.19859451695551722,0.17754202891196427
807,25,7,13.0616,77.5046,0.3278570058683225,0.19787698598784445,0.3295703266052849,0.3794071511842155,0.8420258753720007,0.45945058751244783,0.7982916703784283,0.002082178326239019,6.323026141955275e-08,0.2821848800217004,0.2666176672477969,0.24944310770547096,0.3476278242886063,0.35965040827887307,0.3501460234786885,0.09383825990903201,0.263278911409537,0.6027816578077319
808,25,8,13.0616,77.5146,0.36996178861617235,0.3451100532139226,0.4189657188967559,0.4236241207376759,0.8324945811293912,0.9413543764716673,0.4038824496770804,0.6728764013924186,5.9294529839247134e-08,0.22615775609801936,0.35430416431666356,0.3288523876920726,0.29049284236236245,0.40043403233586605,0.7971152413410005,0.19381011651395053,0.14465849229349625,0.5934994344956894
809,25,9,13.0616,77.5246,0.3944021020461978,0.3682482895452832,0.3615934218462368,0.4700442663982653,0.7863553979245528,0.8573062185395693,0.6501388475723966,0.7818726638979905,5.2075333429840956e-08,0.2612993717425268,0.3192507489122783,0.4541698606039401,0.3685424207381814,0.984131056738714,0.5231792116440117,0.13538801195457328,0.7540661414980264,0.8914331346385838
810,25,10,13.0616,77.5346,0.32406707206462576,0.33668282021569307,0.383514255218088,0.5018019887963047,0.016576551956458505,0.7499638130209825,0.6484541707574188,0.8315353642665706,4.4340120351888294e-08,0.41843390544301795,0.4187265271322625,0.3201875415004248,0.3678467268630519,0.6028689165600515,0.41846827823059213,0.9138587120343518,0.9811399699558188,0.316913435286281
811,25,11,13.0616,77.5446,0.3984264414587396,0.3973381909103459,0.42489519956624455,0.5250402932817565,0.3700092106170769,0.11280325875826915,0.5336495003204853,0.5865842396488877,3.9128881694193393e-08,0.4209295015748998,0.45790411917739693,0.46628433161248206,0.5327989404139414,0.4595899725260663,0.8138541773905404,0.9883842297447528,0.47848331326965493,0.01938383738470594
812,25,12,13.0616,77.5546,0.4129274168508457,0.5328886204102177,0.44535057129718597,0.5087106703949782,0.2788108857750045,0.9846224986049481,0.9613325519847125,0.9043242516235689,3.849013860491694e-08,0.4799292234633179,0.5168928143738389,0.5109933863610971,0.47800120407553737,0.699923950406906,0.8522681065839073,0.6971690479067579,0.6782836973582927,0.4210965670649233
813,25,13,13.0616,77.5646,0.3682317807373823,0.38017863328443036,0.43376586626802893,0.4486703507940313,0.3463720225220063,0.017680589123311864,0.8605054177224059,0.8876718389472968,4.265919040217558e-08,0.521873991353059,0.4096671197493031,0.558874721187961,0.5224411968835214,0.07174376468939919,0.7129032777913336,0.1748870786118318,0.1619277549032911,0.4647962202037545
814,25,14,13.0616,77.5746,0.4344267849928945,0.46003161863464603,0.5033414231226379,0.5254689014905796,0.10150135051182765,0.2532810032535112,0.9650185845716786,0.390614286937668,4.994689908076056e-08,0.4881248303661659,0.4464396800195303,0.48728040068264994,0.5800577870812965,0.5160457344378693,0.24180751105017725,0.8595948252688944,0.4669177306792085,0.9645445910557457
815,25,15,13.0616,77.5846,0.43230162512785236,0.46322516870987795,0.5341311169061049,0.5603933197865564,0.03593237004103283,0.1604489540167411,0.11155764690026565,0.3900655984755769,5.736181410395602e-08,0.4116484865253303,0.46910953762826,0.4333495177396358,0.4313036873335544,0.12044059348542173,0.5080334410414393,0.3999779843561415,0.46637328918637916,0.8829873982348121
816,25,16,13.0616,77.5946,0.524445071126683,0.5756597288173819,0.36754685678327137,0.510261146823134,0.17172243885499375,0.7534582747975213,0.3676841370474363,0.559949795020231,6.175040938504188e-08,0.3713525546710208,0.48755684017922374,0.4674428437064597,0.5889563121972529,0.35992261256085445,0.809649742910633,0.5180464696470165,0.5939866451714909,0.005908498127449753
817,25,17,13.0616,77.6046,0.4547683845155731,0.3878492540238159,0.481308663927975,0.566595487427973,0.9440490363356939,0.8965297274165608,0.02571688103785655,0.7533186355815734,6.10125285282977e-08,0.45058494679388283,0.4418641435984777,0.43477934679173336,0.4558464477706959,0.36828063408985134,0.9677971095264826,0.3262321527847044,0.21383868865457847,0.6679937971347962
818,25,18,13.0616,77.6146,0.5150624661606747,0.5174249723053682,0.35548900017726315,0.41064858668203513,0.5396226650030282,0.30784256302760465,0.008895273639855976,0.6166202591763938,5.485313614662382e-08,0.509096155075817,0.4613919381679695,0.4382893179989366,0.4192116514110381,0.9753475285542614,0.3768252052432658,0.026712803514418907,0.5674151931185317,0.9270321410709972
819,25,19,13.0616,77.6246,0.43592560129663654,0.49481121379872534,0.46221615773316604,0.3466173031437114,0.7977615701446098,0.3616325518013896,0.9116333847667352,0.8789721709388277,4.4721307676539465e-08,0.4088733466653899,0.5025935034222424,0.3381539499800984,0.5200990154262968,0.25298183348640163,0.8495503534384117,0.17462885933250263,0.2392920557531243,0.6803815427258764
820,25,20,13.0616,77.6346,0.45282031797879263,0.4145776469189659,0.3964379708803916,0.48327589393391723,0.6784693771050313,0.3224126500102499,0.9335129131472368,0.04290221803498474,3.3021134086068134e-08,0.3540883134700417,0.3360061608368667,0.5049068009948864,0.42820816810357526,0.9489227697290015,0.6225866124345151,0.03122973383428832,0.5166049880309094,0.6543952501744154
821,25,21,13.0616,77.6446,0.36577066113260853,0.37994229527287204,0.41177056345601176,0.4394460716322884,0.7699623076212762,0.7686014848026187,0.823040502221389,0.0936878862571783,2.2070789742766654e-08,0.28642040116331857,0.28266646080830604,0.3928310809577359,0.3735883112275488,0.6802996221912934,0.39418258133195205,0.5478708933809022,0.7935022338695108,0.5038188580480578
822,25,22,13.0616,77.6546,0.3278040867947432,0.45769569375206326,0.41751987499006743,0.45520436016352867,0.32514835259991887,0.7305217810736733,0.17993847991278514,0.4280447210774942,1.3350881165383206e-08,0.35592016582338976,0.26735673507354923,0.31386523988142956,0.37296667161731245,0.6030183638844566,0.6503677806125768,0.011508596299610539,0.4241197796297753,0.45525941458538866
823,25,23,13.0616,77.6646,0.2270074148111255,0.41229344446045835,0.25781096326347236,0.27549407762031436,0.6642762762550296,0.3129981196806729,0.8786685135043041,0.3735822873043942,7.3086454189204005e-09,0.2245199913909772,0.22527434794752432,0.3186271735104258,0.37042877611079744,0.7103590284939719,0.5482110138974285,0.9582467733145802,0.6113707736938514,0.9576418390452764
824,25,24,13.0616,77.6746,0.34496120373877254,0.3662396350864146,0.36184010056913074,0.29669244168160736,0.8466638248041607,0.7913382707633893,0.6140446633763319,0.7221462803584502,3.620652787708357e-09,0.2496097865816144,0.22785211663364888,0.2612210479039786,0.37841842342925097,0.6852636544363706,0.6148759665697598,0.1866417127213065,0.5630569529228292,0.4701674258083553
825,25,25,13.0616,77.6846,0.1970725304158554,0.3238126167623947,0.23758562742646264,0.20224718246942006,0.05543705190288161,0.31641569068729597,0.30249814791332774,0.8470174013740234,1.6231377375841447e-09,0.3450994906074927,0.34831318297749914,0.32720489079324894,0.279033732853461,0.37524457317611626,0.5340174302671234,0.25950117272928175,0.6996617099485194,0.8895773605874363
826,25,26,13.0616,77.6946,0.21982997219071693,0.1522645391797051,0.1701076990672385,0.25667394484109773,0.5337984226048692,0.1578616536936985,0.24948365415950763,0.10845351564401454,6.584770831105116e-10,0.2188950974987206,0.3193517231114234,0.2673019895997457,0.30057861734995434,0.6815899608347713,0.5157199987333364,0.9296440147224746,0.3932125416225705,0.7563062818850134
827,25,27,13.0616,77.7046,0.15025401149386897,0.11849283282907401,0.2414992284858146,0.16706100776392602,0.5687788433535652,0.8951446596665125,0.5116754122323962,0.8474547879867443,2.4173642443249804e-10,0.13766888092801585,0.27299068053671294,0.24124913659024222,0.2529716736354466,0.7594029442244111,0.43159722114907073,0.2701709846587737,0.37161564239283273,0.39285089327917166
828,25,28,13.0616,77.7146,0.21061277054330682,0.09699308049799318,0.10820084049114076,0.17508579269307314,0.2685780595916898,0.6596335088622405,0.7542743904896594,0.9451355291277133,8.030811029719696e-11,0.25463901999834393,0.2810115584572628,0.09883766693811524,0.2460252114599719,0.21670167363746498,0.060980948960657214,0.4199715164086817,0.47065375209313925,0.8853736540429077
829,25,29,13.0616,77.7246,0.183037593414221,0.06782736576492976,0.20696403742814065,0.13724951958240886,0.22586047762636774,0.891225337887509,0.34245557957123296,0.38773154867703313,2.414306910222077e-11,0.23823065249046824,0.08348083608496992,0.11600261489039922,0.061170091333609275,0.9629725084638501,0.22629433289722553,0.6447844600411512,0.9679962376555109,0.8877164711145898
830,25,30,13.0616,77.7346,0.1473425426979441,0.18858507883306297,0.11640099641329996,0.052880509219767495,0.5887355284604763,0.9258674607997056,0.215746006239554,0.5615226240507076,6.568120947435469e-12,0.1468222303146977,0.15316283938920824,0.16113581871475108,0.15480364629047758,0.7488488424861008,0.6845386319722541,0.0738537686682026,0.9787456255752647,0.6832755038903452
831,25,31,13.0616,77.7446,0.034515853456921264,0.12361309320887773,0.18246464960445682,0.1039734828025925,0.7764538289955121,0.3392552787394834,0.3997649478221431,0.9494492432390578,1.6169806009442174e-12,0.0804314720923993,0.10882787141510665,0.20189309149715406,0.12871617214389064,0.43662455628724,0.6776480589211148,0.7423229676949635,0.711497496194826,0.7010297814234665
832,26,0,13.0716,77.4346,0.1859137797388412,0.02393905017478631,0.2088751674746915,0.18013762360584967,0.25699873828970604,0.9865076757377997,0.2443644128908416,0.794505994722542,8.817677760545602e-09,0.14518397759697033,0.2047684761732772,0.11737874730046848,0.21232437140896268,0.9738330084039264,0.836305717895159,0.1563583805925606,0.4771330502711394,0.5453599778873528
833,26,1,13.0716,77.4446,0.16813638803724784,0.15670979305426103,0.14738157345542696,0.06829596950235321,0.3361789945682126,0.6359219146068354,0.18157014078115064,0.276414491554505,7.950938029278602e-09,0.05326785508454928,0.16886243679254603,0.06657369159314266,0.24183252780539743,0.9227524487343999,0.35329397492389975,0.8716284091868199,0.9419733763961058,0.63825501047487
834,26,2,13.0716,77.4546,0.10404233742393641,0.07594315184393959,0.1971203958007633,0.23856003222513897,0.47472777370691344,0.9076125185113806,0.5353785630539432,0.3677225580913485,7.400992764597012e-09,0.10063143529037975,0.15784758507741675,0.24983371007092042,0.07804557992492038,0.9591037195819871,0.9797691776421803,0.8754842364195381,0.40935694966968805,0.45469401083118527
835,26,3,13.0716,77.4646,0.2555986372936613,0.13328333473391338,0.21116340632540642,0.0916578139029118,0.0816011756891406,0.7586082457409398,0.939625877167338,0.9642732815577771,7.452143186066214e-09,0.10053826184018735,0.2508139451321226,0.19745311615688774,0.2654465302664383,0.2427796381151686,0.09402934412563885,0.8216842158499479,0.38184601681873176,0.7373320695002743
836,26,4,13.0716,77.4746,0.2592557836234428,0.18672341471476014,0.1535401360969467,0.19208442179881954,0.5279496379748452,0.5030690093591877,0.3653989321922469,0.5579245804812916,8.080093703513486e-09,0.2310542261095276,0.10406303700809123,0.21139488526244274,0.11479705536025175,0.04485378039772487,0.37756874501894094,0.26762549454007006,0.1918691868533069,0.7637813360434235
837,26,5,13.0716,77.4846,0.30993158551641425,0.24137899990486658,0.2500975854960291,0.19010324052094107,0.45095032766242216,0.32634338728471785,0.4314485059444381,0.07101517753697993,8.965672553610607e-09,0.28965884125155117,0.3021188892583471,0.2593967244338128,0.18806427936342276,0.12975260867446092,0.4220642331423443,0.7299958373769372,0.1113873921491298,0.22694496259029653
838,26,6,13.0716,77.4946,0.19299048378355843,0.3377083986064946,0.33913631098749775,0.30145561788638037,0.5513277906004429,0.6417479378944276,0.44009544281270174,0.7345578458619182,9.648124827517536e-09,0.3002070328148978,0.27386037121347884,0.33597223006394644,0.18721690763556142,0.3248472895206884,0.41384303249367616,0.8956996591630635,0.9096595046738549,0.3886728945940783
839,26,7,13.0716,77.5046,0.1601896573342525,0.21617932106197438,0.17901541245063726,0.22096325268340514,0.1433779868241589,0.6687168523178685,0.9982637701470066,0.9132625752073706,9.74598930312507e-09,0.1582473933988212,0.17718172760493478,0.2975928910641473,0.3491067004894632,0.12189765162287526,0.5901637424607807,0.6557436741105255,0.9439771357659851,0.7420643909963394
840,26,8,13.0716,77.5146,0.198928037993173,0.37284259728268754,0.2328711955456232,0.2985659184844885,0.2337038577425756,0.5764671534340859,0.35160375407126515,0.11758041654930815,9.139355753988731e-09,0.29996605944030635,0.19555066328981377,0.25873192420440344,0.22089373762079856,0.9194123446622249,0.2863025430669467,0.06815396291840017,0.6569164040409786,0.04106725923928828
841,26,9,13.0716,77.5246,0.21925531114965455,0.28827485876816766,0.4065027902696038,0.3229740918974379,0.49648352573897125,0.6417036464671745,0.33344933875115945,0.11330551968875416,8.026625718824521e-09,0.3224558403913501,0.34519612733688293,0.36252211502975096,0.40603648670067244,0.7993589989566903,0.5861362835369572,0.9918241226155835,0.1946698183057879,0.46912086078650117
842,26,10,13.0716,77.5346,0.2810864015138367,0.3392430352295381,0.385844786097391,0.24465920982760406,0.04626021277160933,0.2172741451102358,0.37304568838805907,0.6024472682471977,6.834359511879629e-09,0.43078560328655974,0.31617227662855885,0.2795786457452907,0.26819350592066676,0.7903535927368536,0.9566762131729598,0.652095692709588,0.06062084184406121,0.7804543717416557
843,26,11,13.0716,77.5446,0.3520290586689043,0.3198470760755627,0.45896414290245047,0.4636891559489199,0.3013590486594605,0.6072729732120268,0.37673514750382775,0.7007094875249125,6.031125821316704e-09,0.35208445784653725,0.4463502887687977,0.4516728092972667,0.3858208962349515,0.43332696923910335,0.8469926986458254,0.2275135964633267,0.39615162009862964,0.9994023494481068
844,26,12,13.0716,77.5546,0.4589601807659599,0.436336589248261,0.36779189999783035,0.34666979877827886,0.8495549872431817,0.9163870582879771,0.9694263674180053,0.3629658150073212,5.932673226334605e-09,0.4454869562312765,0.29489309227728583,0.36622939675896565,0.4046397909132088,0.7138375472804828,0.06194867536858445,0.31039190643736214,0.46596817027439086,0.6116930400265103
845,26,13,13.0716,77.5646,0.4610122860522407,0.3443284081758609,0.3639319827757914,0.3130100216876808,0.3338922172345398,0.7585424632769193,0.8782360652778911,0.962262754551563,6.575269561145587e-09,0.4169779460210756,0.36661542299020805,0.3448829175169529,0.4083306698765797,0.7841631992159983,0.3926902745335966,0.9842231403200885,0.9471598883029191,0.86423645427388
846,26,14,13.0716,77.5746,0.349349712085447,0.49528932670518355,0.40686609974031723,0.5088537584806886,0.15251599664780188,0.7844366705619239,0.020721608827551505,0.8272137419107174,7.698559727295177e-09,0.37822519624963685,0.37771802045219854,0.3166687626216984,0.4121864362116287,0.191520227288759,0.4542702597394706,0.8269202232150766,0.33634016015091506,0.8754523751408526
847,26,15,13.0716,77.5846,0.5041226956635702,0.45264123796629285,0.45374795854847016,0.503285221871967,0.9063637977876398,0.5549744455990654,0.7120850155048668,0.6490377634772954,8.84145682921494e-09,0.4049699542438347,0.5083729629787211,0.3692887901706314,0.35704079079495565,0.4246665563335182,0.5941138151107408,0.949806693647709,0.08019798259682274,0.7560455547550261
848,26,16,13.0716,77.5946,0.424832537824282,0.36102157888992803,0.3568913187114026,0.35864816062237265,0.06658500767590465,0.8196954626445886,0.17876235301395124,0.9787432009305923,9.51789247447339e-09,0.42933208443127163,0.497092366048711,0.44717717022697,0.4735135256442369,0.5010187881941995,0.7498140325932938,0.43632571490072447,0.423711833650022,0.7813693266831483
849,26,17,13.0716,77.6046,0.3843385600729812,0.35217034907179684,0.3280984363458614,0.32228068842652396,0.9310011100899841,0.7421575590571422,0.45432386520523654,0.38466995421541444,9.404159290735356e-09,0.4429096377775905,0.32870037029000343,0.45650032354548586,0.472146730554684,0.8032838818439908,0.7245808219047324,0.6536183990481198,0.6347098276920062,0.5874799070065674
850,26,18,13.0716,77.6146,0.39082358131827255,0.4953570484165214,0.45713588636804414,0.30153637664971517,0.6597375099826639,0.2101972099538225,0.2902579057295707,0.9827111989028863,8.45478203144371e-09,0.46737103853624623,0.3359134683924161,0.41690178450374943,0.3497932727931066,0.2530790048864504,0.5421146730862928,0.03595852327025772,0.9934193319494851,0.9896122895684407
851,26,19,13.0716,77.6246,0.43845668351781647,0.46035175262847006,0.3137826523811329,0.41791864640183785,0.23864180398406912,0.9514222500719237,0.6815692842525749,0.8382196247755512,6.893113777743704e-09,0.30274442924266004,0.3509979788625117,0.4887171694628406,0.3201894697489634,0.16800960417161934,0.5545469232829348,0.23765941105749694,0.30304081788938075,0.016311342706390602
852,26,20,13.0716,77.6346,0.27512612037113415,0.45182201759578994,0.35551933600102137,0.47285663394733324,0.8669585040946659,0.34022502704200686,0.11404034924184703,0.07140661379212543,5.089708823448603e-09,0.38636257618126196,0.3023984271514373,0.43672787651972833,0.26860924199473607,0.40005152597730803,0.5195684566402298,0.6625155856167874,0.19297602751651705,0.4953313660788714
853,26,21,13.0716,77.6446,0.28859175983239693,0.25656616443702673,0.2887459597285219,0.4026855059517951,0.411001869825281,0.16561935818269835,0.8560109925223386,0.28390299441972766,3.4018787167201022e-09,0.3050478456802975,0.38700845794212035,0.4035671693206065,0.4559351632022639,0.34172438494927615,0.8819341301142838,0.9368069759064626,0.3402990032385961,0.6089664971084795
854,26,22,13.0716,77.6546,0.2715258524629543,0.3972710880744005,0.30412159248268567,0.42620379913604034,0.1860815563945413,0.7908264959134567,0.49384649051251167,0.4769715895784883,2.0578365785538286e-09,0.30795772939483296,0.3064864690027014,0.4186120575163914,0.2677495813093876,0.013184740095277734,0.03334219522613689,0.9360762702030796,0.927378147004067,0.20302928171315504
855,26,23,13.0716,77.6646,0.2507728001216514,0.33615019539471097,0.20256685833868798,0.2403879435061214,0.24244728213238845,0.3195515607364201,0.2683259245990574,0.9777116050992071,1.1265172441924815e-09,0.3306045266088773,0.3410909149030972,0.27078090543615013,0.3155519655749073,0.9804554238355644,0.05766842909370621,0.8895205775954561,0.6909134833051624,0.15787553979055946
856,26,24,13.0716,77.6746,0.30675817394247024,0.30963477572771153,0.19953001399009504,0.2636793783872313,0.7169533136131531,0.7256933506353123,0.6562553631415701,0.20905857094023714,5.580689104046665e-10,0.17890777908577488,0.17566101817687768,0.24027764505834975,0.2643316189179728,0.44645537161992355,0.8348109650307759,0.08287805152777604,0.5261917505903966,0.8420791343815663
857,26,25,13.0716,77.6846,0.17676291071624475,0.2977632837683858,0.1943565556806327,0.2357055922351,0.24980063841128491,0.8203099137940979,0.9750650605060348,0.46482860040314944,2.501821504503713e-10,0.15033045175389412,0.29615015977730796,0.23436292150086016,0.17238057927384612,0.7774917743694549,0.7295937121677739,0.061963949139477774,0.7747145797426637,0.15002623669280543
858,26,26,13.0716,77.6946,0.15449155937829318,0.18777456809006085,0.18399810346548345,0.18804971285662336,0.1219344224282413,0.013284327613233254,0.32456841881378395,0.6423757534365816,1.014942878268541e-10,0.1903757877573556,0.2174911177352505,0.2024031525242079,0.14498284292809901,0.7451836729205313,0.08261725974486935,0.3444047361403981,0.6770544238262773,0.9849308472009226
859,26,27,13.0716,77.7046,0.17315228076726766,0.14535491040800644,0.1929300239609366,0.22683953287913405,0.8542307721842083,0.6696556477977187,0.3234735837087464,0.39404681577475636,3.7260012779157346e-11,0.2484954937450331,0.20427307221714067,0.2095182465029916,0.14071018502840008,0.4649579182661799,0.9489341506295532,0.12541008564019257,0.0226823801224682,0.41562770757935724
860,26,28,13.0716,77.7146,0.13818942797546857,0.1731337975394626,0.20931503829249798,0.19362429586690028,0.32975284768606294,0.26376070722308365,0.5174404539558282,0.8712298709347048,1.2378277544716197e-11,0.15627428471282226,0.23570860068616487,0.17085602289683027,0.2540764240088851,0.8332016761815687,0.7509013973348829,0.11627113088599254,0.8902360496844512,0.45736657633597655
861,26,29,13.0716,77.7246,0.25248944831836356,0.1313039118705465,0.14435753467138437,0.2604809794498655,0.8532778348865441,0.4651870457977786,0.3348313861968893,0.4231867844407157,3.7212851705434245e-12,0.24878366080096267,0.21961698162841034,0.1251881887855756,0.24282004132488824,0.3491209950440399,0.8999504666522025,0.09251673321773947,0.7415439722299144,0.3958388533417061
862,26,30,13.0716,77.7346,0.12139163595094372,0.19648555875069662,0.17011056800291183,0.16527955892126134,0.2708253365512702,0.146726295024745,0.8603679449898147,0.8732218402485821,1.0123724925613072e-12,0.23706834034153562,0.2346547427980914,0.0840704573473792,0.06478018542135357,0.9563523746948531,0.5243290033766578,0.39550623724193745,0.66521186656359,0.2270510552360254
863,26,31,13.0716,77.7446,0.06449446509857949,0.0494417594746848,0.04636686672464529,0.18136869505000408,0.7491990835831601,0.4443850861966684,0.3728371436152298,0.5343171960433792,2.49229026250309e-13,0.10307929464813206,0.16976343924002887,0.19319553807833587,0.08734667717682944,0.5452589496629155,0.7966943352693961,0.8654835771574124,0.6339842614151167,0.33917850309781805
864,27,0,13.0816,77.4346,0.009891189579460854,0.17563212016661758,0.19079195440704638,0.13829019137922227,0.5691092945814751,0.1063543618502283,0.5489662804400666,0.7920490760837886,1.2299031649093799e-09,0.1788259187446849,0.0861432114564994,0.20315284658608707,0.10692226162910862,0.587123003973739,0.34264354023545823,0.10985816947917859,0.19174585208460515,0.32901889750661567
865,27,1,13.0816,77.4446,0.03314319117892068,0.05390569586507251,0.15111185616186984,0.05531143657579064,0.27800149534219765,0.6297874867482507,0.2904304043460676,0.06768465570098628,1.1090089826540624e-09,0.08044323496727201,0.18440630298446917,0.09344768250197656,0.16315205459282428,0.16048641933610983,0.647726327951338,0.8962807065664876,0.9060062199892285,0.8067898387508657
866,27,2,13.0816,77.4546,0.07598089940217437,0.2369661316507138,0.04472305433558897,0.06236426940616955,0.8521304258791199,0.4278480212109458,0.20180094409958974,0.14806264232113586,1.0323017767184617e-09,0.2186043313000967,0.07526494837212108,0.1340045303133348,0.15411770855617493,0.21698355207339698,0.6422973315523776,0.44822071353212284,0.46840632230733004,0.8591458172513822
867,27,3,13.0816,77.4646,0.18263041307993208,0.23427156473321842,0.20483748508950403,0.19554055759406005,0.3224988600529572,0.12012486438092444,0.346160880319985,0.022831409843591447,1.0394363156722657e-09,0.08896766286030394,0.20530642012805123,0.15472412216547177,0.23901052205161039,0.4421855469216833,0.25259893331976047,0.008151159354803504,0.44635946122997916,0.8228438685115622
868,27,4,13.0816,77.4746,0.06705631745712728,0.15539285785493417,0.22645687911416082,0.17926206680043605,0.44858642215776817,0.37846757427422206,0.6231989343438522,0.6876509965931203,1.1270238134700402e-09,0.1692052836496641,0.1400326411779349,0.19196411155745238,0.18118741141995368,0.16089605990214131,0.7087652494002714,0.30212609397135654,0.3724538562041217,0.7928535368655638
869,27,5,13.0816,77.4846,0.23977881497746567,0.19990857136733828,0.13650774505447463,0.10540631230652493,0.69607091756181,0.65174877441457,0.8693373156007417,0.2836761142844459,1.250545704809431e-09,0.11903091925927252,0.27522468030046654,0.18073417117942697,0.1800864536264269,0.3600008744808376,0.21511722531268468,0.47480125253457667,0.17622661646598176,0.4477036475533256
870,27,6,13.0816,77.4946,0.20435719921871723,0.2617032635193544,0.27888717224092324,0.16603560960150862,0.9128995521022766,0.7491399690052122,0.8686018093815215,0.29004362812749246,1.3457351908869362e-09,0.12720281926827431,0.2957458291955255,0.17461410105578928,0.11685381400338586,0.2943984517985179,0.9187376419864636,0.8493091857460071,0.19573661711835785,0.0666477124881777
871,27,7,13.0816,77.5046,0.2836041742069801,0.3016739534846356,0.1995419995293413,0.22685122989164153,0.24676305832885964,0.1944015200547484,0.40715167509457945,0.7951542317485102,1.359385477499651e-09,0.2236471872717416,0.13294048872786965,0.19669118195801147,0.26607846279635344,0.43440143590242297,0.4562168293452614,0.3672668638827812,0.8090430214557384,0.4842040865076663
872,27,8,13.0816,77.5146,0.18726393920429968,0.3561561755575675,0.3085213317810788,0.30294615477087367,0.5378928173131514,0.16863922542075652,0.219656535608184,0.18544457368720282,1.2747713030181454e-09,0.2724721049471711,0.23554508742616184,0.25925571253906504,0.28346837326111435,0.7307625403682001,0.2604561151680162,0.3797013455007025,0.8113974844292235,0.26813565459863536
873,27,9,13.0816,77.5246,0.22849033340607983,0.2663161270075509,0.23539927859822488,0.3815383092746662,0.6943919275218213,0.46014575546951936,0.8573315312608162,0.31581203619775683,1.1195660172566825e-09,0.25028270023506805,0.37140449682048116,0.29103640711904655,0.37341699748939317,0.9229830212152996,0.46444450280921074,0.6815530846418638,0.5776913983596077,0.07105159607744564
874,27,10,13.0816,77.5346,0.2285170259903313,0.24988756184513386,0.3332245843026509,0.2695686306422996,0.28068957947884693,0.10533022557853512,0.5453382969198248,0.1552425166477967,9.532669047093014e-10,0.3078065888777753,0.20523992923215875,0.24924733894652687,0.20479284169867398,0.3771131301676194,0.7284874480515784,0.42779667677916805,0.7884121486162557,0.5121967155502511
875,27,11,13.0816,77.5446,0.29437615198183126,0.2790278697768624,0.4038091874139385,0.327065230123772,0.6345432302563633,0.5825927436746959,0.4186338505948805,0.009621238252881461,8.41230642060338e-10,0.2753774458062011,0.35900209820535245,0.2198236114207488,0.27681613569003466,0.5519794790445102,0.38650859907781165,0.3747525363212837,0.9938184754402744,0.9198254472424259
876,27,12,13.0816,77.5546,0.37995566902113104,0.3939674429133561,0.2508885970962088,0.396274099220474,0.7510049513142777,0.14827156572183858,0.008070279138724521,0.3730456860739262,8.274983236585074e-10,0.2913836118781755,0.2766750611603902,0.3226744834685306,0.3335888088816968,0.6015463787091448,0.15966331926857735,0.6285142850989762,0.11785783991686637,0.051898867845471666
877,27,13,13.0816,77.5646,0.2842573995420195,0.29721873519901054,0.29959361399756107,0.4430139308169602,0.626463094657017,0.7806544372276122,0.9581921463341772,0.20049218734789037,9.171286424436811e-10,0.3001208702681899,0.25372159113345616,0.3759298827246067,0.42238009706239776,0.19564654099178921,0.05402998325467832,0.9653515935446089,0.4931936223939773,0.6346802620159396
878,27,14,13.0816,77.5746,0.3236943336597069,0.3486153871660774,0.42478184931293456,0.38229110220929036,0.6848032791481035,0.18406709472026844,0.7571731811284225,0.05518367177905235,1.073806871412813e-09,0.25622561040391717,0.38713938355361016,0.3621990658176594,0.30646006782625546,0.866046502093965,0.5274921612857827,0.6580129626198544,0.1584061730843087,0.7626993913016216
879,27,15,13.0816,77.5846,0.4188986152179553,0.41509272057556423,0.2997298502971048,0.39408144845429294,0.5353932367202769,0.18956348564932282,0.711279558364725,0.05236496152679719,1.2332199057461828e-09,0.33595450025531187,0.4080569728367826,0.3709136374696921,0.29592930128942907,0.29631588065796155,0.3897515728564541,0.29969995312740516,0.05004450286297089,0.09342667384651432
880,27,16,13.0816,77.5946,0.3213832751527914,0.44579496865766344,0.3844648896047426,0.3860781199640332,0.2584652509492241,0.6504605270204026,0.40104913107792567,0.4913740753448757,1.3275701832652793e-09,0.41262697910877016,0.4378519622271429,0.3658339045916146,0.4398652707128559,0.7109172718811814,0.7093687613575005,0.7797277009604091,0.05977211183380617,0.588874885047756
881,27,17,13.0816,77.6046,0.34826901061597726,0.3303333640257383,0.262018082887266,0.31413610611186393,0.9027634549410567,0.02801371105785041,0.6493728038367766,0.2949846220335979,1.3117065049922132e-09,0.2851452312705558,0.26556493670377757,0.33683794014582635,0.32839375844727786,0.06023996275626079,0.6476610119956796,0.8954057133922412,0.8214033418214397,0.5215413416759558
882,27,18,13.0816,77.6146,0.2535175627530191,0.364878464075667,0.32220762298013034,0.42943892920007387,0.7035080287508828,0.02669399278528085,0.5643109304063301,0.6346805759850606,1.1792859140426349e-09,0.3567721502948026,0.3179858714320627,0.43549706207477157,0.3036762759650421,0.3605286909132091,0.015524669533901178,0.7239496370319545,0.6013985781410734,0.8850233677276544
883,27,19,13.0816,77.6246,0.427849953364611,0.25523833428627424,0.43109435991324685,0.4027670246131264,0.5744800018666827,0.1694903865560786,0.699960334677998,0.5376348979120634,9.61462039499382e-10,0.4138345053062481,0.2999230818128306,0.280587429050083,0.30750091033949534,0.5489924363295486,0.3609330116285466,0.010666943125239341,0.5400887149139034,0.26484320751828644
884,27,20,13.0816,77.6346,0.316197848719483,0.3581126886767498,0.3355254657560337,0.2791074263038189,0.713352368414304,0.6134207667778633,0.8108642070980986,0.2976832584428627,7.099203605388577e-10,0.2672489957854813,0.23548002791233894,0.40634241258572956,0.4019517673528771,0.8298233560940143,0.9520946046657995,0.3633344380567543,0.696008546292754,0.06097182177516648
885,27,21,13.0816,77.6446,0.3181817385372998,0.25782250995071276,0.28266870884836853,0.3113012251734962,0.4383976018884364,0.0600261150552716,0.15037792952855303,0.3105903868782109,4.744992379366116e-10,0.3403211023773627,0.20750051747765583,0.2154589786180077,0.29251159677866173,0.22025877010498685,0.475225882214833,0.4102091661993664,0.21646739449191565,0.38964496852396524
886,27,22,13.0816,77.6546,0.18074862782611198,0.2961721891889033,0.2014548004610596,0.2895529776190717,0.3684533656997549,0.3428848614796982,0.9216367420312724,0.7406816497233096,2.870301865608561e-10,0.3551249928278143,0.2623276062373957,0.17781185362517354,0.33034590907774647,0.310722672107873,0.41984492657668804,0.06792509624348964,0.5954052499370431,0.9069453418437814
887,27,23,13.0816,77.6646,0.24024377611900313,0.16434573325787638,0.21369171845617385,0.24659688255959308,0.6497416654741484,0.3472852299881314,0.9047905194407735,0.18574580191004375,1.571283425763923e-10,0.14854557758509582,0.16807786138740421,0.24672613196189883,0.35309796799899507,0.4993458824860535,0.6192339596279967,0.42163593719635845,0.13940715607868043,0.29397069302090445
888,27,24,13.0816,77.6746,0.18886111155788748,0.2071553771083021,0.19647287062530136,0.25600161388518733,0.3076596600035658,0.1661660974703832,0.3009747132787951,0.8327676543886252,7.784030028575235e-11,0.26211077365187163,0.25836049556840396,0.2906657839552451,0.3194289101070673,0.5466901207643784,0.04675333839441896,0.17954826734198812,0.8186055391548587,0.6685302192707397
889,27,25,13.0816,77.6846,0.2455141869498305,0.2816222415730143,0.281617023428124,0.2772513652377595,0.8333739512221287,0.19439088246718494,0.2957255184055327,0.7572698192439336,3.4895784499562405e-11,0.3114542755478876,0.23677726928435616,0.13309550386179114,0.23541909072949146,0.5648924899666569,0.22386249634037636,0.6058232960889888,0.8338272212534317,0.27854138329102396
890,27,26,13.0816,77.6946,0.27477058438892177,0.15109529980540812,0.2487390897451812,0.10340665281907485,0.9198197623309883,0.07180121864399786,0.7407094538298072,0.1760943692978599,1.4156574198351629e-11,0.15226664788345623,0.25858316954291755,0.13002060921979083,0.1645661656600777,0.9279378017450589,0.7862911730608861,0.8335982487013484,0.8100058891435357,0.9778409231941038
891,27,27,13.0816,77.7046,0.24829063965263548,0.2538917953735678,0.11979273055686726,0.26017847333629157,0.15710489678617964,0.8256356421826663,0.38473048056229053,0.7212145751501321,5.197079352877358e-12,0.26521045797898707,0.26001680799660454,0.19071626522991136,0.14019424602926897,0.7321085789501707,0.8880990846563092,0.33055642292844195,0.6617910864399063,0.9094376688607589
892,27,28,13.0816,77.7146,0.15548583694330365,0.09986176908703877,0.13400330661249474,0.14394902486502822,0.8429102517347176,0.14171557448378924,0.15010732141929856,0.7867982215377036,1.726536898496131e-12,0.14900342561120578,0.04933406491745342,0.07370763746316744,0.21951527607072313,0.9294822174804224,0.6811227443122717,0.33090504246437763,0.6487526469581689,0.0612000323494321
893,27,29,13.0816,77.7246,0.12489301914128073,0.14877838919995584,0.13653380459769518,0.10294630129999592,0.6792334794896562,0.020849512276770274,0.8045765019942667,0.5600759849589515,5.190463726652085e-13,0.050295780803779666,0.12904895924329585,0.21261047738979236,0.18459841285560524,0.9203048869060512,0.20826917234343903,0.5805779330883476,0.37871749367187313,0.2574079085905626
894,27,30,13.0816,77.7346,0.17000133473564472,0.23101000011839973,0.17841976159583572,0.05194183429361207,0.274888458917453,0.13390955108373406,0.5195923377834373,0.0015257253028465663,1.4120309262197622e-13,0.04469139222159331,0.043518175790327435,0.04192964787685323,0.0235865922861018,0.8849885328827993,0.513799659991553,0.2064772640424439,0.30300470492055803,0.10088331055298477
895,27,31,13.0816,77.7446,0.07262313981644813,0.1466809051527245,0.12773146628865825,0.04481761500489741,0.43691524062161674,0.7885295254685495,0.35550919888047233,0.7040649215402471,3.475867571692554e-14,0.19698078143767608,0.16342874320760006,0.10016244978474109,0.07520879570252774,0.5174186378262803,0.1074724486185641,0.46320047941452536,0.7376321208474927,0.14956186682674508
896,28,0,13.0916,77.4346,0.18907327082509978,0.18606163937049924,0.03918739891332803,0.16461590568345041,0.7321593897102524,0.0,0.8530052082980583,0.6376939324540178,1.5523989771439982e-10,0.10262191361840052,0.19441488269202684,0.08453552859080211,0.20786147116171894,0.8098789439748924,0.4168304712415021,0.026763770686025083,0.993385607525247,0.671477602147239
897,28,1,13.0916,77.4446,0.09306147688556125,0.1573696170460738,0.09292128181089691,0.04942757014097898,0.6358418571216213,0.328835337952003,0.6786939192155002,0.7131236696397162,1.3998048418095415e-10,0.032444330174475317,0.16385728682279305,0.1180473582852668,0.01754383496518313,0.6384182087255529,0.11213782133404769,0.3538281093335151,0.9629434149698508,0.13631620734611782
898,28,2,13.0916,77.4546,0.21270885185105248,0.1487954392938382,0.06018271144973005,0.12399217306320523,0.771254327466561,0.20290211470785696,0.8930593831660812,0.974692422833307,1.302984055686477e-10,0.19033518117112022,0.09194876040877854,0.0356389087344434,0.23026731529539685,0.8566503039481281,0.14907032081965063,0.6252016832277895,0.8882913324712711,0.0373645446544563
899,28,3,13.0916,77.4646,0.11411048528892041,0.19519338641103576,0.1945762382676313,0.21761638001500577,0.7765510179190666,0.5891826203077438,0.26880509149386783,0.19776167948838383,1.3119893591870746e-10,0.22350821305141416,0.10800633337363752,0.16649001253737036,0.11470590376132608,0.5335265252701504,0.029369479632851567,0.8958084783272219,0.3917920752263195,0.8278574470331245
900,28,4,13.0916,77.4746,0.08514515101965248,0.1319018908006415,0.06852897522651212,0.21245034544134334,0.904866437235384,0.7479105434974128,0.5946068402966448,0.33133363092102297,1.422543384560553e-10,0.14682812124896585,0.13098769247473963,0.09538728167065455,0.2591956014367437,0.8454914563786017,0.8423964493586988,0.9126030967172949,0.5259407318631759,0.9307537702397435
901,28,5,13.0916,77.4846,0.07534574548800903,0.07690509938235338,0.1588616577345592,0.24566346374514186,0.7174137438876236,0.7569750531729013,0.8987112437054074,0.7217046232347983,1.5784542468715656e-10,0.10716972541903419,0.15406057989034078,0.12957336717775067,0.13550729351396842,0.8568190839275582,0.8094086022448029,0.016626605221336792,0.6342122335407104,0.586354343763213
902,28,6,13.0916,77.4946,0.12909715300281843,0.27666157572395267,0.13492770046703761,0.11597903145250071,0.2788502520581598,0.09508482937255683,0.4810868855930199,0.5340424976401074,1.6986035960788852e-10,0.28119594568213463,0.13957998631799945,0.17516315238650385,0.20330217680723184,0.034641686180732545,0.7388008839980144,0.8280482254739205,0.6630930032557341,0.14157622765132988
903,28,7,13.0916,77.5046,0.2336007109501528,0.28039067326418066,0.19105777734205856,0.1210308986577392,0.38735665722281454,0.5454612084495232,0.6068070854018826,0.12393893505309343,1.715833157037706e-10,0.16025578213888314,0.1439013578872761,0.2668240613349109,0.30202891706471124,0.3981426725354934,0.17751721630724904,0.9940876299972699,0.5835370373617391,0.25455510052301816
904,28,8,13.0916,77.5146,0.20797754364173227,0.1192951281654259,0.2921773360965787,0.24434755951167925,0.9694088854471362,0.13657682209898966,0.17011182002020372,0.5844219108886758,1.6090320972085737e-10,0.2123510972480147,0.2667205192925917,0.31180860958401563,0.1306634579862942,0.3792555291942236,0.29824198775511396,0.8264208778309771,0.797883784342918,0.08768961620451256
905,28,9,13.0916,77.5246,0.30489771036232644,0.15411702735718272,0.23679221632741176,0.18232990235110297,0.2480453706329152,0.3284839899893959,0.8975298303461086,0.6985705107339352,1.413130061740147e-10,0.29365150411793645,0.27433908345201435,0.14632728393332403,0.33760700430224844,0.11831897215278032,0.08079133892839402,0.5503174192823136,0.3344386619088568,0.16855989883491793
906,28,10,13.0916,77.5346,0.2830348088305155,0.25430334399475724,0.15467274572440473,0.23119038752126794,0.5969658359021224,0.32597395008108687,0.06064954126923659,0.02825709516281955,1.2032252605937862e-10,0.314161360749678,0.160365541167907,0.23391303339398717,0.18152044863937744,0.8235986499526093,0.415582501427743,0.968474405155541,0.07667466909254761,0.4695646573046262
907,28,11,13.0916,77.5446,0.20676656020250891,0.257649230616301,0.31166749865708937,0.18035653670574145,0.33156411063061897,0.4085178011868503,0.9470152351872135,0.691906808605779,1.0618117011809922e-10,0.3300567269148963,0.24282148874217058,0.2144302786978017,0.22518260323350167,0.5562799541632685,0.9908483644426711,0.715606943870984,0.4552566542868987,0.015604658040573687
908,28,12,13.0916,77.5546,0.26540785621275226,0.18941683380604613,0.3410635274436442,0.2620674270208082,0.17900408784573033,0.12452494994085292,0.16526213230223608,0.6412890370514661,1.0444785986811603e-10,0.23502595077756208,0.20095052673931238,0.36999732671757024,0.3570781371313921,0.7813526440986717,0.10703957055856982,0.38679049473959853,0.5717616040738863,0.3863038252704421
909,28,13,13.0916,77.5646,0.27089723107706465,0.27066983369195785,0.37821652203423856,0.41150157646050695,0.5546410952997715,0.12106513233228593,0.6319714986640448,0.005340133999562202,1.1576110980258404e-10,0.27573464034135853,0.36063198477617425,0.27769172861432695,0.26579344692215406,0.6833937433822519,0.938619859882083,0.33710366679736126,0.5164948613036037,0.12203502119409686
910,28,14,13.0916,77.5746,0.4012220886992074,0.23620890976444828,0.3564977949836773,0.3566585313312489,0.7142475693256912,0.1378117055565748,0.1237016529056494,0.7076221301359097,1.3553723006682197e-10,0.35821133571562797,0.3758308304523838,0.2112176451972858,0.24720313393324483,0.015092457815603734,0.37954443989953485,0.8674884308611375,0.5060782444624061,0.2976098022169267
911,28,15,13.0916,77.5846,0.2842491861326139,0.23219139199163194,0.3749653974887595,0.41255429612762146,0.586283591251578,0.5857093886286161,0.9379779406260556,0.12319770366696783,1.5565854085394491e-10,0.3581947592692798,0.3926674198426457,0.25849615583841334,0.36464549694535775,0.24743385265703868,0.4311442096769318,0.22685435838009502,0.40425945624002096,0.8023869104760785
912,28,16,13.0916,77.5946,0.29627436082040953,0.31617715149800263,0.2943118978703297,0.4247657419767225,0.9483202349082466,0.7589212892195908,0.899229320739785,0.9295791176096488,1.675675498302303e-10,0.2671089528863657,0.21438261675355796,0.32157044298765225,0.2887249492819092,0.23482228546970296,0.11525880356452127,0.16081378451140663,0.583591000264352,0.8783007713527553
913,28,17,13.0916,77.6046,0.3995411493712706,0.3040580689821622,0.23707115817570604,0.2638775072203217,0.7589521797710485,0.4757246215748409,0.8879560003658641,0.9614731998068032,1.655652166954644e-10,0.2885742553540512,0.31115601298583506,0.28208198055178774,0.409875667088435,0.24040328263209787,0.3026510484920107,0.2822090803143226,0.08054563015511705,0.34714552968249185
914,28,18,13.0916,77.6146,0.310607722002517,0.27603010269370204,0.2997426205961168,0.22891724400390578,0.1643569667545416,0.21041681088305153,0.34493508080691904,0.7752187805321097,1.4885092556956482e-10,0.32339827862707,0.3629563050214825,0.3923515997587312,0.3209224770339893,0.16025399208482555,0.7937547957270961,0.5570075378535815,0.7894593442890344,0.9641943807926545
915,28,19,13.0916,77.6246,0.25375495381166396,0.2722209907679693,0.25705861130064056,0.3108293069995698,0.05260683612409967,0.7506262909193293,0.7792216964029904,0.3292511579467337,1.2135692613050845e-10,0.37518907392468265,0.3503494183317775,0.24095349260741902,0.2953057454007959,0.976455306222939,0.230035880235624,0.721649958531724,0.1923101996545143,0.3545088421189731
916,28,20,13.0916,77.6346,0.2712189916363322,0.3481157069858266,0.18643511394057155,0.19186891803640768,0.7150104130024535,0.12438117969222649,0.08106975285013165,0.6624377509592516,8.960702362445103e-11,0.2259489677403715,0.24744664103926878,0.2233570096379893,0.3792600798098329,0.553886897027457,0.5643420073430556,0.09846499694978879,0.9954398154432486,0.27345546486715744
917,28,21,13.0916,77.6446,0.15493485666121323,0.27681225866439746,0.24656078928921257,0.1871635339674642,0.9085587018469236,0.148819113209646,0.014794428572192368,0.0733218422350343,5.98918777234772e-11,0.22638552270357815,0.1757410373325249,0.31571503633002684,0.309622708079584,0.2744213762029102,0.19950613430954456,0.3726917431996543,0.12809275316769642,0.39566874084036857
918,28,22,13.0916,77.6546,0.21853014312444657,0.30262600622873964,0.1359289905710768,0.2413440902329145,0.904341815235033,0.13140224455850155,0.39769942640112466,0.8089778654731969,3.622930168963655e-11,0.29185441681095786,0.3275400068713495,0.313343064929703,0.23724142097610776,0.39027968133779123,0.10205523073615062,0.6264437826297495,0.8984595443098033,0.8287015455747138
919,28,23,13.0916,77.6646,0.15391068834241792,0.16371498220268085,0.24368093264909907,0.24546786016038083,0.22428921159587167,0.25609683847039505,0.7300092757178853,0.28005661926357966,1.9832929927678916e-11,0.14662828023055305,0.19314958031838225,0.21426141874885446,0.15312886960233224,0.8951056394199457,0.0918374281243981,0.5362468357499128,0.7976332025831361,0.5596037898411197
920,28,24,13.0916,77.6746,0.18059650757177437,0.23129858454812197,0.26670806702866856,0.13398968782656423,0.4118746110178097,0.533377066133369,0.008576145770742548,0.7953354521144171,9.825094951674573e-12,0.2786678819572261,0.14399254455050733,0.25951743894379914,0.307389773327747,0.8828050413303095,0.5186800995761089,0.45333914141423726,0.1330572376226767,0.7214235211392271
921,28,25,13.0916,77.6846,0.2400353354172433,0.08821738265214993,0.09677404179804837,0.23159541341365977,0.31853846763088567,0.1811867590633571,0.5937239966323402,0.43540528079791896,4.4045849391157695e-12,0.1271656707933202,0.12197331010837947,0.24365664225537137,0.12832638659644144,0.3086951567696843,0.8934700312095961,0.5982978308950149,0.8729106344182888,0.6898799917723704
922,28,26,13.0916,77.6946,0.11293085870019261,0.2686597863657587,0.17395981386784984,0.07933368968942114,0.8852146789346527,0.8026739078966594,0.029202477289743588,0.9802606061964166,1.7868561085015845e-12,0.21678141789186223,0.2617281452726063,0.07216756589801272,0.2501443205937368,0.5122993132408242,0.5323510227642807,0.3439487667905643,0.09380878224074907,0.0633113341691846
923,28,27,13.0916,77.7046,0.25585474517445816,0.1639779562484009,0.1606758219983435,0.10190677477982013,0.29961386207232665,0.7385416235256616,0.6708733718945771,0.5696545310520286,6.559775637496601e-13,0.18131357474273707,0.14154908264053015,0.05919673426391774,0.2439128209442797,0.9758326093916057,0.45480151953900333,0.9305583401649626,0.2025754066822654,0.9276639848357169
924,28,28,13.0916,77.7146,0.23303527491207063,0.10335147925605076,0.1712614737983443,0.10298510702935464,0.43214948199104847,0.1513007053530267,0.9865989696843983,0.80310885967813,2.1792139339615983e-13,0.20068167096289533,0.08413608369145663,0.23159855402583582,0.22443681422718537,0.24482741467178673,0.0982709846529776,0.27268450083582135,0.04978055590031367,0.7877460820739893
925,28,29,13.0916,77.7246,0.2071706821120387,0.23342213401425232,0.059239992246199004,0.18679485982702357,0.45101459083664036,0.03046852527860963,0.519539950789042,0.8092661412180868,6.551044253287764e-14,0.23112653407331193,0.13580928715154095,0.14462688474728064,0.14308983295659092,0.5663356481795678,0.4903425462843479,0.9942704687210571,0.34884738911696217,0.4138244165548607
926,28,30,13.0916,77.7346,0.21658900113951657,0.06084913300850691,0.15928341895970877,0.03782799213741756,0.6824294869277459,0.9644829730287899,0.4671915049062259,0.5185271574390243,1.781859538644812e-14,0.17755768751468984,0.07344849718258915,0.09697785781133517,0.0778358897358276,0.3302200630638675,0.5409066265813464,0.3485539847724371,0.9063523853609466,0.9328958762239475
927,28,31,13.0916,77.7446,0.031168425823118497,0.010529580951562612,0.11190964513331367,0.19593564020179288,0.8780262838764558,0.8513546561139194,0.5625558593873988,0.31108605099107073,4.383049146097783e-15,0.02826746694451514,0.15784329414307754,0.12330440257525949,0.20640722143668896,0.1679100701456009,0.9246572914898692,0.30167458912369893,0.9804553678900187,0.2798566229150043
928,29,0,13.1016,77.4346,0.13722507506259324,0.03940911680496801,0.15186780326861593,0.18017738913185666,0.5364115547925623,0.5249486001005298,0.433086326614936,0.926041812265279,1.7731742963761887e-11,0.18298991825689362,0.13921832392836977,0.12353650083261941,0.1435473336255291,0.04509572381249792,0.9947517963072018,0.7330368717643267,0.5188968251129777,0.8194233817193637
929,29,1,13.1016,77.4446,0.12146358672371615,0.04985265146699116,0.1064919384735857,0.18210305090961013,0.6466286172105665,0.2308913020392916,0.13855753072024324,0.569625148797998,1.5988788555572187e-11,0.09567777394632408,0.13348361806186046,0.07584682990649723,0.21639120404217818,0.30164652271228454,0.6256485208978438,0.9653682020325592,0.47970844612580893,0.8064009595491552
930,29,2,13.1016,77.4546,0.15171751419420615,0.03782365337489451,0.17146438884548748,0.22164157015614894,0.11365360389685206,0.2863877232923065,0.44428138663248506,0.32401807340473043,1.488288618515868e-11,0.02752186578836717,0.049594978731812824,0.20724510948968974,0.030778968674671597,0.6384577754563976,0.4349578021893079,0.8734866563392135,0.2845718993178467,0.42049176218582524
931,29,3,13.1016,77.4646,0.1348808140587004,0.11061608672462878,0.19759202598788864,0.21531663221483238,0.801619461113075,0.7375924201256085,0.4969927303334148,0.45913686743304466,1.498574618956875e-11,0.08657541284536918,0.09293694088243912,0.06874180077967061,0.15711582104792593,0.6082584940564708,0.10998730542379197,0.8952545863326732,0.00165652534312351,0.9682830660937607
932,29,4,13.1016,77.4746,0.09808156907301901,0.13360457390576372,0.19596985536831957,0.24287522707938175,0.24488152548507422,0.14381506424220203,0.894901725462682,0.14380277003444497,1.624851179615953e-11,0.06867330875631163,0.2273505448617263,0.17943140163472546,0.2075137725472836,0.24989001328497695,0.8692983357435454,0.1692227151355375,0.019056690529884898,0.22420805306636102
933,29,5,13.1016,77.4846,0.24992532160091452,0.24353040088087613,0.12269011857734635,0.14652168703404925,0.13542087520646962,0.09655825346778171,0.8056330243856771,0.416886161915969,1.802935038575545e-11,0.1653371714419379,0.07159733309892645,0.2127053375699841,0.11072503978310717,0.2367155794422391,0.8222971484498746,0.3572196612189732,0.2032307367576257,0.4570352735130413
934,29,6,13.1016,77.4946,0.06226664631448127,0.21843403561320138,0.15448104114850192,0.07695922859948166,0.24780543123295654,0.534704357765106,0.6225775104177939,0.6975653909072425,1.9401715302552686e-11,0.11514366707343224,0.19772360266544914,0.21298227664815828,0.17476239639227142,0.0738792325426315,0.05045291925543844,0.6435217540543579,0.9257942714855567,0.8708579836396921
935,29,7,13.1016,77.5046,0.09201257549671729,0.12777363731526709,0.1247937997616416,0.2629679726076239,0.9709993842144898,0.023051092776543613,0.8116323629497848,0.2549059061158965,1.9598514079638898e-11,0.1201220868521688,0.1909727276702218,0.1114885429764345,0.2133423437668671,0.5169774744888381,0.09949224974350679,0.8394908007638991,0.2155656658740232,0.5455567156873598
936,29,8,13.1016,77.5146,0.19383442885189084,0.13774691841916037,0.2599094313742296,0.17571712276420962,0.0315252922152548,0.455890750748493,0.8955081696584337,0.9434683222680315,1.837861544054303e-11,0.23910726790755124,0.14824257901329801,0.22615660000004292,0.21066912786378375,0.2111860143347526,0.1311168703231764,0.5977645699148149,0.8752101686767957,0.9402784725703835
937,29,9,13.1016,77.5246,0.14887767032426447,0.3088017938023286,0.1290094735934076,0.2583137267216484,0.1664297499214142,0.6645034031153015,0.5468848949248735,0.9364630099091887,1.6140991330385503e-11,0.2422786437510703,0.30105603438922063,0.2930858071350545,0.1539894342219852,0.5044269548467181,0.3922478518613219,0.002798177482409165,0.10008061785910796,0.017163421300746377
938,29,10,13.1016,77.5346,0.30466964771214394,0.309704639003492,0.22082043984738947,0.3193622243676963,0.5740920646597248,0.6356383120641156,0.7885231498985996,0.75263630837848,1.3743425410461118e-11,0.20041888790846565,0.2271105162565788,0.2455310972257167,0.1832246367807097,0.5090308965543342,0.6851601676436478,0.5616778805849778,0.7784358100718318,0.7979473836875334
939,29,11,13.1016,77.5446,0.25154568833272783,0.1635247850000549,0.14061669165242233,0.18895017949664342,0.5496944538562851,0.7103278789014995,0.5370414904825923,0.913787080913867,1.2128177313172892e-11,0.16905821803207097,0.1711873159384771,0.16885598991364262,0.26925429651961313,0.6138571687874795,0.49029112418552007,0.12890164761807768,0.9065593902383494,0.6305342130738917
940,29,12,13.1016,77.5546,0.24155203926654606,0.3216448086668163,0.2897985294916118,0.34652891248873724,0.4605412165031387,0.09645554505890315,0.13965579612188056,0.5205371301386483,1.193019586818835e-11,0.1659129327067332,0.33970500923915586,0.20885209825574244,0.2702859266888897,0.047842611616666995,0.22648276102568102,0.3285021172202743,0.2574595656494421,0.696929641356814
941,29,13,13.1016,77.5646,0.18131333813244876,0.35613939343748985,0.2127927709273516,0.28707476226094975,0.5377055362292514,0.7477937034414489,0.9825081638906709,0.32119109362641385,1.3222413213305403e-11,0.1824472336853895,0.2527320947264578,0.31818739925572986,0.3600005927283229,0.33773822068530035,0.8842759788863845,0.20334557897525574,0.482837696034288,0.66142695635925
942,29,14,13.1016,77.5746,0.2582615575275705,0.30999743955628856,0.3134882701642784,0.2348938076579676,0.7277077565819512,0.1889403245148203,0.33836484689324703,0.05221104120224639,1.5481273025702068e-11,0.3052210833875107,0.2685581362902445,0.17275390337285243,0.34999754006439987,0.7232870776352484,0.2455275652686506,0.6721504987252661,0.9681137232815382,0.30312528003268974
943,29,15,13.1016,77.5846,0.23859054763988316,0.2804158690997625,0.20154623854787254,0.33814606442765593,0.32854181189792353,0.8274040255874353,0.7088828923002113,0.736012070185467,1.7779561046935873e-11,0.1621523297206835,0.1779436604158912,0.2536089540357235,0.18102015546777578,0.6464869633587598,0.6806144245115969,0.008554492201828058,0.10708983124266688,0.2840176410872478
944,29,16,13.1016,77.5946,0.3550164042359621,0.2872321752189153,0.17322262078195694,0.2558708905206642,0.873872679702103,0.48142819236711504,0.9883106341367749,0.21089430381663038,1.9139826934408676e-11,0.2143248933381471,0.29765768229901635,0.3207758598120311,0.3505193136109973,0.11329307380747818,0.6434189494253449,0.32239398130400104,0.7946499600556348,0.17686726847791281
945,29,17,13.1016,77.6046,0.34746471531274487,0.30627066015408116,0.33695698119109685,0.35522155646803016,0.6417048519219618,0.11858804378239123,0.15607104637365762,0.3362249367874952,1.891111726897788e-11,0.35704921943034973,0.25956653493851584,0.2367049966723192,0.23039241470131677,0.04393842372636179,0.8561429175656721,0.16046994753600785,0.6750210465838482,0.5689805030090416
946,29,18,13.1016,77.6146,0.15510206784961536,0.33165757748447944,0.21710811778732586,0.3099403479627557,0.6537050014936743,0.3025565482809844,0.21655612018482492,0.6052060034383393,1.7001984435412505e-11,0.3172033955052836,0.29907100656190994,0.24769216480096132,0.2694853846407814,0.7778491568314331,0.5284999920152484,0.2295065104269819,0.7731431847171372,0.5751528583287079
947,29,19,13.1016,77.6246,0.22279513102313653,0.18220010231068678,0.16324878352805028,0.17686955087070771,0.9824616302283975,0.5092614009170693,0.5948825930539314,0.4695998525839036,1.386157622666754e-11,0.17772392806453582,0.1539859235945282,0.24782319514429751,0.24751235126482785,0.33368009962320583,0.5922637746750246,0.24971166289426744,0.048114601658822774,0.5241916918623253
948,29,20,13.1016,77.6346,0.24785156133238265,0.310162506428873,0.13461454348703078,0.1459721991313185,0.5689355024045061,0.9623758404695564,0.19138190850657955,0.3172338518211458,1.0235052021708187e-11,0.3066658516281282,0.2779601288626138,0.23798595022521699,0.26898952861309144,0.6535328052734667,0.8207124390964748,0.4582263793453562,0.7126656753412655,0.29661349518516633
949,29,21,13.1016,77.6446,0.17001593940316095,0.27451134319478365,0.2640982244742012,0.24339414996476474,0.5146277733933392,0.6747855964895062,0.7161900855245213,0.1302460826099701,6.8409409423679965e-12,0.24608368281657048,0.23818418510447417,0.14177946416978843,0.28753493312848893,0.5891814169663452,0.41193512943202776,0.15396603567175624,0.6740761952676032,0.7380486855533294
950,29,22,13.1016,77.6546,0.11680581028534265,0.13328114618055006,0.17312159977933972,0.20952663747770786,0.9730004601576682,0.35245504740157074,0.09688250244689474,0.773501319006258,4.13816398983903e-12,0.2926635374890893,0.30034260289130726,0.1679204582862952,0.19099797623987103,0.8128240897390324,0.6254899272156463,0.5763545542617344,0.525012564787014,0.3688803552423848
951,29,23,13.1016,77.6646,0.296053457019211,0.26450280184738506,0.14040861338471133,0.25335773121072047,0.100411715095554,0.7505267095335649,0.7649013909657587,0.17516777479924642,2.26534441009677e-12,0.10010980856035935,0.16449719890176778,0.14988123513542373,0.2516076609982098,0.7112232216638465,0.7912628480738286,0.7000218466862046,0.5268043738171214,0.12228554442400437
952,29,24,13.1016,77.6746,0.26941775427364123,0.25180988802078746,0.2500294474964392,0.12550453721708035,0.020673640960733222,0.9954607423698879,0.6779601120324571,0.17050069600788306,1.1222336313221223e-12,0.1707360562091364,0.08639397246212299,0.2565923501121457,0.16217261283165757,0.5560952838304454,0.7021988384365715,0.5072050240717185,0.7777693215681752,0.16676773916812254
953,29,25,13.1016,77.6846,0.16322471315243112,0.2118745048567729,0.175053116450109,0.2283369148403475,0.3286049819526405,0.5740629968570545,0.932304725833219,0.0868472130856543,5.030943832561315e-13,0.25064139746432984,0.1911799014812568,0.27157906823799205,0.269676484430975,0.5044458255133364,0.10455931675347642,0.735290087142109,0.9589998388699816,0.012562370836930714
954,29,26,13.1016,77.6946,0.17910687763435565,0.10333650736849045,0.22970575088967865,0.25578959642922383,0.07243694443368479,0.3284564554445097,0.9852060984840622,0.1464686625302379,2.0409324571150024e-13,0.1949394588541598,0.06586260768428397,0.08051660485277543,0.0585961704556536,0.9220120464696282,0.0026141622912349374,0.1644313723048866,0.35356319179842205,0.8298720807759603
955,29,27,13.1016,77.7046,0.09761252314988483,0.1891488332700286,0.14197561464058656,0.12628621066441473,0.8653540944594874,0.1344378542210512,0.8368028863393433,0.5004285208348536,7.492250527758549e-14,0.17925933190140886,0.06848644989142945,0.18764713358044985,0.1694987827804504,0.9703065655990168,0.6766101660154843,0.0820868431487858,0.5581506753403854,0.6253228050369118
956,29,28,13.1016,77.7146,0.2298250803578312,0.0755197611301163,0.20071996481504878,0.18082121468039064,0.5627569445324418,0.4119799097924017,0.5714885437140871,0.11977292687184662,2.4887034944544822e-14,0.11219022509858169,0.1197466280773429,0.0681964946871951,0.22325970205783277,0.7022318275400297,0.819252917227221,0.135929785699107,0.9120380788821449,0.07701761979194223
957,29,29,13.1016,77.7246,0.07285177956455911,0.11021993036424012,0.1169944945442303,0.13725189673773272,0.20085038235318273,0.2836969310363105,0.259510293353591,0.7623614294537141,7.478414483391898e-15,0.10921296030072737,0.1280824846210815,0.10467653634233344,0.22643314865165848,0.6235668262111108,0.9977721594819233,0.91630523575695,0.3556830258658929,0.5236095345563119
958,29,30,13.1016,77.7346,0.20964767809345874,0.15192577253777023,0.13454232289833115,0.10354542423038095,0.14704146388721803,0.516690448382105,0.5687709914340925,0.15011069655372747,2.030976085029893e-15,0.027164027945975194,0.06424971859859292,0.0712512510906533,0.099466091702891,0.0391917962148723,0.5044487426193668,0.8075292623418858,0.45141185705943154,0.12917982672502146
959,29,31,13.1016,77.7446,0.1979077322231843,0.08454468723090953,0.20615346688394873,0.10408306023578222,0.5819377381335686,0.5238404509260314,0.16358746096075227,0.6035721602206943,4.963466908707915e-16,0.181269986383011,0.1676066127108475,0.16652834628720248,0.11228593356410163,0.19772940666511105,0.6965279897853541,0.43651917227788983,0.16903381065909323,0.028980438526717365
960,30,0,13.1116,77.4346,0.05242624904168756,0.15173621236237825,0.16533569480135038,0.03156862461333783,0.006955232912314717,0.8216919692281599,0.2312652202755577,0.14533953507947003,1.8327968335344737e-12,0.18481440499819626,0.14693960171904843,0.1789717235371236,0.048484634328143754,0.8740255696806049,0.6293123323659221,0.9282380349491006,0.6047560287888298,0.5447334204216273
961,30,1,13.1116,77.4446,0.1105446539773466,0.06390143649776334,0.11431269021987886,0.10532094835913113,0.9626329788032207,0.09485277132549821,0.713731922223033,0.04724155857569753,1.6526403255389248e-12,0.19642816624700266,0.0,0.07113660287169067,0.0,0.08165584338174656,0.2174720905063272,0.5828056992997946,0.11224329149586472,0.07290162533638224
962,30,2,13.1116,77.4546,0.01576354028564849,0.1769963677850638,0.18006828802621985,0.16990123101526527,0.22574818204523214,0.418426014714242,0.36186799657688945,0.06544038075325422,1.538331248777341e-12,0.014231967362514395,0.21033338856250844,0.041897130972239335,0.08338680016235596,0.5399864187214838,0.5614499592982367,0.7650303001264718,0.4872669758522147,0.2876191502984305
963,30,3,13.1116,77.4646,0.2163214037781877,0.06536063378620598,0.17199997499260855,0.09895619390472352,0.9663056309434207,0.2942092491871155,0.46769803484734884,0.8145317197162517,1.5489631385845878e-12,0.017185798842061333,0.1813013139984911,0.03491064488932021,0.2113161658744983,0.3671646848001671,0.5644145648546752,0.3565479981545939,0.705281592544647,0.2942555289997667
964,30,4,13.1116,77.4746,0.14636405514625914,0.032223183498463474,0.055506087617209134,0.07327590326542992,0.09543995664803875,0.3082715099393995,0.6409321305660675,0.6553475469791388,1.6794860260630685e-12,0.04049204589703438,0.20865605104860893,0.056289767621610705,0.22917999595542277,0.2256052705281053,0.8340881345218388,0.7722054517882124,0.3398497266623523,0.9690415025553465
965,30,5,13.1116,77.4846,0.07696604248551542,0.20833258110706468,0.21310259354994052,0.1305228618276788,0.7834097468101633,0.9788793402484556,0.1247987549125662,0.42898293319708725,1.8635583460834998e-12,0.1545630302733473,0.16817273998386217,0.10569354993844295,0.16909613863831918,0.5789629955807186,0.3074362049453297,0.06687548895646798,0.03004670033156633,0.04444725013381282
966,30,6,13.1116,77.4946,0.15340959245045496,0.1317806226886761,0.10332099127823606,0.22268774137974484,0.02122001097065292,0.2645651900231356,0.6217404780720431,0.2314865470762188,2.005409716345441e-12,0.11387840665644551,0.23664503185689523,0.09406227994211189,0.04986439996279803,0.7274437430626073,0.14030938245503097,0.1848804162857148,0.5344436254110286,0.828657492560239
967,30,7,13.1116,77.5046,0.06142754387299114,0.20617745668472642,0.15421212317320648,0.25437340067864195,0.09974300418932826,0.07529445454244886,0.012446484284094684,0.35198243175333876,2.0257513731845723e-12,0.23416824627946517,0.20919667416653628,0.2492187436765231,0.19802477943454874,0.05058192900816827,0.18406648588717267,0.8070037881403305,0.6930017885421407,0.2502644078406703
968,30,8,13.1116,77.5146,0.2429185457080728,0.24833402130171311,0.2034341562228518,0.15811963485745337,0.008169661932320741,0.5863591406619972,0.845739580739265,0.1453097535450534,1.8996593320529373e-12,0.17226189188468427,0.09950030947062052,0.16865572570191592,0.20444142410497065,0.9155941974967904,0.8636738189146291,0.4038355879579197,0.5347419923622058,0.2782198659212341
969,30,9,13.1116,77.5246,0.25383042925070337,0.1736623200966579,0.13798322078681816,0.17861404719065707,0.5823070909198989,0.30339561812779975,0.39572463764933125,0.22248825011161996,1.6683724182940588e-12,0.08327931232506319,0.18532363327289028,0.08314811281907517,0.13415648233423708,0.1979911618035683,0.33848663981133376,0.24683008424099384,0.814018038648098,0.15640825483069568
970,30,10,13.1116,77.5346,0.20269825988436516,0.22933689081124978,0.21644880900705415,0.13391830653978035,0.30938710750885934,0.3277887446203932,0.8747517110806485,0.17026221883146175,1.420553484079162e-12,0.20251975851443774,0.13265534760950912,0.20799536863809398,0.18474036457555143,0.8952957456933406,0.9144648630463998,0.9795657739935355,0.1264670598371185,0.7441446339053618
971,30,11,13.1116,77.5446,0.17327756031805155,0.12607037786436215,0.2916326962018067,0.27252896219846845,0.795041097619889,0.3210647549715947,0.7199240784696146,0.5088374448123271,1.2535970477050582e-12,0.2995511850292214,0.23876748882912568,0.28523119509727907,0.2608344827024586,0.5472730216154262,0.6944932256076108,0.3386648803735561,0.5657013839534476,0.22121015314302162
972,30,12,13.1116,77.5546,0.29369183139003063,0.2628999075819003,0.1125192557257628,0.24819876168209762,0.9314132969557283,0.581567978818864,0.3445441947689863,0.6722287188216055,1.2331331470954187e-12,0.29895412769242596,0.24051101457720073,0.2914955229329812,0.275669907399927,0.5225548583309559,0.25879974175640935,0.7316537613575854,0.37178038466282715,0.20560097868487676
973,30,13,13.1116,77.5646,0.12141948782886937,0.1494776857670461,0.18731126186997876,0.2943753529172507,0.03823061006890364,0.6777135565067502,0.9199620625045006,0.9598445895334863,1.366700246368749e-12,0.25166513324882583,0.2084258264592286,0.23691076751519216,0.15590162975104205,0.14640147346605464,0.4717811746162666,0.7229625030225192,0.06536772409996126,0.9277646595757923
974,30,14,13.1116,77.5746,0.30611524249569383,0.2695439205920735,0.27609543716525564,0.24049572377260897,0.7353137565144965,0.3895446728912332,0.3645711010071874,0.8817946721775348,1.6001821400664415e-12,0.3108894824454084,0.2824945410212527,0.3227155808293776,0.21745763082219075,0.22986581461705785,0.544276726890202,0.9096347346534621,0.039434543886645274,0.500628854568453
975,30,15,13.1116,77.5846,0.14736113851181265,0.2746540030503596,0.3255218401256841,0.18093376094857447,0.43811502456701734,0.5813547168288762,0.18155939151326142,0.31484066238820035,1.8377394406635966e-12,0.28503661866521895,0.26353199101766184,0.28132382943112944,0.2415728728264758,0.6711644388966319,0.7875320844941799,0.8073927466679063,0.14851405682835186,0.7277347592574525
976,30,16,13.1116,77.5946,0.25983017837027333,0.17697291992433448,0.14397326258990673,0.14128631304688186,0.8560253729951549,0.0605777136552779,0.9493190106754678,0.1915528941264494,1.9783402223484753e-12,0.2611105540949065,0.22385118174426646,0.15171301109648944,0.21698674679566865,0.19652254155539026,0.6529310155481041,0.28123007625228535,0.32021328386622333,0.9683686004324469
977,30,17,13.1116,77.6046,0.1898042847038287,0.2468252558087719,0.1719390608781468,0.23714207239651197,0.06209823164238751,0.855421279585953,0.6848901411808269,0.6073489195368901,1.954700169301046e-12,0.19563579565110437,0.3066093568554144,0.26294469804518167,0.29682870658500043,0.3924396107526177,0.405882547017233,0.8916633636693503,0.33516588809977577,0.20069138110757118
978,30,18,13.1116,77.6146,0.27139532582066367,0.22287960310730978,0.1369697990263351,0.23162684845785914,0.5142160569637919,0.3703929156116424,0.7354552120181673,0.950138870566142,1.7573670072982645e-12,0.20906116377895212,0.18130599645228618,0.2901233668881448,0.29501812422165274,0.8540182575814372,0.11367335014035523,0.1797341886559179,0.5377233987483329,0.5042807469663096
979,30,19,13.1116,77.6246,0.21951178827582027,0.19712846339768514,0.19925885656517714,0.26613129877992886,0.5732411098280973,0.36198749545304904,0.16779003693991695,0.6245386040393605,1.43276587378056e-12,0.2937677512012354,0.12199710611153489,0.15170631628299228,0.21427538907798896,0.5791593296844998,0.0036747197798345575,0.8668245364962386,0.7146750615875422,0.7823152285865623
980,30,20,13.1116,77.6346,0.19120529540536052,0.29579247721629603,0.19532772234702053,0.21856109522136527,0.6513715794994938,0.5859807629834415,0.7639780191872001,0.7896828918596412,1.057918468789977e-12,0.12034862185035711,0.28488529688400954,0.3022441575859442,0.22860069610022984,0.5399025805505545,0.07485297550370536,0.14946572466869798,0.543625848269061,0.3122018707821758
981,30,21,13.1116,77.6446,0.12447065374565919,0.17157235090379988,0.09672993403390667,0.1416902740524495,0.76463780210177,0.2938215721388925,0.2378218050154828,0.5446171866336513,7.070939165642987e-13,0.29724615849885416,0.23837466039964256,0.2576051675034932,0.23033237675327634,0.4264509599974197,0.5794570745902645,0.2003366300647126,0.40107813539755877,0.4052138113670035
982,30,22,13.1116,77.6546,0.09605276879467582,0.25628706640797067,0.14043094162533593,0.2612655979476817,0.2610064684284087,0.2502050658675596,0.38272052337609014,0.7177517945322981,4.2772753992785626e-13,0.28691172344783983,0.2350417106318084,0.26459106465219207,0.16533356374466487,0.11402963670640773,0.2318229488105505,0.9934394598056703,0.9142039439491896,0.1499901852598324
983,30,23,13.1116,77.6646,0.1421989349620794,0.14836934833521953,0.105255586981195,0.27724316507167585,0.42731778733048825,0.2875829165485118,0.2830151833154805,0.7645458118667378,2.341478146024578e-13,0.11588038741915604,0.10348609535128277,0.24674068945774952,0.23255279296729797,0.17441255963879537,0.6877047951498423,0.24116541256615276,0.7496578696527885,0.2919032943606459
984,30,24,13.1116,77.6746,0.22743241765112082,0.12190460260680955,0.18985186512198723,0.2615835690569909,0.11294885138557173,0.6074464667859196,0.4520305084675235,0.981998637930797,1.1599277555585026e-13,0.24020996893644395,0.16763187640182006,0.25558874494942113,0.09278347092775309,0.5352738928398812,0.7076021558030475,0.7682576248447833,0.22081124678485345,0.24477315232072344
985,30,25,13.1116,77.6846,0.09031229371589024,0.08402625503197002,0.17554207303504482,0.06714533245525117,0.15920263240504123,0.051021527462742196,0.5221528716686465,0.8021412907329145,5.199685898427998e-14,0.1748695849158653,0.10513802056622254,0.15500661088007114,0.1276986918557615,0.5541738555326201,0.5387892497018255,0.7311498206724761,0.46981228474501313,0.960006785450454
986,30,26,13.1116,77.6946,0.05385044187476452,0.17243451147310992,0.1664361870903371,0.12500633474361378,0.2045881892347554,0.3548645736635814,0.017585458945157575,0.4868445186560708,2.1091288205360086e-14,0.1736447814887641,0.18995007054492213,0.23120849376701144,0.1829715716560678,0.9316642368532545,0.5509710173818122,0.7688363883720672,0.11354543036845602,0.7148969337402233
987,30,27,13.1116,77.7046,0.11252424259109065,0.2283699943727057,0.2127198311668875,0.09681229231940769,0.8126833098022662,0.6099731478444483,0.43443725852352305,0.8676997512384621,7.739849164597405e-15,0.06534675069364555,0.22056364431490275,0.17063108860087717,0.019496078546937006,0.045991586154062736,0.4377770496667984,0.7542041936582932,0.8023629145545939,0.8308158400420851
988,30,28,13.1116,77.7146,0.1417565136278876,0.21903710295403614,0.029127806869078076,0.09643123167065172,0.6181366070159302,0.6498679401096333,0.7732537679713022,0.26191589760876516,2.5680468680141426e-15,0.20124355463454752,0.14960344112800925,0.06296624216044376,0.13502008710073873,0.7328923834413786,0.3663202673146838,0.22289952322963932,0.6540119928501456,0.3019910219234938
989,30,29,13.1116,77.7246,0.07901006666015316,0.11736285104046018,0.14063780325053019,0.20487643536983552,0.35192798874498776,0.9438190046900417,0.07896022546264794,0.7937561105884958,7.68644510405363e-16,0.0508712536862064,0.08621994391123365,0.11842017062006233,0.08083577777108818,0.9223174091711839,0.6508973614313819,0.3925963139417459,0.3190949138145815,0.7804396023825618
990,30,30,13.1116,77.7346,0.055728014228372,0.15011632254785112,0.09892284286788457,0.00866976680172269,0.8243089007636852,0.08760951002447195,0.5160746940820408,0.9103984896465009,2.0558246199006607e-16,0.13069997783779427,0.020997473149334242,0.024750935240422513,0.15965811803212174,0.4687656563667864,0.6784018550528315,0.19528066277652795,0.6449892947668531,0.6244645505578237
991,30,31,13.1116,77.7446,0.04370337117456462,0.11513548409653618,0.021834263515187403,0.1487460008614916,0.24512813920726606,0.8871151540387262,0.5500299568924376,0.5694120471092521,4.6958994032472705e-17,0.136667080179053,0.19232378519335888,0.003006704833026158,0.02403300570094697,0.34368715678864126,0.686777190942417,0.645269192519242,0.7882785473079503,0.2921573167366505
992,31,0,13.1216,77.4346,0.017198019708757527,0.0,0.11691805213752113,0.10347434127577289,0.20787213558324916,0.9164022853519712,0.8508918717928282,0.7700421003397787,1.7142843892850647e-13,0.1704401019967872,0.06020499555770462,0.19696177926791328,0.0842988688502452,0.13181066957639542,0.26569606398919876,0.7983703264608433,0.6703801145057536,0.34249776777292834
993,31,1,13.1216,77.4446,0.006542175044368229,0.08913434949331482,0.1686268629307349,0.151370099400239,0.25612259403231197,0.9664223581038395,0.3389832769787698,0.10346196784858783,1.545772857201442e-13,0.16666622394204306,0.010646415389652731,0.06720762007934154,0.08798844635126984,0.984344265712016,0.2349367279686125,0.025246558027405334,0.5150497378980541,0.16719469829167705
994,31,2,13.1216,77.4546,0.06426680944204656,0.04827214682145148,0.11613705475078706,0.18092424168766763,0.09595459962821799,0.41756392723808483,0.07393307352249226,0.08480859690154977,1.4388525029468243e-13,0.0,0.10690779989786202,0.012052786920349013,0.10694363266144073,0.564437658640341,0.8266843363849415,0.5943325500985901,0.6608790793728364,0.6401297441669049
995,31,3,13.1216,77.4646,0.0144295856977477,0.1352866046513239,0.10392493657080482,0.04423257251467136,0.9306141088271468,0.5519503455938275,0.7537390968191521,0.8685423950666625,1.4487971675070817e-13,0.13153724486167387,0.11543500617272866,0.21145314331429,0.0038168113184457574,0.09719399162698929,0.871578137276044,0.7055820148171935,0.07680931742869519,0.6046249316981799
996,31,4,13.1216,77.4746,0.038689879317477145,0.1473076672586964,0.03673431324303693,0.18456678608273486,0.2578746747117037,0.6133118236808435,0.9924651602083957,0.6145154141281916,1.5708833024221826e-13,0.1157465601254235,0.08485593969980099,0.10508400209968481,0.025129697746542508,0.4732254715122267,0.30476995688781017,0.00386237638281571,0.3410197466104269,0.08720758117644829
997,31,5,13.1216,77.4846,0.056164712393560426,0.07238116669906042,0.13931613797354156,0.10496718902946649,0.8661679178841909,0.18427730555278274,0.13367335211763823,0.4240292353498937,1.7430575358481356e-13,0.2027520193307876,0.14570869396244737,0.13023496901900683,0.03741621866047514,0.593720132532583,0.10559993031762092,0.24186240363548736,0.056812821610700205,0.005703934362821684
998,31,6,13.1216,77.4946,0.04565181842275617,0.038406481607136986,0.029211546770495662,0.08028379127660167,0.623784463990876,0.015876819241455377,0.9685473857712441,0.6020890838631483,1.8757399018473187e-13,0.11941639635018492,0.16916876348592866,0.19958167950127612,0.09311366414868685,0.6530843098227256,0.027852819876384816,0.5356571187523073,0.6855587000851172,0.7411852802646587
999,31,7,13.1216,77.5046,0.15742599956124434,0.2440972678208794,0.17092877541643037,0.12943477403645762,0.07075099665437189,0.38928927239246486,0.3404417526048693,0.04228710852327318,1.8947667124644852e-13,0.24076915986243175,0.1670372820821983,0.18230967416574617,0.16054650243632904,0.44083709976088314,0.8526564106359255,0.5015470569698423,0.8108625914227909,0.5330129524807473
1000,31,8,13.1216,77.5146,0.057674191840368434,0.1369391624726699,0.10421312906676235,0.13812405852809323,0.6433602073182779,0.3897535654929829,0.9085752983474535,0.28138964537323435,1.776825022369286e-13,0.17003688735766714,0.08289755535017014,0.25302531349719337,0.23806809097192125,0.7201742147196544,0.7092445146327361,0.4956880810029209,0.6542814956041528,0.6379897032026977
1001,31,9,13.1216,77.5246,0.2318801386585672,0.23460668128978118,0.20369050523309018,0.24069154373755017,0.928109679132164,0.8020608367829507,0.7473047846452266,0.14600534461309794,1.560488057238033e-13,0.25306061638441835,0.15520301809647208,0.13689144955409402,0.08482592863175435,0.584790729107375,0.3747906908772605,0.813434662393936,0.44832003915797936,0.37171151154163495
1002,31,10,13.1216,77.5346,0.05945198216627968,0.1975400631169415,0.2607663344871396,0.17244983111863854,0.3819593531246097,0.1083468168075141,0.49137189906731327,0.11470214242044136,1.3286876701828337e-13,0.1467122106201318,0.09204781844972412,0.08602319788504156,0.14067659880631542,0.3623571621695017,0.9647683401433239,0.060434162219060394,0.04777114290815142,0.8302107784488728
1003,31,11,13.1216,77.5446,0.26976772965293344,0.17726825881322908,0.10733001230503461,0.09029249026060182,0.818014385893027,0.41988061771396845,0.06291489053284842,0.08110095803855116,1.1725229820588914e-13,0.1224197499927766,0.1791487884896626,0.28328194263078815,0.0785145188503439,0.11699727940090683,0.6693132365540634,0.9324120883683704,0.18679355769064837,0.6733850983025821
1004,31,12,13.1216,77.5546,0.09901307241301284,0.15787753792616951,0.2327931619527683,0.27953953862068254,0.03779860281616912,0.9965849843237122,0.5686726111855194,0.37469101703146684,1.1533818292773186e-13,0.2396978710288645,0.2012297997833657,0.10286793466880771,0.2887026393100298,0.1436819580850201,0.5291101008615682,0.43076492122808985,0.43542595478325596,0.9152717959610073
1005,31,13,13.1216,77.5646,0.2018704281106503,0.16047654221674326,0.16561028711984216,0.27066356050647744,0.9615023180003299,0.9088918174718832,0.6516033538601391,0.11085160781128896,1.2783154038949546e-13,0.1463574900039432,0.23735055581550185,0.18795274486838903,0.08797720617167802,0.6516666949772582,0.4342111873238022,0.21863501739002592,0.21882334522504462,0.34481756641275746
1006,31,14,13.1216,77.5746,0.21715828237190274,0.20042698795564542,0.1457152972785787,0.21882608934994485,0.03470803876304983,0.2929633529133232,0.7496373812266791,0.48385828547352755,1.4967054696135633e-13,0.1129933187954829,0.2276120072569526,0.23647840363960532,0.20699644645345344,0.9874691673406947,0.8383014428148765,0.02619114608023089,0.523376812120576,0.09571315008102611
1007,31,15,13.1216,77.5846,0.22600201085254126,0.29254438762561114,0.17867903605803045,0.09608362564666775,0.973864476454017,0.1333270195914051,0.7376973503411033,0.5686760962217376,1.7189075156382778e-13,0.1736542885552898,0.251190908162738,0.20887578146518637,0.24132100650474192,0.34083791087590465,0.9450424246254084,0.4329789763396551,0.4626891405939099,0.6910519195984701
1008,31,16,13.1216,77.5946,0.22610033860484818,0.1257434002958848,0.29341560459931076,0.27095390938258707,0.7710289293369248,0.6476103242918317,0.1298184308504597,0.08539406156254781,1.8504201287405382e-13,0.22693059586757527,0.18369781502273086,0.11588869063547143,0.26016627327027186,0.12355605310040382,0.30822181734842674,0.45901128789926027,0.0577046933379094,0.4938326889747434
1009,31,17,13.1216,77.6046,0.1341697392508466,0.2413927763069173,0.10663168530383507,0.1420694678968469,0.8699413193584592,0.789241092876752,0.97479142797151,0.3780345181044098,1.828308124007089e-13,0.22904794957399208,0.103774807346342,0.1349498521972843,0.29590852956024094,0.3500683013098234,0.1362447625259933,0.802554238082393,0.9608858814963499,0.4395887651452743
1010,31,18,13.1216,77.6146,0.2523717059136229,0.22707697144628625,0.09581840480298229,0.1185170530190513,0.7967216581779507,0.318443028430736,0.09296496320791836,0.42853027136809446,1.6437302043417142e-13,0.08718141252911564,0.14031136115375617,0.2685610251249129,0.15743727341422764,0.715004881828908,0.3933566688820392,0.631413567048598,0.9099964387124764,0.6347540690703724
1011,31,19,13.1216,77.6246,0.25819844161898,0.0840464235534946,0.26641683322182813,0.13726378030880484,0.2176368544858774,0.5204002367525485,0.10136336583495664,0.4394872438133508,1.340110674113587e-13,0.07752557461420485,0.10353468266137043,0.15984658900951798,0.14875398843402507,0.10534395685336974,0.7777197128037164,0.8964024213837781,0.5158906479333977,0.25742450745254064
1012,31,20,13.1216,77.6346,0.08836502422913482,0.0984020869727537,0.07913004750563393,0.10957388041893276,0.3171319094811976,0.9155948875221842,0.18877547081851273,0.38975087379300627,9.894926963600748e-14,0.26507544067840605,0.24653073776506965,0.23824292269632802,0.08491659225105389,0.13920150290378364,0.2471867253045104,0.13620331308555683,0.11363265502179298,0.5896667655572991
1013,31,21,13.1216,77.6446,0.17847483005227247,0.23130424648647382,0.1739933732798582,0.2478532771788446,0.264644554618896,0.8764518696890389,0.56183676817787,0.9743582337651758,6.61344779607817e-14,0.2487972353901509,0.2455287413513317,0.18049420431803642,0.06134007369947156,0.1532676616622712,0.12948955102746934,0.20085475140385173,0.355249059577313,0.45095813886373554
1014,31,22,13.1216,77.6546,0.08469259228217303,0.0788106452973686,0.08174135901777077,0.06008338033013005,0.27389170753616787,0.5859968071693379,0.23819265604028372,0.3244457419770722,4.0003611713740363e-14,0.131089310717915,0.19146914262034212,0.17425500591420462,0.057434098851395506,0.3037369854760006,0.10709982431165664,0.7775442892426687,0.37454031526192844,0.09649934834909898
1015,31,23,13.1216,77.6646,0.22958469779723448,0.09048069798398449,0.2451053183864057,0.08298919130832481,0.11673205286302922,0.6629715692168818,0.1265895245469555,0.0763250566458203,2.1896901910220008e-14,0.21465457954882586,0.1452339801445703,0.22995782033268533,0.10990266178081229,0.8304201627980513,0.48408775022948863,0.8972415477437453,0.777314481357478,0.792015569506696
1016,31,24,13.1216,77.6746,0.0603676921811493,0.22463608957815692,0.124148914212066,0.206892580764923,0.5734983264581428,0.06872891568020657,0.486408597711332,0.6664682163838155,1.084512982900479e-14,0.22288556112495264,0.04026805186840572,0.04593324277186171,0.15661660969992913,0.04605675856411954,0.784480406137921,0.8878545928880851,0.20878051879691792,0.9109838982144352
1017,31,25,13.1216,77.6846,0.1683276714621157,0.07770467258669571,0.09334017420684615,0.23283524743650044,0.1913685649603728,0.5443776424061689,0.46651252061266696,0.5024255654914059,4.8591956717788795e-15,0.12113063987396358,0.04245658437176073,0.05782211867183332,0.2200852592478042,0.5837776461450346,0.8625381709370834,0.3703130425713668,0.5680097253315927,0.2084006384095276
1018,31,26,13.1216,77.6946,0.2031064496373302,0.02359454915246264,0.04550553725339352,0.13720564497920482,0.8731024820370453,0.805001504455452,0.7008694456491571,0.11380453007574245,1.9684063576324322e-15,0.12903156553882222,0.17665607057842803,0.1751966012490202,0.09336094357607011,0.4682423499260934,0.018053762565891442,0.6401297892871636,0.6023148794052642,0.7148259126879727
1019,31,27,13.1216,77.7046,0.041334330367791695,0.0825614168248088,0.027932184851373013,0.12660497246861882,0.1772141942774101,0.6625888014936265,0.5623886769667829,0.8132352659385771,7.195636300993203e-16,0.17130109621261108,0.16427634020143136,0.03432503240517288,0.02366092405581712,0.955465304394352,0.9896429922396317,0.6584499081270146,0.47962501902236215,0.4100751677524035
1020,31,28,13.1216,77.7146,0.11374057098058053,0.019456695888805428,0.16728713689671562,0.10329724745495601,0.8895808187381067,0.6680786677679945,0.19067295574058593,0.9542443868772756,2.358129522429422e-16,0.07857789598778787,0.20880010237905033,0.1706695153711387,0.1349340023560393,0.6015472887381943,0.6328298976685454,0.21570598627349244,0.29179788088352704,0.6044039789417845
1021,31,29,13.1216,77.7246,0.05201302236338121,0.20513685365697493,0.16254568880143422,0.06857506012142435,0.35302071701237797,0.2818687654323953,0.6142730861084735,0.9387845420696495,6.750371296581817e-17,0.192151142119354,0.20142155867595515,0.11862931462949532,0.2063595426409228,0.3722183044437423,0.3271692981097053,0.8160741914458207,0.9387153473705796,0.647266300413963
1022,31,30,13.1216,77.7346,0.16956462134463932,0.06158793204941696,0.03777923293630395,0.19310852281219065,0.704018887430029,0.15387662499817684,0.670376424244815,0.9142176615917554,1.483703470241123e-17,0.025505630079539238,0.005495853223380495,0.08232035493593018,0.06958931943153505,0.9454014925069097,0.23142052457385692,0.4069442339886898,0.1996614492245956,0.4548334337580195
1023,31,31,13.1216,77.7446,0.054701357706913374,0.08755247449276984,0.06897207964743673,0.1976412041155888,0.49064608138857024,0.3628432317359225,0.22063980441053632,0.06161144549633699,0.0,0.036237050691029435,0.15616256713854704,0.02729108358388783,0.11279061578901015,0.5309956221060871,0.8841705110981051,0.5286623452363879,0.4675196990577296,0.48825911387462334
